Date,Item_ID,Item_Type,Item_Name,Current_Stock,Min_Required,Max_Capacity,Unit_Cost,Avg_Usage_Per_Day,Restock_Lead_Time,Vendor_ID,Needs_Reorder,Days_Until_Stockout,Inventory_Value,Stock_Status,tenant_id,nama_rs,kelas_rs
2024-10-01,105,Consumable,Ventilator,2159,264,1018,4467.55,146,17,V001,False,14.787671232876713,9645440.450000001,Warning,T001,RSUD dr. Soetomo,A
2024-10-02,100,Equipment,Ventilator,3482,656,3556,5832.29,74,12,V001,False,47.054054054054056,20308033.78,Safe,T001,RSUD dr. Soetomo,A
2024-10-03,103,Equipment,Surgical Mask,3319,384,5562,16062.98,634,6,V001,False,5.235015772870662,53313030.62,Warning,T001,RSUD dr. Soetomo,A
2024-10-04,103,Consumable,Surgical Mask,2853,438,1131,744.1,279,15,V002,False,10.225806451612904,2122917.3000000003,Warning,T001,RSUD dr. Soetomo,A
2024-10-05,107,Equipment,IV Drip,3374,338,1013,15426.53,213,12,V003,False,15.84037558685446,52049112.22,Safe,T001,RSUD dr. Soetomo,A
2024-10-06,109,Equipment,IV Drip,3161,402,1715,15246.06,521,26,V002,False,6.067178502879079,48192795.66,Warning,T001,RSUD dr. Soetomo,A
2024-10-07,103,Consumable,IV Drip,542,210,3765,1631.28,279,24,V003,False,1.9426523297491038,884153.76,Warning,T001,RSUD dr. Soetomo,A
2024-10-08,105,Equipment,IV Drip,172,502,2161,16620.81,347,11,V002,True,0.4956772334293948,2858779.3200000003,Critical,T001,RSUD dr. Soetomo,A
2024-10-09,102,Consumable,Ventilator,1106,751,1801,3441.26,22,20,V001,False,50.27272727272727,3806033.56,Safe,T001,RSUD dr. Soetomo,A
2024-10-10,104,Equipment,Gloves,3427,28,1314,2729.08,564,5,V002,False,6.076241134751773,9352557.16,Safe,T001,RSUD dr. Soetomo,A
2024-10-11,107,Equipment,Surgical Mask,4831,12,2292,3328.44,217,21,V001,False,22.262672811059907,16079693.64,Safe,T001,RSUD dr. Soetomo,A
2024-10-12,106,Consumable,Surgical Mask,6314,207,4298,55.66,343,8,V003,False,18.408163265306122,351437.24,Safe,T001,RSUD dr. Soetomo,A
2024-10-13,108,Consumable,X-ray Machine,4617,231,3736,10669.37,329,2,V001,False,14.033434650455927,49260481.29000001,Safe,T001,RSUD dr. Soetomo,A
2024-10-14,108,Consumable,Gloves,1105,515,4238,7379.83,310,24,V002,False,3.564516129032258,8154712.15,Warning,T001,RSUD dr. Soetomo,A
2024-10-15,101,Consumable,Gloves,6607,239,2184,2865.49,267,24,V003,False,24.745318352059925,18932292.43,Safe,T001,RSUD dr. Soetomo,A
2024-10-16,106,Equipment,Surgical Mask,4851,622,4936,17374.64,560,25,V002,False,8.6625,84284378.64,Warning,T001,RSUD dr. Soetomo,A
2024-10-17,107,Equipment,Gloves,652,372,3426,10124.28,143,26,V002,False,4.559440559440559,6601030.5600000005,Warning,T001,RSUD dr. Soetomo,A
2024-10-18,107,Consumable,X-ray Machine,3374,167,3633,6974.49,238,6,V002,False,14.176470588235293,23531929.259999998,Safe,T001,RSUD dr. Soetomo,A
2024-10-19,108,Consumable,Ventilator,647,165,2450,10654.65,674,23,V001,False,0.9599406528189911,6893558.55,Warning,T001,RSUD dr. Soetomo,A
2024-10-20,101,Equipment,IV Drip,6044,667,3215,16184.33,80,18,V003,False,75.55,97818090.52,Safe,T001,RSUD dr. Soetomo,A
2024-10-21,105,Equipment,X-ray Machine,319,452,3288,3419.11,618,17,V002,True,0.5161812297734628,1090696.09,Critical,T001,RSUD dr. Soetomo,A
2024-10-22,109,Consumable,IV Drip,4077,405,2109,17313.6,505,17,V001,False,8.073267326732672,70587547.19999999,Warning,T001,RSUD dr. Soetomo,A
2024-10-23,108,Consumable,Surgical Mask,3088,315,3900,11709.1,529,1,V002,False,5.837429111531191,36157700.800000004,Safe,T001,RSUD dr. Soetomo,A
2024-10-24,109,Consumable,Ventilator,3527,338,1419,12310.83,560,19,V003,False,6.298214285714286,43420297.41,Warning,T001,RSUD dr. Soetomo,A
2024-10-25,104,Equipment,X-ray Machine,3822,354,4914,11771.05,462,4,V001,False,8.272727272727273,44988953.099999994,Safe,T001,RSUD dr. Soetomo,A
2024-10-26,103,Consumable,Gloves,2940,525,4644,4426.77,42,2,V002,False,70.0,13014703.8,Safe,T001,RSUD dr. Soetomo,A
2024-10-27,100,Equipment,Ventilator,1169,634,2523,3695.18,575,7,V002,False,2.0330434782608697,4319665.42,Warning,T001,RSUD dr. Soetomo,A
2024-10-28,103,Consumable,X-ray Machine,6005,21,1823,9547.31,12,21,V001,False,500.4166666666667,57331596.55,Safe,T001,RSUD dr. Soetomo,A
2024-10-29,105,Consumable,Ventilator,1060,835,1153,7127.18,89,1,V003,False,11.910112359550562,7554810.800000001,Safe,T001,RSUD dr. Soetomo,A
2024-10-30,100,Equipment,Surgical Mask,1981,444,1004,4817.11,148,9,V003,False,13.385135135135135,9542694.91,Safe,T001,RSUD dr. Soetomo,A
2024-10-31,102,Consumable,Gloves,6860,665,867,11625.6,634,25,V003,False,10.82018927444795,79751616.0,Warning,T001,RSUD dr. Soetomo,A
2024-11-01,103,Consumable,IV Drip,4501,963,1517,17123.76,358,7,V001,False,12.572625698324023,77074043.75999999,Safe,T001,RSUD dr. Soetomo,A
2024-11-02,108,Consumable,IV Drip,1222,141,1277,11138.18,338,12,V001,False,3.6153846153846154,13610855.96,Warning,T001,RSUD dr. Soetomo,A
2024-11-03,101,Equipment,IV Drip,3185,896,3727,18130.51,321,5,V002,False,9.922118380062305,57745674.349999994,Safe,T001,RSUD dr. Soetomo,A
2024-11-04,103,Equipment,X-ray Machine,6868,966,1497,14336.04,68,22,V001,False,101.0,98459922.72,Safe,T001,RSUD dr. Soetomo,A
2024-11-05,103,Consumable,Ventilator,972,945,5657,18008.8,504,6,V002,False,1.9285714285714286,17504553.599999998,Warning,T001,RSUD dr. Soetomo,A
2024-11-06,103,Consumable,Gloves,195,520,4602,4034.61,88,8,V001,True,2.215909090909091,786748.9500000001,Critical,T001,RSUD dr. Soetomo,A
2024-11-07,107,Consumable,Gloves,3277,991,3886,11746.94,124,24,V003,False,26.427419354838708,38494722.38,Safe,T001,RSUD dr. Soetomo,A
2024-11-08,100,Equipment,X-ray Machine,5243,167,5193,7093.88,69,26,V003,False,75.98550724637681,37193212.84,Safe,T001,RSUD dr. Soetomo,A
2024-11-09,101,Consumable,Gloves,6726,959,5623,14874.23,239,20,V001,False,28.14225941422594,100044070.98,Safe,T001,RSUD dr. Soetomo,A
2024-11-10,109,Consumable,Gloves,4540,77,4318,8997.87,640,11,V001,False,7.09375,40850329.800000004,Warning,T001,RSUD dr. Soetomo,A
2024-11-11,109,Equipment,Ventilator,3788,578,3839,8243.92,213,6,V003,False,17.784037558685448,31227968.96,Safe,T001,RSUD dr. Soetomo,A
2024-11-12,100,Consumable,Ventilator,3423,213,2961,2860.0,97,6,V003,False,35.28865979381443,9789780.0,Safe,T001,RSUD dr. Soetomo,A
2024-11-13,104,Equipment,Ventilator,4063,385,5319,7091.41,36,5,V001,False,112.86111111111111,28812398.83,Safe,T001,RSUD dr. Soetomo,A
2024-11-14,107,Consumable,X-ray Machine,2040,89,5902,13356.24,648,29,V003,False,3.1481481481481484,27246729.599999998,Warning,T001,RSUD dr. Soetomo,A
2024-11-15,103,Consumable,X-ray Machine,612,311,4676,10175.7,539,11,V001,False,1.1354359925788498,6227528.4,Warning,T001,RSUD dr. Soetomo,A
2024-11-16,102,Equipment,X-ray Machine,2425,612,1687,10382.88,510,26,V001,False,4.754901960784314,25178483.999999996,Warning,T001,RSUD dr. Soetomo,A
2024-11-17,107,Equipment,Gloves,357,89,2088,12963.49,373,13,V001,False,0.9571045576407506,4627965.93,Warning,T001,RSUD dr. Soetomo,A
2024-11-18,102,Consumable,IV Drip,3009,235,5509,5517.11,171,17,V001,False,17.596491228070175,16600983.989999998,Safe,T001,RSUD dr. Soetomo,A
2024-11-19,100,Consumable,Gloves,6590,21,5808,4415.31,185,26,V001,False,35.62162162162162,29096892.900000002,Safe,T001,RSUD dr. Soetomo,A
2024-11-20,100,Equipment,Ventilator,3312,513,1469,19355.19,54,6,V001,False,61.333333333333336,64104389.279999994,Safe,T001,RSUD dr. Soetomo,A
2024-11-21,104,Equipment,IV Drip,4150,143,4695,2757.06,559,14,V002,False,7.4239713774597496,11441799.0,Warning,T001,RSUD dr. Soetomo,A
2024-11-22,105,Equipment,Surgical Mask,5219,936,5517,1620.42,378,12,V001,False,13.806878306878307,8456971.98,Safe,T001,RSUD dr. Soetomo,A
2024-11-23,105,Consumable,IV Drip,5379,196,2163,14073.16,451,23,V001,False,11.926829268292684,75699527.64,Warning,T001,RSUD dr. Soetomo,A
2024-11-24,106,Consumable,Ventilator,3028,590,3726,12942.68,55,11,V002,False,55.054545454545455,39190435.04,Safe,T001,RSUD dr. Soetomo,A
2024-11-25,108,Consumable,Ventilator,3060,325,1063,7419.78,176,8,V003,False,17.386363636363637,22704526.8,Safe,T001,RSUD dr. Soetomo,A
2024-11-26,104,Consumable,Ventilator,301,554,835,1536.19,467,1,V001,True,0.6445396145610278,462393.19,Critical,T001,RSUD dr. Soetomo,A
2024-11-27,101,Consumable,Ventilator,678,815,2831,5590.96,639,25,V001,True,1.0610328638497653,3790670.88,Critical,T001,RSUD dr. Soetomo,A
2024-11-28,104,Equipment,Surgical Mask,2825,181,2680,1244.96,387,17,V002,False,7.299741602067184,3517012.0,Warning,T001,RSUD dr. Soetomo,A
2024-11-29,109,Consumable,IV Drip,1789,647,3930,19782.43,575,28,V003,False,3.111304347826087,35390767.27,Warning,T001,RSUD dr. Soetomo,A
2024-11-30,108,Consumable,Surgical Mask,1509,326,2651,13908.3,455,24,V001,False,3.3164835164835167,20987624.7,Warning,T001,RSUD dr. Soetomo,A
2024-12-01,101,Consumable,Gloves,1747,567,2789,8638.15,514,25,V001,False,3.3988326848249026,15090848.049999999,Warning,T001,RSUD dr. Soetomo,A
2024-12-02,101,Consumable,IV Drip,5645,295,2985,18394.64,431,29,V002,False,13.097447795823665,103837742.8,Warning,T001,RSUD dr. Soetomo,A
2024-12-03,107,Consumable,Gloves,4708,260,4363,11309.13,448,25,V003,False,10.508928571428571,53243384.04,Warning,T001,RSUD dr. Soetomo,A
2024-12-04,109,Equipment,Gloves,4838,165,5600,14225.64,486,26,V003,False,9.954732510288066,68823646.32,Warning,T001,RSUD dr. Soetomo,A
2024-12-05,109,Equipment,Gloves,5093,753,2058,10135.64,443,21,V003,False,11.496613995485328,51620814.519999996,Warning,T001,RSUD dr. Soetomo,A
2024-12-06,103,Equipment,Ventilator,6821,805,1872,16529.65,139,15,V003,False,49.07194244604317,112748742.65,Safe,T001,RSUD dr. Soetomo,A
2024-12-07,106,Equipment,IV Drip,1434,39,4578,19648.94,634,1,V002,False,2.2618296529968456,28176579.959999997,Safe,T001,RSUD dr. Soetomo,A
2024-12-08,107,Equipment,X-ray Machine,1788,136,5626,8242.85,639,15,V002,False,2.7981220657276995,14738215.8,Warning,T001,RSUD dr. Soetomo,A
2024-12-09,102,Consumable,IV Drip,6475,82,1409,2946.37,397,4,V001,False,16.309823677581864,19077745.75,Safe,T001,RSUD dr. Soetomo,A
2024-12-10,100,Consumable,Ventilator,3685,85,1729,8037.19,405,23,V001,False,9.098765432098766,29617045.15,Warning,T001,RSUD dr. Soetomo,A
2024-12-11,103,Equipment,IV Drip,6940,107,4741,15954.34,599,16,V002,False,11.585976627712855,110723119.6,Warning,T001,RSUD dr. Soetomo,A
2024-12-12,105,Equipment,Ventilator,2159,216,978,4.23,223,9,V003,False,9.681614349775785,9132.570000000002,Safe,T001,RSUD dr. Soetomo,A
2024-12-13,109,Equipment,IV Drip,5344,560,2310,19091.92,217,4,V001,False,24.62672811059908,102027220.47999999,Safe,T001,RSUD dr. Soetomo,A
2024-12-14,104,Equipment,IV Drip,1686,277,1252,13250.46,446,5,V001,False,3.780269058295964,22340275.56,Warning,T001,RSUD dr. Soetomo,A
2024-12-15,104,Equipment,Gloves,2395,468,5750,6213.3,327,21,V003,False,7.324159021406728,14880853.5,Warning,T001,RSUD dr. Soetomo,A
2024-12-16,106,Equipment,Surgical Mask,2400,768,527,9796.68,346,15,V001,False,6.936416184971098,23512032.0,Warning,T001,RSUD dr. Soetomo,A
2024-12-17,104,Equipment,IV Drip,4862,867,892,5281.82,660,29,V002,False,7.366666666666666,25680208.84,Warning,T001,RSUD dr. Soetomo,A
2024-12-18,104,Equipment,X-ray Machine,328,42,4319,8718.91,541,5,V002,False,0.6062846580406654,2859802.48,Warning,T001,RSUD dr. Soetomo,A
2024-12-19,103,Consumable,Surgical Mask,5365,700,5827,12764.56,567,28,V001,False,9.462081128747796,68481864.39999999,Warning,T001,RSUD dr. Soetomo,A
2024-12-20,104,Consumable,X-ray Machine,3203,50,715,13481.71,335,18,V002,False,9.561194029850746,43181917.129999995,Warning,T001,RSUD dr. Soetomo,A
2024-12-21,104,Consumable,IV Drip,6873,208,3379,6455.81,524,28,V001,False,13.116412213740459,44370782.13,Warning,T001,RSUD dr. Soetomo,A
2024-12-22,108,Equipment,Ventilator,3941,296,3730,459.81,54,20,V001,False,72.98148148148148,1812111.21,Safe,T001,RSUD dr. Soetomo,A
2024-12-23,104,Equipment,IV Drip,2416,672,3408,7544.2,570,25,V002,False,4.23859649122807,18226787.2,Warning,T001,RSUD dr. Soetomo,A
2024-12-24,103,Equipment,Gloves,480,133,4482,7507.87,351,25,V002,False,1.3675213675213675,3603777.6,Warning,T001,RSUD dr. Soetomo,A
2024-12-25,107,Equipment,Ventilator,5741,597,3745,8240.78,574,4,V002,False,10.001742160278745,47310317.980000004,Safe,T001,RSUD dr. Soetomo,A
2024-12-26,105,Consumable,X-ray Machine,3378,301,4856,19314.53,80,19,V001,False,42.225,65244482.339999996,Safe,T001,RSUD dr. Soetomo,A
2024-12-27,105,Consumable,IV Drip,6279,478,5480,19401.95,653,2,V002,False,9.615620214395099,121824844.05000001,Safe,T001,RSUD dr. Soetomo,A
2024-12-28,100,Equipment,IV Drip,5502,974,5246,2974.71,176,13,V003,False,31.261363636363637,16366854.42,Safe,T001,RSUD dr. Soetomo,A
2024-12-29,101,Consumable,Ventilator,2008,585,5992,18268.7,5,21,V001,False,401.6,36683549.6,Safe,T001,RSUD dr. Soetomo,A
2024-12-30,105,Equipment,IV Drip,5781,782,563,19569.2,16,8,V001,False,361.3125,113129545.2,Safe,T001,RSUD dr. Soetomo,A
2024-12-31,109,Equipment,Surgical Mask,5487,699,4870,5133.32,524,23,V003,False,10.471374045801527,28166526.84,Warning,T001,RSUD dr. Soetomo,A
2025-01-01,103,Equipment,X-ray Machine,1576,894,4056,14820.61,150,13,V003,False,10.506666666666666,23357281.36,Warning,T001,RSUD dr. Soetomo,A
2025-01-02,100,Equipment,IV Drip,3847,167,2748,3509.51,254,25,V001,False,15.145669291338583,13501084.97,Warning,T001,RSUD dr. Soetomo,A
2025-01-03,105,Equipment,IV Drip,5384,713,4715,9439.58,190,16,V003,False,28.33684210526316,50822698.72,Safe,T001,RSUD dr. Soetomo,A
2025-01-04,100,Consumable,Ventilator,966,839,2862,12144.29,477,1,V002,False,2.0251572327044025,11731384.14,Safe,T001,RSUD dr. Soetomo,A
2025-01-05,101,Consumable,Gloves,5321,613,4285,3592.18,572,2,V002,False,9.302447552447552,19113989.779999997,Safe,T001,RSUD dr. Soetomo,A
2025-01-06,102,Consumable,X-ray Machine,5858,633,3969,10943.91,414,14,V001,False,14.14975845410628,64109424.78,Safe,T001,RSUD dr. Soetomo,A
2025-01-07,104,Consumable,Surgical Mask,2178,221,5265,14776.76,347,2,V001,False,6.276657060518732,32183783.28,Safe,T001,RSUD dr. Soetomo,A
2025-01-08,102,Equipment,Surgical Mask,340,370,3138,13348.52,74,4,V002,True,4.594594594594595,4538496.8,Critical,T001,RSUD dr. Soetomo,A
2025-01-09,100,Consumable,Ventilator,1674,100,577,12615.11,74,8,V001,False,22.62162162162162,21117694.14,Safe,T001,RSUD dr. Soetomo,A
2025-01-10,103,Consumable,Surgical Mask,3902,548,4514,2409.08,151,25,V002,False,25.841059602649008,9400230.16,Safe,T001,RSUD dr. Soetomo,A
2025-01-11,102,Consumable,Gloves,6128,595,5296,19127.81,464,5,V003,False,13.206896551724139,117215219.68,Safe,T001,RSUD dr. Soetomo,A
2025-01-12,100,Consumable,IV Drip,1953,956,1088,2818.77,270,7,V003,False,7.233333333333333,5505057.81,Safe,T001,RSUD dr. Soetomo,A
2025-01-13,107,Equipment,X-ray Machine,1981,233,5849,12244.95,254,28,V003,False,7.799212598425197,24257245.950000003,Warning,T001,RSUD dr. Soetomo,A
2025-01-14,105,Equipment,IV Drip,3545,872,4241,2591.06,435,27,V001,False,8.149425287356323,9185307.7,Warning,T001,RSUD dr. Soetomo,A
2025-01-15,109,Equipment,Ventilator,1960,795,4671,10794.3,652,3,V003,False,3.0061349693251533,21156828.0,Safe,T001,RSUD dr. Soetomo,A
2025-01-16,100,Equipment,IV Drip,3797,721,2525,17348.74,364,14,V002,False,10.43131868131868,65873165.78000001,Warning,T001,RSUD dr. Soetomo,A
2025-01-17,102,Equipment,Gloves,2922,834,2405,12605.89,595,7,V002,False,4.9109243697478995,36834410.58,Warning,T001,RSUD dr. Soetomo,A
2025-01-18,107,Consumable,Surgical Mask,748,813,2444,18171.78,42,16,V002,True,17.80952380952381,13592491.44,Critical,T001,RSUD dr. Soetomo,A
2025-01-19,102,Equipment,X-ray Machine,3149,211,4399,13171.06,462,26,V002,False,6.816017316017316,41475667.94,Warning,T001,RSUD dr. Soetomo,A
2025-01-20,109,Consumable,Gloves,3108,742,5268,9108.27,111,17,V002,False,28.0,28308503.16,Safe,T001,RSUD dr. Soetomo,A
2025-01-21,102,Consumable,Ventilator,3052,825,992,9337.51,205,17,V003,False,14.887804878048781,28498080.52,Warning,T001,RSUD dr. Soetomo,A
2025-01-22,103,Equipment,X-ray Machine,195,58,5874,4233.14,567,19,V002,False,0.3439153439153439,825462.3,Warning,T001,RSUD dr. Soetomo,A
2025-01-23,103,Equipment,IV Drip,1120,385,4292,19077.24,564,10,V003,False,1.9858156028368794,21366508.8,Warning,T001,RSUD dr. Soetomo,A
2025-01-24,102,Equipment,Ventilator,4529,977,5606,6218.86,528,26,V002,False,8.577651515151516,28165216.939999998,Warning,T001,RSUD dr. Soetomo,A
2025-01-25,103,Equipment,IV Drip,287,639,4192,7999.22,34,1,V001,True,8.441176470588236,2295776.14,Critical,T001,RSUD dr. Soetomo,A
2025-01-26,104,Equipment,Gloves,2222,589,1638,596.28,47,16,V003,False,47.276595744680854,1324934.16,Safe,T001,RSUD dr. Soetomo,A
2025-01-27,101,Consumable,Gloves,3308,645,4607,7760.43,142,22,V001,False,23.295774647887324,25671502.44,Safe,T001,RSUD dr. Soetomo,A
2025-01-28,102,Consumable,Ventilator,5965,721,2819,2334.56,597,17,V003,False,9.991624790619765,13925650.4,Warning,T001,RSUD dr. Soetomo,A
2025-01-29,109,Equipment,Surgical Mask,2692,328,5901,3828.92,485,11,V003,False,5.550515463917526,10307452.64,Warning,T001,RSUD dr. Soetomo,A
2025-01-30,101,Consumable,Ventilator,6357,978,5385,15790.87,618,5,V001,False,10.28640776699029,100382560.59,Safe,T001,RSUD dr. Soetomo,A
2025-01-31,104,Consumable,Surgical Mask,3283,303,2698,9444.07,207,8,V002,False,15.859903381642512,31004881.81,Safe,T001,RSUD dr. Soetomo,A
2025-02-01,106,Equipment,Ventilator,5078,15,1262,16754.86,300,24,V002,False,16.926666666666666,85081179.08,Warning,T001,RSUD dr. Soetomo,A
2025-02-02,108,Equipment,Ventilator,146,619,2383,6457.32,8,18,V002,True,18.25,942768.72,Critical,T001,RSUD dr. Soetomo,A
2025-02-03,102,Equipment,X-ray Machine,1912,65,4704,7664.23,325,9,V002,False,5.883076923076923,14654007.76,Warning,T001,RSUD dr. Soetomo,A
2025-02-04,103,Consumable,Surgical Mask,4547,486,5052,16642.78,585,7,V003,False,7.772649572649573,75674720.66,Safe,T001,RSUD dr. Soetomo,A
2025-02-05,100,Consumable,Surgical Mask,97,440,1359,1353.1,554,14,V002,True,0.17509025270758122,131250.69999999998,Critical,T001,RSUD dr. Soetomo,A
2025-02-06,100,Equipment,Gloves,1480,48,5072,16408.54,612,6,V003,False,2.418300653594771,24284639.200000003,Warning,T001,RSUD dr. Soetomo,A
2025-02-07,106,Equipment,IV Drip,5363,571,3291,4108.2,323,18,V003,False,16.603715170278637,22032276.599999998,Warning,T001,RSUD dr. Soetomo,A
2025-02-08,100,Consumable,Gloves,6818,274,4699,13098.78,53,6,V003,False,128.64150943396226,89307482.04,Safe,T001,RSUD dr. Soetomo,A
2025-02-09,106,Consumable,Surgical Mask,361,644,599,10657.62,520,5,V001,True,0.6942307692307692,3847400.8200000003,Critical,T001,RSUD dr. Soetomo,A
2025-02-10,103,Consumable,X-ray Machine,3856,203,4989,15785.82,427,3,V001,False,9.030444964871194,60870121.92,Safe,T001,RSUD dr. Soetomo,A
2025-02-11,103,Equipment,Surgical Mask,3196,332,1386,15330.07,279,23,V002,False,11.455197132616487,48994903.72,Warning,T001,RSUD dr. Soetomo,A
2025-02-12,108,Equipment,IV Drip,3072,72,1320,11508.29,100,29,V003,False,30.72,35353466.88,Safe,T001,RSUD dr. Soetomo,A
2025-02-13,108,Consumable,IV Drip,3326,26,3871,11614.0,309,27,V002,False,10.763754045307444,38628164.0,Warning,T001,RSUD dr. Soetomo,A
2025-02-14,108,Equipment,Ventilator,2052,199,3397,14687.35,670,18,V001,False,3.062686567164179,30138442.2,Warning,T001,RSUD dr. Soetomo,A
2025-02-15,102,Consumable,X-ray Machine,6966,204,2318,12211.46,587,28,V001,False,11.867120954003408,85065030.36,Warning,T001,RSUD dr. Soetomo,A
2025-02-16,103,Equipment,Gloves,2708,277,1962,11180.05,39,2,V001,False,69.43589743589743,30275575.4,Safe,T001,RSUD dr. Soetomo,A
2025-02-17,102,Consumable,X-ray Machine,1740,425,1855,9954.16,540,28,V003,False,3.2222222222222223,17320238.4,Warning,T001,RSUD dr. Soetomo,A
2025-02-18,100,Equipment,Ventilator,2682,404,3520,19150.22,263,8,V001,False,10.197718631178708,51360890.04000001,Safe,T001,RSUD dr. Soetomo,A
2025-02-19,108,Equipment,Surgical Mask,213,30,2817,4425.19,50,14,V001,False,4.26,942565.47,Warning,T001,RSUD dr. Soetomo,A
2025-02-20,108,Equipment,IV Drip,2349,110,1468,8742.17,184,26,V002,False,12.766304347826088,20535357.330000002,Warning,T001,RSUD dr. Soetomo,A
2025-02-21,103,Equipment,Surgical Mask,3088,792,732,8376.04,629,6,V002,False,4.909379968203497,25865211.520000003,Warning,T001,RSUD dr. Soetomo,A
2025-02-22,108,Consumable,Surgical Mask,1340,642,3717,11731.33,216,5,V002,False,6.203703703703703,15719982.2,Safe,T001,RSUD dr. Soetomo,A
2025-02-23,102,Consumable,Ventilator,197,62,5790,13675.82,232,27,V002,False,0.8491379310344828,2694136.54,Warning,T001,RSUD dr. Soetomo,A
2025-02-24,108,Consumable,Gloves,2647,465,3872,4455.81,57,18,V001,False,46.43859649122807,11794529.07,Safe,T001,RSUD dr. Soetomo,A
2025-02-25,104,Equipment,Surgical Mask,6621,679,3798,11237.37,626,16,V001,False,10.57667731629393,74402626.77000001,Warning,T001,RSUD dr. Soetomo,A
2025-02-26,103,Equipment,IV Drip,2096,911,2239,18407.82,385,22,V003,False,5.444155844155844,38582790.72,Warning,T001,RSUD dr. Soetomo,A
2025-02-27,100,Equipment,IV Drip,4155,280,3403,4687.32,517,8,V001,False,8.036750483558993,19475814.599999998,Safe,T001,RSUD dr. Soetomo,A
2025-02-28,104,Equipment,Gloves,1606,636,5434,2216.52,247,9,V002,False,6.502024291497976,3559731.12,Warning,T001,RSUD dr. Soetomo,A
2025-03-01,103,Consumable,Gloves,2702,760,4130,5585.01,417,19,V003,False,6.479616306954436,15090697.020000001,Warning,T001,RSUD dr. Soetomo,A
2025-03-02,106,Consumable,Ventilator,6000,985,543,11055.04,161,21,V003,False,37.267080745341616,66330240.00000001,Safe,T001,RSUD dr. Soetomo,A
2025-03-03,109,Consumable,X-ray Machine,3979,829,1077,9049.9,231,26,V001,False,17.225108225108226,36009552.1,Warning,T001,RSUD dr. Soetomo,A
2025-03-04,108,Consumable,IV Drip,1819,42,3522,8807.99,336,8,V001,False,5.413690476190476,16021733.81,Warning,T001,RSUD dr. Soetomo,A
2025-03-05,100,Consumable,Surgical Mask,5529,417,4953,13084.14,562,3,V003,False,9.838078291814947,72342210.06,Safe,T001,RSUD dr. Soetomo,A
2025-03-06,108,Consumable,Ventilator,6810,771,2669,18329.75,117,9,V003,False,58.205128205128204,124825597.5,Safe,T001,RSUD dr. Soetomo,A
2025-03-07,105,Equipment,Gloves,5109,869,5795,3717.66,78,19,V003,False,65.5,18993524.939999998,Safe,T001,RSUD dr. Soetomo,A
2025-03-08,109,Equipment,Surgical Mask,1509,784,3744,6971.8,674,18,V001,False,2.2388724035608307,10520446.200000001,Warning,T001,RSUD dr. Soetomo,A
2025-03-09,100,Consumable,X-ray Machine,2472,723,3325,7703.61,32,9,V002,False,77.25,19043323.919999998,Safe,T001,RSUD dr. Soetomo,A
2025-03-10,109,Equipment,Gloves,5545,130,1015,3067.83,169,8,V003,False,32.81065088757396,17011117.349999998,Safe,T001,RSUD dr. Soetomo,A
2025-03-11,106,Consumable,X-ray Machine,3396,75,1917,17810.15,439,2,V001,False,7.735763097949886,60483269.400000006,Safe,T001,RSUD dr. Soetomo,A
2025-03-12,105,Consumable,X-ray Machine,4736,85,4719,18648.9,88,4,V003,False,53.81818181818182,88321190.4,Safe,T001,RSUD dr. Soetomo,A
2025-03-13,103,Equipment,IV Drip,841,865,3055,19984.16,543,27,V001,True,1.5488029465930018,16806678.56,Critical,T001,RSUD dr. Soetomo,A
2025-03-14,101,Consumable,IV Drip,539,518,5654,4744.54,269,22,V001,False,2.003717472118959,2557307.06,Warning,T001,RSUD dr. Soetomo,A
2025-03-15,108,Equipment,X-ray Machine,5557,720,4050,1435.5,93,16,V001,False,59.75268817204301,7977073.5,Safe,T001,RSUD dr. Soetomo,A
2025-03-16,100,Consumable,IV Drip,5503,818,5914,2967.9,275,25,V001,False,20.01090909090909,16332353.700000001,Warning,T001,RSUD dr. Soetomo,A
2025-03-17,104,Consumable,Gloves,997,710,2754,16417.4,649,18,V003,False,1.5362095531587057,16368147.8,Warning,T001,RSUD dr. Soetomo,A
2025-03-18,109,Consumable,X-ray Machine,1807,46,3410,18593.6,282,20,V002,False,6.407801418439717,33598635.199999996,Warning,T001,RSUD dr. Soetomo,A
2025-03-19,106,Consumable,X-ray Machine,1186,918,4006,7118.28,522,26,V003,False,2.2720306513409962,8442280.08,Warning,T001,RSUD dr. Soetomo,A
2025-03-20,105,Equipment,Ventilator,2591,941,641,19249.94,274,2,V003,False,9.456204379562044,49876594.54,Safe,T001,RSUD dr. Soetomo,A
2025-03-21,107,Consumable,Ventilator,4924,72,1355,15939.13,572,11,V002,False,8.608391608391608,78484276.11999999,Warning,T001,RSUD dr. Soetomo,A
2025-03-22,108,Consumable,Ventilator,4187,463,1305,7070.18,225,19,V001,False,18.608888888888888,29602843.66,Warning,T001,RSUD dr. Soetomo,A
2025-03-23,108,Equipment,Ventilator,4157,840,4433,17019.13,593,8,V002,False,7.010118043844857,70748523.41000001,Warning,T001,RSUD dr. Soetomo,A
2025-03-24,109,Equipment,Surgical Mask,5382,452,4321,12820.29,342,12,V003,False,15.736842105263158,68998800.78,Safe,T001,RSUD dr. Soetomo,A
2025-03-25,102,Consumable,Ventilator,427,598,3918,8929.95,140,6,V001,True,3.05,3813088.6500000004,Critical,T001,RSUD dr. Soetomo,A
2025-03-26,108,Consumable,Gloves,1939,540,582,9038.79,335,27,V003,False,5.7880597014925375,17526213.810000002,Warning,T001,RSUD dr. Soetomo,A
2025-03-27,106,Equipment,Surgical Mask,2234,394,4554,19242.41,174,9,V001,False,12.839080459770114,42987543.94,Safe,T001,RSUD dr. Soetomo,A
2025-03-28,106,Consumable,Gloves,2418,11,5114,5860.81,359,6,V003,False,6.735376044568246,14171438.58,Safe,T001,RSUD dr. Soetomo,A
2025-03-29,109,Equipment,Ventilator,5881,734,2110,13394.06,103,20,V001,False,57.09708737864078,78770466.86,Safe,T001,RSUD dr. Soetomo,A
2025-03-30,101,Consumable,X-ray Machine,640,727,3061,16084.3,579,3,V003,True,1.1053540587219344,10293952.0,Critical,T001,RSUD dr. Soetomo,A
2025-03-31,106,Equipment,Surgical Mask,2003,612,4029,7707.98,72,22,V001,False,27.819444444444443,15439083.94,Safe,T001,RSUD dr. Soetomo,A
2025-04-01,108,Consumable,X-ray Machine,2325,122,4772,9286.07,284,5,V002,False,8.18661971830986,21590112.75,Safe,T001,RSUD dr. Soetomo,A
2025-04-02,108,Equipment,Gloves,2743,117,754,12845.61,482,25,V003,False,5.690871369294606,35235508.230000004,Warning,T001,RSUD dr. Soetomo,A
2025-04-03,103,Equipment,Gloves,6017,159,5767,11755.83,489,2,V002,False,12.304703476482617,70734829.11,Safe,T001,RSUD dr. Soetomo,A
2025-04-04,102,Equipment,Surgical Mask,4843,600,3381,14664.65,238,1,V001,False,20.34873949579832,71020899.95,Safe,T001,RSUD dr. Soetomo,A
2025-04-05,103,Consumable,Gloves,4575,279,2535,17113.0,267,25,V001,False,17.134831460674157,78291975.0,Warning,T001,RSUD dr. Soetomo,A
2025-04-06,106,Equipment,Surgical Mask,5893,77,2264,10835.1,662,14,V002,False,8.901812688821753,63851244.300000004,Warning,T001,RSUD dr. Soetomo,A
2025-04-07,103,Consumable,Gloves,2261,883,1431,19188.41,66,16,V001,False,34.25757575757576,43384995.01,Safe,T001,RSUD dr. Soetomo,A
2025-04-08,106,Equipment,X-ray Machine,4260,411,2813,5623.07,571,25,V001,False,7.4605954465849385,23954278.2,Warning,T001,RSUD dr. Soetomo,A
2025-04-09,105,Equipment,IV Drip,6500,271,5341,1335.6,50,5,V001,False,130.0,8681400.0,Safe,T001,RSUD dr. Soetomo,A
2025-04-10,107,Consumable,Ventilator,3444,36,513,7687.38,525,1,V002,False,6.56,26475336.72,Safe,T001,RSUD dr. Soetomo,A
2025-04-11,100,Consumable,Ventilator,5949,713,5033,19281.88,340,5,V003,False,17.49705882352941,114707904.12,Safe,T001,RSUD dr. Soetomo,A
2025-04-12,108,Consumable,IV Drip,4745,421,5580,15278.79,672,29,V003,False,7.061011904761905,72497858.55,Warning,T001,RSUD dr. Soetomo,A
2025-04-13,104,Equipment,IV Drip,507,759,1278,3938.24,275,19,V003,True,1.8436363636363637,1996687.68,Critical,T001,RSUD dr. Soetomo,A
2025-04-14,106,Equipment,Surgical Mask,1907,947,4717,19594.12,54,24,V001,False,35.31481481481482,37365986.839999996,Safe,T001,RSUD dr. Soetomo,A
2025-04-15,105,Consumable,Gloves,592,535,1823,14048.5,300,21,V001,False,1.9733333333333334,8316712.0,Warning,T001,RSUD dr. Soetomo,A
2025-04-16,108,Consumable,X-ray Machine,1236,823,4185,15984.82,319,5,V002,False,3.8746081504702192,19757237.52,Warning,T001,RSUD dr. Soetomo,A
2025-04-17,102,Consumable,Ventilator,2972,442,4764,1077.86,258,6,V002,False,11.51937984496124,3203399.92,Safe,T001,RSUD dr. Soetomo,A
2025-04-18,103,Consumable,IV Drip,5732,578,1768,14453.29,235,15,V002,False,24.391489361702128,82846258.28,Safe,T001,RSUD dr. Soetomo,A
2025-04-19,109,Consumable,IV Drip,4225,68,5379,9672.78,621,23,V002,False,6.8035426731078905,40867495.5,Warning,T001,RSUD dr. Soetomo,A
2025-04-20,107,Consumable,IV Drip,6010,27,1538,15898.63,404,16,V001,False,14.876237623762377,95550766.3,Warning,T001,RSUD dr. Soetomo,A
2025-04-21,105,Equipment,Gloves,1397,224,3017,14321.3,217,20,V002,False,6.43778801843318,20006856.099999998,Warning,T001,RSUD dr. Soetomo,A
2025-04-22,103,Consumable,X-ray Machine,3576,873,500,3528.79,521,13,V002,False,6.863723608445298,12618953.04,Warning,T001,RSUD dr. Soetomo,A
2025-04-23,104,Consumable,IV Drip,5869,995,5911,18374.44,320,8,V002,False,18.340625,107839588.36,Safe,T001,RSUD dr. Soetomo,A
2025-04-24,105,Consumable,X-ray Machine,5853,230,3970,11554.34,238,1,V003,False,24.592436974789916,67627552.02,Safe,T001,RSUD dr. Soetomo,A
2025-04-25,103,Consumable,Ventilator,3230,215,2298,7714.83,220,26,V001,False,14.681818181818182,24918900.9,Warning,T001,RSUD dr. Soetomo,A
2025-04-26,103,Equipment,Surgical Mask,1715,401,1100,4554.51,404,21,V002,False,4.2450495049504955,7810984.65,Warning,T001,RSUD dr. Soetomo,A
2025-04-27,107,Consumable,Surgical Mask,3023,292,4074,15670.89,404,21,V001,False,7.482673267326732,47373100.47,Warning,T001,RSUD dr. Soetomo,A
2025-04-28,109,Consumable,Ventilator,1757,283,5623,19414.06,493,27,V002,False,3.563894523326572,34110503.42,Warning,T001,RSUD dr. Soetomo,A
2025-04-29,109,Consumable,Surgical Mask,6538,718,1848,14710.54,274,6,V003,False,23.861313868613138,96177510.52000001,Safe,T001,RSUD dr. Soetomo,A
2025-04-30,109,Equipment,IV Drip,6513,565,1625,12197.47,576,11,V003,False,11.307291666666666,79442122.11,Safe,T001,RSUD dr. Soetomo,A
2025-05-01,107,Equipment,Gloves,3091,441,2447,19006.75,342,25,V001,False,9.038011695906432,58749864.25,Warning,T001,RSUD dr. Soetomo,A
2025-05-02,103,Consumable,Surgical Mask,1021,744,5222,14231.58,315,12,V002,False,3.2412698412698413,14530443.18,Warning,T001,RSUD dr. Soetomo,A
2025-05-03,102,Equipment,Ventilator,1831,135,2525,9129.72,63,22,V003,False,29.063492063492063,16716517.319999998,Safe,T001,RSUD dr. Soetomo,A
2025-05-04,103,Consumable,Gloves,2731,358,925,6433.42,659,29,V002,False,4.144157814871017,17569670.02,Warning,T001,RSUD dr. Soetomo,A
2025-05-05,109,Consumable,Ventilator,4252,515,5377,3774.51,626,7,V002,False,6.792332268370607,16049216.520000001,Warning,T001,RSUD dr. Soetomo,A
2025-05-06,107,Consumable,IV Drip,902,850,1637,17473.68,148,2,V003,False,6.094594594594595,15761259.36,Safe,T001,RSUD dr. Soetomo,A
2025-05-07,107,Equipment,Ventilator,2150,708,2949,14457.92,296,21,V003,False,7.263513513513513,31084528.0,Warning,T001,RSUD dr. Soetomo,A
2025-05-08,105,Consumable,IV Drip,211,805,862,19561.59,143,14,V003,True,1.4755244755244756,4127495.49,Critical,T001,RSUD dr. Soetomo,A
2025-05-09,101,Consumable,Surgical Mask,3464,16,1470,1504.53,55,16,V001,False,62.981818181818184,5211691.92,Safe,T001,RSUD dr. Soetomo,A
2025-05-10,102,Consumable,Gloves,6062,913,4919,6294.82,147,16,V001,False,41.23809523809524,38159198.839999996,Safe,T001,RSUD dr. Soetomo,A
2025-05-11,102,Equipment,X-ray Machine,2985,703,5903,8129.55,498,12,V001,False,5.993975903614458,24266706.75,Warning,T001,RSUD dr. Soetomo,A
2025-05-12,108,Equipment,Gloves,1450,897,4528,19250.87,455,22,V001,False,3.1868131868131866,27913761.5,Warning,T001,RSUD dr. Soetomo,A
2025-05-13,101,Equipment,X-ray Machine,802,514,5251,11815.94,578,4,V003,False,1.3875432525951557,9476383.88,Warning,T001,RSUD dr. Soetomo,A
2025-05-14,105,Consumable,Surgical Mask,3805,36,1246,13601.84,471,10,V003,False,8.07855626326964,51755001.2,Warning,T001,RSUD dr. Soetomo,A
2025-05-15,108,Consumable,Ventilator,4565,645,4262,5417.61,606,23,V003,False,7.533003300330033,24731389.65,Warning,T001,RSUD dr. Soetomo,A
2025-05-16,104,Equipment,IV Drip,3441,725,840,5150.14,86,25,V002,False,40.01162790697674,17721631.740000002,Safe,T001,RSUD dr. Soetomo,A
2025-05-17,100,Consumable,IV Drip,5622,815,1064,6855.76,61,24,V003,False,92.1639344262295,38543082.72,Safe,T001,RSUD dr. Soetomo,A
2025-05-18,102,Equipment,IV Drip,4619,103,2445,1680.4,516,5,V003,False,8.9515503875969,7761767.600000001,Safe,T001,RSUD dr. Soetomo,A
2025-05-19,105,Equipment,Surgical Mask,5732,443,4768,18790.34,177,29,V003,False,32.38418079096045,107706228.88,Safe,T001,RSUD dr. Soetomo,A
2025-05-20,105,Consumable,Surgical Mask,5729,542,4677,8103.52,31,27,V003,False,184.80645161290323,46425066.080000006,Safe,T001,RSUD dr. Soetomo,A
2025-05-21,100,Consumable,X-ray Machine,6625,487,1145,4010.43,514,24,V003,False,12.88910505836576,26569098.75,Warning,T001,RSUD dr. Soetomo,A
2025-05-22,108,Consumable,Gloves,4565,897,1211,6876.61,552,25,V001,False,8.269927536231885,31391724.65,Warning,T001,RSUD dr. Soetomo,A
2025-05-23,101,Consumable,Gloves,6804,450,4851,3916.18,579,18,V001,False,11.751295336787564,26645688.72,Warning,T001,RSUD dr. Soetomo,A
2025-05-24,101,Consumable,Ventilator,5015,967,3921,5117.16,459,21,V003,False,10.925925925925926,25662557.4,Warning,T001,RSUD dr. Soetomo,A
2025-05-25,100,Consumable,X-ray Machine,3991,449,606,15152.04,301,6,V002,False,13.259136212624584,60471791.64,Safe,T001,RSUD dr. Soetomo,A
2025-05-26,103,Consumable,Surgical Mask,3452,742,1254,4760.82,624,22,V002,False,5.532051282051282,16434350.639999999,Warning,T001,RSUD dr. Soetomo,A
2025-05-27,108,Consumable,Surgical Mask,2234,161,2127,13977.02,529,15,V002,False,4.223062381852552,31224662.68,Warning,T001,RSUD dr. Soetomo,A
2025-05-28,108,Equipment,IV Drip,1148,707,5780,11867.51,286,20,V002,False,4.013986013986014,13623901.48,Warning,T001,RSUD dr. Soetomo,A
2025-05-29,104,Consumable,X-ray Machine,2031,659,1437,2902.09,308,9,V003,False,6.5941558441558445,5894144.79,Warning,T001,RSUD dr. Soetomo,A
2025-05-30,104,Equipment,X-ray Machine,175,650,3782,15274.29,418,4,V002,True,0.41866028708133973,2673000.75,Critical,T001,RSUD dr. Soetomo,A
2025-05-31,100,Consumable,Surgical Mask,2822,624,5009,17057.52,431,6,V001,False,6.547563805104408,48136321.44,Safe,T001,RSUD dr. Soetomo,A
2025-06-01,109,Equipment,X-ray Machine,4442,413,4582,19119.77,559,4,V002,False,7.946332737030412,84930018.34,Safe,T001,RSUD dr. Soetomo,A
2025-06-02,103,Consumable,IV Drip,5683,465,5984,19180.01,288,21,V002,False,19.73263888888889,108999996.83,Warning,T001,RSUD dr. Soetomo,A
2025-06-03,107,Consumable,IV Drip,5796,60,3197,14127.56,12,7,V002,False,483.0,81883337.75999999,Safe,T001,RSUD dr. Soetomo,A
2025-06-04,103,Consumable,Surgical Mask,5271,560,4650,5827.25,620,2,V002,False,8.501612903225807,30715434.75,Safe,T001,RSUD dr. Soetomo,A
2025-06-05,102,Equipment,Surgical Mask,3318,973,3452,758.71,402,26,V001,False,8.253731343283581,2517399.7800000003,Warning,T001,RSUD dr. Soetomo,A
2025-06-06,101,Consumable,X-ray Machine,5499,774,2709,7804.91,566,10,V002,False,9.715547703180212,42919200.089999996,Warning,T001,RSUD dr. Soetomo,A
2025-06-07,101,Equipment,X-ray Machine,6168,424,1029,14662.67,236,13,V001,False,26.135593220338983,90439348.56,Safe,T001,RSUD dr. Soetomo,A
2025-06-08,102,Equipment,Gloves,1351,559,5093,18812.8,602,24,V002,False,2.244186046511628,25416092.8,Warning,T001,RSUD dr. Soetomo,A
2025-06-09,101,Consumable,X-ray Machine,6635,962,2979,2271.25,275,23,V001,False,24.12727272727273,15069743.75,Safe,T001,RSUD dr. Soetomo,A
2025-06-10,104,Consumable,X-ray Machine,4572,904,4100,10845.07,343,6,V003,False,13.329446064139942,49583660.04,Safe,T001,RSUD dr. Soetomo,A
2025-06-11,102,Consumable,Ventilator,3472,655,3634,9495.74,271,3,V001,False,12.811808118081181,32969209.279999997,Safe,T001,RSUD dr. Soetomo,A
2025-06-12,105,Equipment,Surgical Mask,1000,69,5435,915.04,159,26,V001,False,6.289308176100629,915040.0,Warning,T001,RSUD dr. Soetomo,A
2025-06-13,105,Consumable,X-ray Machine,1877,986,4594,13013.72,421,28,V002,False,4.458432304038005,24426752.439999998,Warning,T001,RSUD dr. Soetomo,A
2025-06-14,105,Equipment,Ventilator,280,484,1610,17451.66,634,15,V001,True,0.4416403785488959,4886464.8,Critical,T001,RSUD dr. Soetomo,A
2025-06-15,102,Equipment,X-ray Machine,5172,455,3055,9237.32,331,20,V001,False,15.625377643504532,47775419.04,Warning,T001,RSUD dr. Soetomo,A
2025-06-16,105,Equipment,Surgical Mask,1810,809,1789,10465.55,93,6,V001,False,19.462365591397848,18942645.5,Safe,T001,RSUD dr. Soetomo,A
2025-06-17,107,Consumable,Gloves,6703,976,4514,3556.21,410,27,V002,False,16.348780487804877,23837275.63,Warning,T001,RSUD dr. Soetomo,A
2025-06-18,107,Equipment,IV Drip,2293,355,5248,2422.81,11,25,V003,False,208.45454545454547,5555503.33,Safe,T001,RSUD dr. Soetomo,A
2025-06-19,106,Consumable,Surgical Mask,3419,213,5708,12277.15,336,29,V003,False,10.175595238095237,41975575.85,Warning,T001,RSUD dr. Soetomo,A
2025-06-20,101,Consumable,Surgical Mask,4221,667,1897,14328.34,423,29,V002,False,9.97872340425532,60479923.14,Warning,T001,RSUD dr. Soetomo,A
2025-06-21,106,Consumable,Ventilator,3518,41,2954,5750.42,116,4,V003,False,30.32758620689655,20229977.56,Safe,T001,RSUD dr. Soetomo,A
2025-06-22,107,Consumable,Ventilator,1127,681,3105,9989.26,117,16,V002,False,9.632478632478632,11257896.02,Warning,T001,RSUD dr. Soetomo,A
2025-06-23,102,Consumable,Ventilator,5298,94,2325,19161.21,441,2,V002,False,12.013605442176871,101516090.58,Safe,T001,RSUD dr. Soetomo,A
2025-06-24,103,Equipment,Gloves,5261,100,1202,666.95,27,26,V001,False,194.85185185185185,3508823.95,Safe,T001,RSUD dr. Soetomo,A
2025-06-25,101,Consumable,Ventilator,1921,49,3385,4716.65,232,23,V002,False,8.280172413793103,9060684.649999999,Warning,T001,RSUD dr. Soetomo,A
2025-06-26,109,Consumable,Surgical Mask,3966,767,5233,2061.51,441,11,V003,False,8.993197278911564,8175948.660000001,Warning,T001,RSUD dr. Soetomo,A
2025-06-27,105,Consumable,Ventilator,504,188,5696,16439.94,477,8,V002,False,1.0566037735849056,8285729.76,Warning,T001,RSUD dr. Soetomo,A
2025-06-28,109,Equipment,X-ray Machine,3769,596,1181,19844.87,483,9,V001,False,7.803312629399586,74795315.03,Warning,T001,RSUD dr. Soetomo,A
2025-06-29,109,Equipment,X-ray Machine,5478,304,2944,3195.0,463,18,V001,False,11.831533477321814,17502210.0,Warning,T001,RSUD dr. Soetomo,A
2025-06-30,102,Consumable,IV Drip,491,590,4281,15038.14,489,26,V003,True,1.0040899795501022,7383726.739999999,Critical,T001,RSUD dr. Soetomo,A
2025-07-01,100,Equipment,X-ray Machine,2829,389,2269,5747.94,375,8,V003,False,7.544,16260922.26,Warning,T001,RSUD dr. Soetomo,A
2025-07-02,109,Consumable,IV Drip,1945,561,3237,6575.23,331,20,V003,False,5.876132930513595,12788822.35,Warning,T001,RSUD dr. Soetomo,A
2025-07-03,101,Equipment,X-ray Machine,2820,137,4405,18597.0,189,8,V001,False,14.920634920634921,52443540.0,Safe,T001,RSUD dr. Soetomo,A
2025-07-04,109,Consumable,Gloves,1719,217,2942,14250.61,232,10,V002,False,7.4094827586206895,24496798.59,Warning,T001,RSUD dr. Soetomo,A
2025-07-05,100,Equipment,IV Drip,5256,23,4794,16241.58,92,21,V002,False,57.130434782608695,85365744.48,Safe,T001,RSUD dr. Soetomo,A
2025-07-06,106,Equipment,X-ray Machine,3818,173,2655,9095.5,304,2,V001,False,12.55921052631579,34726619.0,Safe,T001,RSUD dr. Soetomo,A
2025-07-07,100,Consumable,IV Drip,6691,496,5318,6545.59,559,18,V002,False,11.9695885509839,43796542.69,Warning,T001,RSUD dr. Soetomo,A
2025-07-08,104,Equipment,IV Drip,652,901,5223,2766.57,548,25,V002,True,1.1897810218978102,1803803.6400000001,Critical,T001,RSUD dr. Soetomo,A
2025-07-09,108,Consumable,X-ray Machine,2621,405,5050,12507.75,284,29,V002,False,9.22887323943662,32782812.75,Warning,T001,RSUD dr. Soetomo,A
2025-07-10,104,Equipment,Surgical Mask,4829,369,3482,13596.86,440,11,V001,False,10.975,65659236.940000005,Warning,T001,RSUD dr. Soetomo,A
2025-07-11,103,Consumable,Ventilator,5939,341,5310,18607.98,324,13,V002,False,18.330246913580247,110512793.22,Safe,T001,RSUD dr. Soetomo,A
2025-07-12,103,Consumable,IV Drip,2485,832,4339,2503.52,643,16,V003,False,3.864696734059098,6221247.2,Warning,T001,RSUD dr. Soetomo,A
2025-07-13,108,Equipment,IV Drip,788,430,4955,14741.34,348,3,V001,False,2.264367816091954,11616175.92,Warning,T001,RSUD dr. Soetomo,A
2025-07-14,108,Consumable,IV Drip,5074,92,2332,10931.03,219,1,V001,False,23.168949771689498,55464046.220000006,Safe,T001,RSUD dr. Soetomo,A
2025-07-15,107,Consumable,Ventilator,3448,213,540,9146.87,574,25,V002,False,6.006968641114983,31538407.76,Warning,T001,RSUD dr. Soetomo,A
2025-07-16,100,Consumable,IV Drip,4536,701,4690,15058.49,491,22,V003,False,9.238289205702648,68305310.64,Warning,T001,RSUD dr. Soetomo,A
2025-07-17,103,Equipment,IV Drip,3601,172,4591,12145.71,140,6,V001,False,25.72142857142857,43736701.70999999,Safe,T001,RSUD dr. Soetomo,A
2025-07-18,108,Consumable,X-ray Machine,1525,964,2646,2055.54,338,20,V002,False,4.511834319526627,3134698.5,Warning,T001,RSUD dr. Soetomo,A
2025-07-19,107,Equipment,Surgical Mask,1786,90,5167,8383.42,232,1,V001,False,7.698275862068965,14972788.120000001,Safe,T001,RSUD dr. Soetomo,A
2025-07-20,107,Consumable,Gloves,5321,550,3149,19913.41,70,18,V001,False,76.01428571428572,105959254.61,Safe,T001,RSUD dr. Soetomo,A
2025-07-21,101,Consumable,Gloves,218,403,2447,15351.22,656,24,V001,True,0.3323170731707317,3346565.96,Critical,T001,RSUD dr. Soetomo,A
2025-07-22,108,Consumable,Ventilator,6163,879,1196,15251.73,474,15,V003,False,13.00210970464135,93996411.99,Warning,T001,RSUD dr. Soetomo,A
2025-07-23,104,Equipment,Gloves,2334,18,5550,18444.16,630,21,V003,False,3.704761904761905,43048669.44,Warning,T001,RSUD dr. Soetomo,A
2025-07-24,107,Consumable,Surgical Mask,4631,155,1811,14587.84,593,27,V003,False,7.809443507588533,67556287.04,Warning,T001,RSUD dr. Soetomo,A
2025-07-25,100,Consumable,Gloves,4388,762,3364,16959.77,626,5,V003,False,7.0095846645367414,74419470.76,Safe,T001,RSUD dr. Soetomo,A
2025-07-26,104,Equipment,Surgical Mask,673,246,2674,8021.97,342,5,V003,False,1.9678362573099415,5398785.8100000005,Warning,T001,RSUD dr. Soetomo,A
2025-07-27,109,Equipment,Surgical Mask,1176,230,4983,8003.19,416,13,V003,False,2.826923076923077,9411751.44,Warning,T001,RSUD dr. Soetomo,A
2025-07-28,100,Equipment,X-ray Machine,6325,675,4916,19140.66,580,13,V002,False,10.905172413793103,121064674.5,Warning,T001,RSUD dr. Soetomo,A
2025-07-29,106,Consumable,Gloves,2895,360,5099,15149.99,315,5,V003,False,9.19047619047619,43859221.05,Safe,T001,RSUD dr. Soetomo,A
2025-07-30,104,Equipment,IV Drip,5505,133,2203,9426.57,473,16,V003,False,11.638477801268499,51893267.85,Warning,T001,RSUD dr. Soetomo,A
2025-07-31,102,Consumable,Ventilator,4824,111,5632,9792.19,180,6,V001,False,26.8,47237524.56,Safe,T001,RSUD dr. Soetomo,A
2025-08-01,104,Equipment,IV Drip,5617,709,3400,332.31,250,23,V001,False,22.468,1866585.27,Warning,T001,RSUD dr. Soetomo,A
2025-08-02,106,Equipment,Gloves,1232,389,4031,4595.06,585,25,V003,False,2.105982905982906,5661113.920000001,Warning,T001,RSUD dr. Soetomo,A
2025-08-03,103,Equipment,Gloves,5496,69,4966,9426.31,509,14,V003,False,10.797642436149312,51806999.76,Warning,T001,RSUD dr. Soetomo,A
2025-08-04,103,Equipment,IV Drip,5562,196,5539,5876.33,663,21,V001,False,8.389140271493213,32684147.46,Warning,T001,RSUD dr. Soetomo,A
2025-08-05,107,Equipment,X-ray Machine,3178,284,4909,19636.33,547,21,V001,False,5.809872029250457,62404256.74,Warning,T001,RSUD dr. Soetomo,A
2025-08-06,108,Consumable,Gloves,1079,534,2697,2310.89,369,27,V001,False,2.924119241192412,2493450.31,Warning,T001,RSUD dr. Soetomo,A
2025-08-07,105,Consumable,X-ray Machine,3273,907,4448,10111.41,73,29,V001,False,44.83561643835616,33094644.93,Safe,T001,RSUD dr. Soetomo,A
2025-08-08,100,Equipment,Ventilator,347,293,1024,198.75,634,8,V001,False,0.5473186119873817,68966.25,Warning,T001,RSUD dr. Soetomo,A
2025-08-09,108,Consumable,Gloves,437,532,1157,5450.73,263,15,V001,True,1.661596958174905,2381969.01,Critical,T001,RSUD dr. Soetomo,A
2025-08-10,105,Equipment,IV Drip,4976,973,2147,4489.01,547,24,V001,False,9.09689213893967,22337313.76,Warning,T001,RSUD dr. Soetomo,A
2025-08-11,104,Consumable,X-ray Machine,5912,967,2997,12101.98,667,21,V002,False,8.863568215892053,71546905.75999999,Warning,T001,RSUD dr. Soetomo,A
2025-08-12,107,Consumable,Ventilator,3487,794,1817,17744.44,595,6,V003,False,5.860504201680672,61874862.279999994,Warning,T001,RSUD dr. Soetomo,A
2025-08-13,104,Equipment,Surgical Mask,727,293,1291,11329.09,552,8,V003,False,1.3170289855072463,8236248.43,Warning,T001,RSUD dr. Soetomo,A
2025-08-14,101,Equipment,Ventilator,2671,646,5505,12882.23,405,5,V001,False,6.595061728395062,34408436.33,Safe,T001,RSUD dr. Soetomo,A
2025-08-15,103,Consumable,X-ray Machine,1733,784,636,5598.83,460,16,V003,False,3.767391304347826,9702772.39,Warning,T001,RSUD dr. Soetomo,A
2025-08-16,103,Consumable,Gloves,468,522,2758,6177.68,321,10,V001,True,1.4579439252336448,2891154.24,Critical,T001,RSUD dr. Soetomo,A
2025-08-17,109,Consumable,Gloves,1428,17,4353,9980.36,259,6,V002,False,5.513513513513513,14251954.08,Warning,T001,RSUD dr. Soetomo,A
2025-08-18,102,Equipment,Surgical Mask,2223,675,3962,11371.41,22,26,V002,False,101.04545454545455,25278644.43,Safe,T001,RSUD dr. Soetomo,A
2025-08-19,105,Equipment,X-ray Machine,3527,77,911,10926.81,478,2,V003,False,7.378661087866109,38538858.87,Safe,T001,RSUD dr. Soetomo,A
2025-08-20,102,Consumable,Gloves,2531,837,3737,5201.3,379,21,V002,False,6.678100263852243,13164490.3,Warning,T001,RSUD dr. Soetomo,A
2025-08-21,103,Consumable,Gloves,5739,770,919,2919.89,466,1,V001,False,12.315450643776824,16757248.709999999,Safe,T001,RSUD dr. Soetomo,A
2025-08-22,105,Consumable,X-ray Machine,2225,382,4238,7367.76,487,2,V002,False,4.568788501026694,16393266.0,Safe,T001,RSUD dr. Soetomo,A
2025-08-23,107,Consumable,Ventilator,225,521,1472,15682.5,124,20,V001,True,1.814516129032258,3528562.5,Critical,T001,RSUD dr. Soetomo,A
2025-08-24,102,Consumable,IV Drip,2561,430,2849,11922.86,429,10,V003,False,5.96969696969697,30534444.46,Warning,T001,RSUD dr. Soetomo,A
2025-08-25,107,Consumable,Ventilator,6636,438,4420,3637.87,178,3,V001,False,37.28089887640449,24140905.32,Safe,T001,RSUD dr. Soetomo,A
2025-08-26,101,Equipment,X-ray Machine,6950,735,3886,4664.74,545,17,V003,False,12.752293577981652,32419943.0,Warning,T001,RSUD dr. Soetomo,A
2025-08-27,106,Equipment,Ventilator,2843,635,3314,18083.89,190,24,V003,False,14.963157894736842,51412499.269999996,Warning,T001,RSUD dr. Soetomo,A
2025-08-28,105,Equipment,Gloves,3623,768,1246,7924.06,155,27,V001,False,23.374193548387098,28708869.380000003,Warning,T001,RSUD dr. Soetomo,A
2025-08-29,100,Equipment,X-ray Machine,5844,521,1468,17074.09,406,19,V003,False,14.394088669950738,99780981.96,Warning,T001,RSUD dr. Soetomo,A
2025-08-30,100,Equipment,Gloves,2628,210,3012,19549.43,447,26,V003,False,5.879194630872483,51375902.04,Warning,T001,RSUD dr. Soetomo,A
2025-08-31,103,Equipment,Gloves,503,633,3817,7157.67,532,27,V002,True,0.9454887218045113,3600308.0100000002,Critical,T001,RSUD dr. Soetomo,A
2025-09-01,101,Equipment,Gloves,5482,176,3441,258.85,259,11,V002,False,21.166023166023166,1419015.7000000002,Safe,T001,RSUD dr. Soetomo,A
2025-09-02,109,Equipment,Ventilator,4887,948,5566,14555.91,644,17,V001,False,7.588509316770186,71134732.17,Warning,T001,RSUD dr. Soetomo,A
2025-09-03,109,Consumable,IV Drip,5510,686,2435,9709.02,505,18,V001,False,10.910891089108912,53496700.2,Warning,T001,RSUD dr. Soetomo,A
2025-09-04,106,Consumable,Surgical Mask,6080,78,986,17748.49,236,9,V003,False,25.76271186440678,107910819.2,Safe,T001,RSUD dr. Soetomo,A
2025-09-05,106,Consumable,IV Drip,248,101,5452,3385.0,302,29,V002,False,0.8211920529801324,839480.0,Warning,T001,RSUD dr. Soetomo,A
2025-09-06,107,Consumable,Surgical Mask,309,791,3380,4865.33,637,18,V003,True,0.4850863422291994,1503386.97,Critical,T001,RSUD dr. Soetomo,A
2025-09-07,108,Consumable,X-ray Machine,1620,663,4558,9433.1,537,27,V001,False,3.016759776536313,15281622.0,Warning,T001,RSUD dr. Soetomo,A
2025-09-08,108,Consumable,IV Drip,5891,947,3464,2715.95,94,18,V001,False,62.670212765957444,15999661.45,Safe,T001,RSUD dr. Soetomo,A
2025-09-09,107,Consumable,Surgical Mask,4654,338,5603,7207.0,235,6,V002,False,19.804255319148936,33541378.0,Safe,T001,RSUD dr. Soetomo,A
2025-09-10,100,Equipment,Gloves,1810,656,3747,311.77,660,10,V003,False,2.742424242424242,564303.7,Warning,T001,RSUD dr. Soetomo,A
2025-09-11,108,Consumable,X-ray Machine,6839,360,2994,16035.71,184,7,V002,False,37.16847826086956,109668220.69,Safe,T001,RSUD dr. Soetomo,A
2025-09-12,106,Equipment,IV Drip,4147,150,4949,2014.53,402,13,V001,False,10.31592039800995,8354255.91,Warning,T001,RSUD dr. Soetomo,A
2025-09-13,108,Consumable,Ventilator,6037,620,3596,11917.36,150,7,V001,False,40.24666666666667,71945102.32000001,Safe,T001,RSUD dr. Soetomo,A
2025-09-14,109,Equipment,X-ray Machine,5428,909,3270,5245.0,541,16,V002,False,10.033271719038817,28469860.0,Warning,T001,RSUD dr. Soetomo,A
2025-09-15,108,Consumable,Gloves,4906,242,5948,600.78,242,25,V002,False,20.272727272727273,2947426.6799999997,Warning,T001,RSUD dr. Soetomo,A
2025-09-16,103,Equipment,Gloves,5403,538,3771,2194.35,400,2,V003,False,13.5075,11856073.049999999,Safe,T001,RSUD dr. Soetomo,A
2025-09-17,106,Equipment,Gloves,5531,271,797,13984.45,49,15,V002,False,112.87755102040816,77347992.95,Safe,T001,RSUD dr. Soetomo,A
2025-09-18,101,Consumable,Surgical Mask,5503,562,1847,17821.3,490,6,V003,False,11.230612244897959,98070613.89999999,Safe,T001,RSUD dr. Soetomo,A
2025-09-19,107,Equipment,IV Drip,3434,449,3699,1094.03,385,10,V001,False,8.91948051948052,3756899.02,Warning,T001,RSUD dr. Soetomo,A
2025-09-20,104,Equipment,X-ray Machine,3287,935,4203,5629.09,159,6,V002,False,20.67295597484277,18502818.830000002,Safe,T001,RSUD dr. Soetomo,A
2025-09-21,109,Consumable,IV Drip,3979,703,4831,7968.93,111,7,V002,False,35.846846846846844,31708372.470000003,Safe,T001,RSUD dr. Soetomo,A
2025-09-22,102,Equipment,IV Drip,461,288,5644,19573.66,51,12,V003,False,9.03921568627451,9023457.26,Warning,T001,RSUD dr. Soetomo,A
2025-09-23,100,Consumable,Surgical Mask,1674,367,4168,8853.64,3,26,V003,False,558.0,14820993.36,Safe,T001,RSUD dr. Soetomo,A
2025-09-24,108,Consumable,Surgical Mask,5547,545,4002,16497.31,629,17,V003,False,8.818759936406995,91510578.57000001,Warning,T001,RSUD dr. Soetomo,A
2025-09-25,102,Consumable,Gloves,5145,261,5140,5622.76,387,20,V001,False,13.294573643410853,28929100.200000003,Warning,T001,RSUD dr. Soetomo,A
2025-09-26,107,Equipment,IV Drip,4703,900,5398,9363.66,47,27,V002,False,100.06382978723404,44037292.98,Safe,T001,RSUD dr. Soetomo,A
2025-09-27,108,Equipment,Surgical Mask,6964,942,1360,16517.32,504,24,V002,False,13.817460317460318,115026616.48,Warning,T001,RSUD dr. Soetomo,A
2025-09-28,104,Consumable,Gloves,1211,757,728,15373.96,5,19,V003,False,242.2,18617865.56,Safe,T001,RSUD dr. Soetomo,A
2025-09-29,104,Consumable,X-ray Machine,2421,197,5446,4771.7,564,26,V001,False,4.292553191489362,11552285.7,Warning,T001,RSUD dr. Soetomo,A
2025-09-30,101,Equipment,Surgical Mask,3786,44,1579,5054.72,232,17,V002,False,16.31896551724138,19137169.92,Warning,T001,RSUD dr. Soetomo,A
2025-10-01,107,Consumable,Surgical Mask,2899,976,3095,10969.69,467,10,V001,False,6.207708779443255,31801131.310000002,Warning,T001,RSUD dr. Soetomo,A
2025-10-02,106,Consumable,X-ray Machine,1204,400,855,18760.33,3,11,V003,False,401.3333333333333,22587437.32,Safe,T001,RSUD dr. Soetomo,A
2025-10-03,109,Equipment,X-ray Machine,787,354,5849,2399.0,479,10,V003,False,1.6430062630480167,1888013.0,Warning,T001,RSUD dr. Soetomo,A
2025-10-04,104,Consumable,Surgical Mask,4200,598,2903,15441.35,595,10,V001,False,7.0588235294117645,64853670.0,Warning,T001,RSUD dr. Soetomo,A
2025-10-05,101,Equipment,X-ray Machine,6831,27,5410,14752.14,413,8,V001,False,16.53995157384988,100771868.33999999,Safe,T001,RSUD dr. Soetomo,A
2025-10-06,105,Equipment,X-ray Machine,4465,617,591,17015.59,140,27,V001,False,31.892857142857142,75974609.35,Safe,T001,RSUD dr. Soetomo,A
2025-10-07,109,Consumable,Gloves,6206,570,2610,17784.06,401,24,V001,False,15.476309226932669,110367876.36000001,Warning,T001,RSUD dr. Soetomo,A
2025-10-08,107,Consumable,Surgical Mask,4053,815,997,17668.57,112,23,V001,False,36.1875,71610714.21,Safe,T001,RSUD dr. Soetomo,A
2025-10-09,101,Equipment,X-ray Machine,2852,10,2799,18018.37,57,11,V001,False,50.03508771929825,51388391.239999995,Safe,T001,RSUD dr. Soetomo,A
2025-10-10,103,Equipment,Gloves,5800,468,3138,19614.11,420,12,V003,False,13.80952380952381,113761838.0,Safe,T001,RSUD dr. Soetomo,A
2025-10-11,105,Equipment,Surgical Mask,1870,635,5470,6648.92,634,8,V001,False,2.949526813880126,12433480.4,Warning,T001,RSUD dr. Soetomo,A
2025-10-12,107,Consumable,Surgical Mask,6131,886,4647,18580.26,238,28,V001,False,25.76050420168067,113915574.05999999,Warning,T001,RSUD dr. Soetomo,A
2025-10-13,103,Consumable,Surgical Mask,5050,14,1402,18951.23,126,1,V002,False,40.07936507936508,95703711.5,Safe,T001,RSUD dr. Soetomo,A
2025-10-14,106,Equipment,X-ray Machine,6178,617,3227,12963.82,518,23,V003,False,11.926640926640927,80090479.96,Warning,T001,RSUD dr. Soetomo,A
2025-10-15,106,Consumable,X-ray Machine,4843,966,3040,13291.98,608,1,V003,False,7.965460526315789,64373059.14,Safe,T001,RSUD dr. Soetomo,A
2025-10-16,107,Consumable,IV Drip,4089,649,800,7171.49,402,3,V003,False,10.171641791044776,29324222.61,Safe,T001,RSUD dr. Soetomo,A
2025-10-17,109,Equipment,Gloves,1922,532,2366,14906.21,398,23,V001,False,4.8291457286432165,28649735.619999997,Warning,T001,RSUD dr. Soetomo,A
2025-10-18,101,Equipment,IV Drip,6549,807,3281,12051.42,536,16,V001,False,12.218283582089553,78924749.58,Warning,T001,RSUD dr. Soetomo,A
2025-10-19,109,Consumable,Gloves,6469,875,1346,15726.49,281,9,V001,False,23.02135231316726,101734663.81,Safe,T001,RSUD dr. Soetomo,A
2025-10-20,106,Consumable,Ventilator,785,883,1652,3070.7,558,16,V001,True,1.406810035842294,2410499.5,Critical,T001,RSUD dr. Soetomo,A
2025-10-21,100,Consumable,IV Drip,3821,250,3828,16291.95,381,25,V002,False,10.028871391076116,62251540.95,Warning,T001,RSUD dr. Soetomo,A
2025-10-22,103,Consumable,Surgical Mask,6182,535,2408,14467.77,340,23,V001,False,18.18235294117647,89439754.14,Warning,T001,RSUD dr. Soetomo,A
2025-10-23,108,Equipment,Ventilator,448,285,2617,10919.13,328,20,V001,False,1.3658536585365855,4891770.239999999,Warning,T001,RSUD dr. Soetomo,A
2025-10-24,104,Equipment,Ventilator,3049,51,5293,5194.7,73,15,V002,False,41.76712328767123,15838640.299999999,Safe,T001,RSUD dr. Soetomo,A
2025-10-25,101,Equipment,Ventilator,696,214,1810,1953.94,636,3,V001,False,1.0943396226415094,1359942.24,Warning,T001,RSUD dr. Soetomo,A
2025-10-26,104,Equipment,Gloves,6327,438,3334,9696.92,259,4,V001,False,24.428571428571427,61352412.84,Safe,T001,RSUD dr. Soetomo,A
2025-10-27,105,Consumable,X-ray Machine,130,61,5214,2892.86,470,2,V002,False,0.2765957446808511,376071.8,Warning,T001,RSUD dr. Soetomo,A
2025-10-28,100,Consumable,X-ray Machine,5389,117,516,15235.58,105,11,V001,False,51.32380952380952,82104540.62,Safe,T001,RSUD dr. Soetomo,A
2025-10-29,103,Equipment,Ventilator,3686,154,2411,18491.22,219,5,V001,False,16.831050228310502,68158636.92,Safe,T001,RSUD dr. Soetomo,A
2025-10-30,101,Consumable,X-ray Machine,4774,514,3909,16406.52,625,1,V001,False,7.6384,78324726.48,Safe,T001,RSUD dr. Soetomo,A
2025-10-31,104,Consumable,Surgical Mask,4103,764,5823,6609.51,505,25,V003,False,8.124752475247524,27118819.53,Warning,T001,RSUD dr. Soetomo,A
2025-11-01,104,Equipment,X-ray Machine,4042,943,2557,2920.51,531,19,V001,False,7.612052730696798,11804701.420000002,Warning,T001,RSUD dr. Soetomo,A
2025-11-02,104,Consumable,Gloves,6422,536,2429,158.76,266,7,V001,False,24.142857142857142,1019556.72,Safe,T001,RSUD dr. Soetomo,A
2025-11-03,100,Consumable,Ventilator,3749,686,1600,13273.33,63,24,V001,False,59.507936507936506,49761714.17,Safe,T001,RSUD dr. Soetomo,A
2025-11-04,100,Consumable,IV Drip,1470,124,2228,3752.65,161,13,V003,False,9.130434782608695,5516395.5,Warning,T001,RSUD dr. Soetomo,A
2025-11-05,108,Equipment,Surgical Mask,5680,142,5851,14331.23,462,16,V002,False,12.294372294372295,81401386.39999999,Warning,T001,RSUD dr. Soetomo,A
2025-11-06,104,Consumable,IV Drip,6913,313,2448,11508.87,235,27,V002,False,29.417021276595744,79560818.31,Safe,T001,RSUD dr. Soetomo,A
2025-11-07,106,Equipment,Ventilator,3416,906,2282,9400.61,644,24,V001,False,5.304347826086956,32112483.76,Warning,T001,RSUD dr. Soetomo,A
2025-11-08,109,Equipment,Ventilator,5698,827,3393,15350.9,377,25,V002,False,15.114058355437665,87469428.2,Warning,T001,RSUD dr. Soetomo,A
2025-11-09,103,Consumable,IV Drip,5034,943,5451,19621.33,366,17,V001,False,13.754098360655737,98773775.22000001,Warning,T001,RSUD dr. Soetomo,A
2025-11-10,103,Equipment,Ventilator,5278,264,3502,2572.32,347,19,V003,False,15.210374639769453,13576704.96,Warning,T001,RSUD dr. Soetomo,A
2025-11-11,102,Equipment,Ventilator,4019,469,3181,11010.6,587,14,V002,False,6.846678023850085,44251601.4,Warning,T001,RSUD dr. Soetomo,A
2025-11-12,101,Consumable,Ventilator,6283,822,3983,6264.8,656,2,V003,False,9.577743902439025,39361738.4,Safe,T001,RSUD dr. Soetomo,A
2025-11-13,102,Consumable,X-ray Machine,420,591,2399,559.59,247,23,V002,True,1.7004048582995952,235027.80000000002,Critical,T001,RSUD dr. Soetomo,A
2025-11-14,101,Consumable,X-ray Machine,5202,370,4749,587.41,242,4,V003,False,21.49586776859504,3055706.82,Safe,T001,RSUD dr. Soetomo,A
2025-11-15,103,Consumable,Gloves,3741,504,2060,11552.65,532,27,V003,False,7.0319548872180455,43218463.65,Warning,T001,RSUD dr. Soetomo,A
2025-11-16,104,Consumable,IV Drip,2261,794,4345,1658.77,392,7,V001,False,5.767857142857143,3750478.9699999997,Warning,T001,RSUD dr. Soetomo,A
2025-11-17,101,Equipment,Surgical Mask,265,282,5654,879.04,331,8,V001,True,0.8006042296072508,232945.59999999998,Critical,T001,RSUD dr. Soetomo,A
2025-11-18,101,Equipment,IV Drip,3158,788,576,3457.98,55,26,V002,False,57.41818181818182,10920300.84,Safe,T001,RSUD dr. Soetomo,A
2025-11-19,100,Equipment,IV Drip,528,527,3759,9197.56,228,21,V003,False,2.3157894736842106,4856311.68,Warning,T001,RSUD dr. Soetomo,A
2025-11-20,107,Consumable,Gloves,5169,929,4127,10015.6,329,17,V002,False,15.711246200607903,51770636.4,Warning,T001,RSUD dr. Soetomo,A
2025-11-21,108,Equipment,X-ray Machine,1001,953,1475,18305.37,529,25,V001,False,1.892249527410208,18323675.369999997,Warning,T001,RSUD dr. Soetomo,A
2025-11-22,104,Equipment,Surgical Mask,759,589,1327,8393.67,555,3,V003,False,1.3675675675675676,6370795.53,Warning,T001,RSUD dr. Soetomo,A
2025-11-23,103,Consumable,Surgical Mask,1221,176,3849,2156.02,213,29,V001,False,5.732394366197183,2632500.42,Warning,T001,RSUD dr. Soetomo,A
2025-11-24,105,Equipment,Gloves,545,284,2048,4618.7,587,11,V002,False,0.9284497444633731,2517191.5,Warning,T001,RSUD dr. Soetomo,A
2025-11-25,106,Consumable,Ventilator,3179,104,3428,18908.2,251,20,V003,False,12.665338645418327,60109167.800000004,Warning,T001,RSUD dr. Soetomo,A
2025-11-26,103,Consumable,IV Drip,2031,474,1145,11903.24,24,3,V001,False,84.625,24175480.44,Safe,T001,RSUD dr. Soetomo,A
2025-11-27,102,Consumable,IV Drip,756,809,2160,7107.17,171,25,V003,True,4.421052631578948,5373020.5200000005,Critical,T001,RSUD dr. Soetomo,A
2025-11-28,109,Consumable,Surgical Mask,1308,436,2827,17854.28,360,1,V003,False,3.6333333333333333,23353398.24,Safe,T001,RSUD dr. Soetomo,A
2025-11-29,108,Equipment,IV Drip,5783,57,3363,6011.83,405,7,V002,False,14.279012345679012,34766412.89,Safe,T001,RSUD dr. Soetomo,A
2025-11-30,101,Equipment,Surgical Mask,1261,287,2542,17621.95,603,14,V001,False,2.0912106135986734,22221278.95,Warning,T001,RSUD dr. Soetomo,A
2025-12-01,104,Equipment,X-ray Machine,3286,65,4346,2423.11,305,7,V003,False,10.773770491803278,7962339.46,Safe,T001,RSUD dr. Soetomo,A
2025-12-02,100,Equipment,X-ray Machine,3706,340,568,18764.62,608,26,V002,False,6.095394736842105,69541681.72,Warning,T001,RSUD dr. Soetomo,A
2025-12-03,108,Equipment,Surgical Mask,1296,118,5821,18753.76,312,28,V001,False,4.153846153846154,24304872.959999997,Warning,T001,RSUD dr. Soetomo,A
2025-12-04,103,Consumable,Gloves,5391,41,5539,6905.72,516,16,V002,False,10.44767441860465,37228736.52,Warning,T001,RSUD dr. Soetomo,A
2025-12-05,109,Equipment,IV Drip,2230,605,3278,351.47,373,6,V001,False,5.978552278820375,783778.1000000001,Warning,T001,RSUD dr. Soetomo,A
2025-12-06,105,Consumable,Surgical Mask,4276,76,5071,7061.15,300,14,V003,False,14.253333333333334,30193477.4,Safe,T001,RSUD dr. Soetomo,A
2025-12-07,105,Equipment,Gloves,6300,157,1796,3616.63,528,10,V002,False,11.931818181818182,22784769.0,Safe,T001,RSUD dr. Soetomo,A
2025-12-08,101,Equipment,X-ray Machine,2187,169,2262,5321.71,8,24,V001,False,273.375,11638579.77,Safe,T001,RSUD dr. Soetomo,A
2025-12-09,107,Equipment,IV Drip,2670,892,5745,12513.84,266,20,V002,False,10.037593984962406,33411952.8,Warning,T001,RSUD dr. Soetomo,A
2025-12-10,108,Equipment,IV Drip,1512,797,1552,8862.24,609,23,V003,False,2.4827586206896552,13399706.879999999,Warning,T001,RSUD dr. Soetomo,A
2025-12-11,106,Equipment,X-ray Machine,2022,817,4880,14726.39,335,25,V003,False,6.035820895522388,29776760.58,Warning,T001,RSUD dr. Soetomo,A
2025-12-12,104,Consumable,Ventilator,6878,945,3173,12740.92,574,14,V001,False,11.982578397212544,87632047.76,Warning,T001,RSUD dr. Soetomo,A
2025-12-13,107,Consumable,Surgical Mask,5172,583,3149,6011.49,660,22,V001,False,7.836363636363636,31091426.279999997,Warning,T001,RSUD dr. Soetomo,A
2025-12-14,103,Equipment,Gloves,3023,619,1657,6477.87,628,14,V001,False,4.813694267515924,19582601.009999998,Warning,T001,RSUD dr. Soetomo,A
2025-12-15,105,Equipment,Gloves,5075,950,2102,15963.03,443,3,V003,False,11.455981941309256,81012377.25,Safe,T001,RSUD dr. Soetomo,A
2025-12-16,103,Consumable,Ventilator,3578,254,1215,10643.49,574,25,V002,False,6.2334494773519165,38082407.22,Warning,T001,RSUD dr. Soetomo,A
2025-12-17,106,Consumable,Gloves,6920,758,3137,2548.05,379,10,V001,False,18.258575197889183,17632506.0,Safe,T001,RSUD dr. Soetomo,A
2025-12-18,104,Equipment,Gloves,1838,448,3244,11734.67,292,2,V002,False,6.294520547945205,21568323.46,Safe,T001,RSUD dr. Soetomo,A
2025-12-19,107,Equipment,IV Drip,1492,744,2577,2760.01,244,27,V003,False,6.114754098360656,4117934.9200000004,Warning,T001,RSUD dr. Soetomo,A
2025-12-20,103,Equipment,Surgical Mask,5844,132,5045,17374.23,512,14,V002,False,11.4140625,101535000.12,Warning,T001,RSUD dr. Soetomo,A
2025-12-21,100,Equipment,IV Drip,4913,497,5937,2585.84,204,21,V001,False,24.083333333333332,12704231.92,Safe,T001,RSUD dr. Soetomo,A
2025-12-22,105,Consumable,X-ray Machine,6457,200,5084,13388.33,57,1,V001,False,113.28070175438596,86448446.81,Safe,T001,RSUD dr. Soetomo,A
2025-12-23,109,Consumable,IV Drip,2429,214,3726,17936.26,355,26,V001,False,6.842253521126761,43567175.54,Warning,T001,RSUD dr. Soetomo,A
2025-12-24,103,Consumable,Ventilator,4738,922,1499,1962.92,163,29,V003,False,29.067484662576685,9300314.96,Safe,T001,RSUD dr. Soetomo,A
2025-12-25,107,Consumable,Surgical Mask,1891,90,2971,10604.88,279,15,V003,False,6.777777777777778,20053828.08,Warning,T001,RSUD dr. Soetomo,A
2025-12-26,105,Consumable,Ventilator,5254,520,605,19161.84,70,5,V003,False,75.05714285714286,100676307.36,Safe,T001,RSUD dr. Soetomo,A
2025-12-27,105,Consumable,Surgical Mask,4228,144,4973,5559.22,227,8,V002,False,18.625550660792953,23504382.16,Safe,T001,RSUD dr. Soetomo,A
2025-12-28,108,Equipment,Surgical Mask,6432,462,4856,5621.72,34,17,V001,False,189.1764705882353,36158903.04,Safe,T001,RSUD dr. Soetomo,A
2025-12-29,100,Equipment,Surgical Mask,3479,823,2932,9401.31,43,10,V003,False,80.90697674418605,32707157.49,Safe,T001,RSUD dr. Soetomo,A
2025-12-30,108,Consumable,Gloves,2030,990,767,18954.09,201,13,V003,False,10.099502487562189,38476802.7,Warning,T001,RSUD dr. Soetomo,A
2025-12-31,103,Consumable,IV Drip,3849,516,679,16020.37,198,18,V001,False,19.439393939393938,61662404.13,Safe,T001,RSUD dr. Soetomo,A
2026-01-01,106,Consumable,Gloves,2909,680,1111,5424.08,394,5,V001,False,7.383248730964467,15778648.72,Safe,T001,RSUD dr. Soetomo,A
2026-01-02,109,Consumable,Gloves,2227,598,1464,4632.09,649,17,V001,False,3.431432973805855,10315664.43,Warning,T001,RSUD dr. Soetomo,A
2026-01-03,103,Equipment,IV Drip,4036,901,1232,3972.74,288,17,V002,False,14.01388888888889,16033978.639999999,Warning,T001,RSUD dr. Soetomo,A
2026-01-04,102,Equipment,Ventilator,1830,703,5508,8594.8,120,26,V002,False,15.25,15728483.999999998,Warning,T001,RSUD dr. Soetomo,A
2026-01-05,107,Consumable,Surgical Mask,224,427,5480,16158.21,649,17,V003,True,0.34514637904468415,3619439.04,Critical,T001,RSUD dr. Soetomo,A
2026-01-06,100,Consumable,Ventilator,3805,612,1594,3046.47,124,4,V002,False,30.68548387096774,11591818.35,Safe,T001,RSUD dr. Soetomo,A
2026-01-07,103,Equipment,Ventilator,1546,412,3308,12341.39,406,9,V003,False,3.8078817733990147,19079788.939999998,Warning,T001,RSUD dr. Soetomo,A
2026-01-08,100,Consumable,X-ray Machine,5583,144,2643,9446.07,482,23,V001,False,11.58298755186722,52737408.809999995,Warning,T001,RSUD dr. Soetomo,A
2026-01-09,103,Equipment,Gloves,2583,642,1526,12926.59,630,3,V002,False,4.1,33389381.97,Safe,T001,RSUD dr. Soetomo,A
2026-01-10,106,Equipment,Surgical Mask,249,140,5104,8070.0,204,1,V003,False,1.2205882352941178,2009430.0,Safe,T001,RSUD dr. Soetomo,A
2026-01-11,101,Consumable,IV Drip,2709,164,3814,15196.56,652,26,V003,False,4.154907975460123,41167481.04,Warning,T001,RSUD dr. Soetomo,A
2026-01-12,109,Consumable,Ventilator,3357,248,4405,6420.49,562,7,V002,False,5.973309608540926,21553584.93,Warning,T001,RSUD dr. Soetomo,A
2026-01-13,102,Equipment,X-ray Machine,1834,291,2773,14443.49,242,22,V003,False,7.578512396694215,26489360.66,Warning,T001,RSUD dr. Soetomo,A
2026-01-14,109,Equipment,X-ray Machine,5624,535,1946,19193.19,371,29,V001,False,15.159029649595688,107942500.55999999,Warning,T001,RSUD dr. Soetomo,A
2026-01-15,104,Consumable,Ventilator,3815,969,3128,11585.05,107,23,V003,False,35.654205607476634,44196965.75,Safe,T001,RSUD dr. Soetomo,A
2026-01-16,109,Equipment,Ventilator,4277,741,2386,12691.4,11,28,V001,False,388.8181818181818,54281117.8,Safe,T001,RSUD dr. Soetomo,A
2026-01-17,101,Consumable,X-ray Machine,3293,584,5615,10496.26,16,26,V002,False,205.8125,34564184.18,Safe,T001,RSUD dr. Soetomo,A
2026-01-18,103,Consumable,Gloves,4371,67,2883,9719.26,259,18,V002,False,16.876447876447877,42482885.46,Warning,T001,RSUD dr. Soetomo,A
2026-01-19,102,Equipment,X-ray Machine,5470,303,5747,3371.35,274,5,V003,False,19.963503649635037,18441284.5,Safe,T001,RSUD dr. Soetomo,A
2026-01-20,104,Equipment,X-ray Machine,3515,951,4873,13751.14,597,5,V002,False,5.8877721943048575,48335257.1,Safe,T001,RSUD dr. Soetomo,A
2026-01-21,109,Consumable,X-ray Machine,2348,415,4461,12123.63,425,3,V002,False,5.524705882352941,28466283.24,Safe,T001,RSUD dr. Soetomo,A
2026-01-22,107,Consumable,Gloves,1484,117,5991,11057.94,53,26,V001,False,28.0,16409982.96,Safe,T001,RSUD dr. Soetomo,A
2026-01-23,104,Equipment,Gloves,1823,514,1626,6128.89,230,12,V001,False,7.926086956521739,11172966.47,Warning,T001,RSUD dr. Soetomo,A
2026-01-24,109,Consumable,Gloves,1765,847,4868,7890.13,636,11,V002,False,2.7751572327044025,13926079.450000001,Warning,T001,RSUD dr. Soetomo,A
2026-01-25,104,Consumable,IV Drip,5893,827,2550,8664.16,606,3,V002,False,9.724422442244224,51057894.88,Safe,T001,RSUD dr. Soetomo,A
2026-01-26,101,Consumable,IV Drip,2362,35,1201,13149.87,47,12,V003,False,50.255319148936174,31059992.94,Safe,T001,RSUD dr. Soetomo,A
2026-01-27,102,Equipment,IV Drip,2510,278,5730,14518.01,284,13,V001,False,8.838028169014084,36440205.1,Warning,T001,RSUD dr. Soetomo,A
2026-01-28,107,Equipment,IV Drip,4193,574,2836,6259.41,576,21,V002,False,7.279513888888889,26245706.13,Warning,T001,RSUD dr. Soetomo,A
2026-01-29,102,Equipment,Surgical Mask,4339,848,731,12294.92,590,10,V003,False,7.354237288135593,53347657.88,Warning,T001,RSUD dr. Soetomo,A
2026-01-30,103,Consumable,Surgical Mask,2552,953,4273,7407.8,96,27,V001,False,26.583333333333332,18904705.6,Warning,T001,RSUD dr. Soetomo,A
2026-01-31,109,Equipment,Surgical Mask,1834,775,885,9704.49,178,4,V003,False,10.303370786516854,17798034.66,Safe,T001,RSUD dr. Soetomo,A
2026-02-01,107,Equipment,Ventilator,2832,83,3864,1638.81,574,20,V002,False,4.933797909407666,4641109.92,Warning,T001,RSUD dr. Soetomo,A
2026-02-02,106,Consumable,Surgical Mask,3814,916,4429,11573.76,513,7,V002,False,7.434697855750487,44142320.64,Safe,T001,RSUD dr. Soetomo,A
2026-02-03,106,Consumable,Ventilator,4616,594,764,17928.89,124,28,V002,False,37.225806451612904,82759756.24,Safe,T001,RSUD dr. Soetomo,A
2026-02-04,102,Equipment,X-ray Machine,2492,484,3407,19068.13,622,11,V001,False,4.006430868167203,47517779.96,Warning,T001,RSUD dr. Soetomo,A
2026-02-05,103,Equipment,Surgical Mask,444,154,1524,6693.04,227,17,V001,False,1.9559471365638768,2971709.76,Warning,T001,RSUD dr. Soetomo,A
2026-02-06,106,Equipment,Gloves,2771,361,663,3402.94,289,9,V002,False,9.588235294117647,9429546.74,Safe,T001,RSUD dr. Soetomo,A
2026-02-07,100,Equipment,IV Drip,4068,872,5810,19532.82,381,26,V003,False,10.67716535433071,79459511.76,Warning,T001,RSUD dr. Soetomo,A
2026-02-08,108,Consumable,Ventilator,5701,776,3496,15934.2,347,6,V002,False,16.429394812680115,90840874.2,Safe,T001,RSUD dr. Soetomo,A
2026-02-09,100,Equipment,X-ray Machine,1396,239,2186,5863.88,146,16,V002,False,9.561643835616438,8185976.48,Warning,T001,RSUD dr. Soetomo,A
2026-02-10,107,Equipment,Surgical Mask,5870,304,4213,90.3,566,27,V001,False,10.371024734982333,530061.0,Warning,T001,RSUD dr. Soetomo,A
2026-02-11,106,Consumable,IV Drip,1151,186,2385,5284.45,516,6,V003,False,2.2306201550387597,6082401.95,Warning,T001,RSUD dr. Soetomo,A
2026-02-12,105,Consumable,Gloves,5067,710,2807,19098.93,608,19,V003,False,8.333881578947368,96774278.31,Warning,T001,RSUD dr. Soetomo,A
2024-10-01,105,Consumable,Ventilator,1696,264,1018,4467.55,119,17,V001,False,14.252100840336135,7576964.800000001,Warning,T002,RSUD dr. Mohamad Soewandhie,B
2024-10-02,100,Equipment,Ventilator,2736,656,3556,5832.29,61,12,V001,False,44.85245901639344,15957145.44,Safe,T002,RSUD dr. Mohamad Soewandhie,B
2024-10-03,103,Equipment,Surgical Mask,2608,384,5562,16062.98,517,6,V001,False,5.044487427466151,41892251.839999996,Warning,T002,RSUD dr. Mohamad Soewandhie,B
2024-10-04,103,Consumable,Surgical Mask,2242,438,1131,744.1,228,15,V002,False,9.833333333333334,1668272.2,Warning,T002,RSUD dr. Mohamad Soewandhie,B
2024-10-05,107,Equipment,IV Drip,2651,338,1013,15426.53,174,12,V003,False,15.235632183908047,40895731.03,Safe,T002,RSUD dr. Mohamad Soewandhie,B
2024-10-06,109,Equipment,IV Drip,2484,402,1715,15246.06,425,26,V002,False,5.844705882352941,37871213.04,Warning,T002,RSUD dr. Mohamad Soewandhie,B
2024-10-07,103,Consumable,IV Drip,426,210,3765,1631.28,228,24,V003,False,1.868421052631579,694925.28,Warning,T002,RSUD dr. Mohamad Soewandhie,B
2024-10-08,105,Equipment,IV Drip,135,502,2161,16620.81,283,11,V002,True,0.47703180212014135,2243809.35,Critical,T002,RSUD dr. Mohamad Soewandhie,B
2024-10-09,102,Consumable,Ventilator,869,751,1801,3441.26,18,20,V001,False,48.27777777777778,2990454.9400000004,Safe,T002,RSUD dr. Mohamad Soewandhie,B
2024-10-10,104,Equipment,Gloves,2693,28,1314,2729.08,460,5,V002,False,5.854347826086957,7349412.4399999995,Safe,T002,RSUD dr. Mohamad Soewandhie,B
2024-10-11,107,Equipment,Surgical Mask,3796,12,2292,3328.44,177,21,V001,False,21.44632768361582,12634758.24,Safe,T002,RSUD dr. Mohamad Soewandhie,B
2024-10-12,106,Consumable,Surgical Mask,4961,207,4298,55.66,279,8,V003,False,17.781362007168457,276129.26,Safe,T002,RSUD dr. Mohamad Soewandhie,B
2024-10-13,108,Consumable,X-ray Machine,3628,231,3736,10669.37,268,2,V001,False,13.537313432835822,38708474.36,Safe,T002,RSUD dr. Mohamad Soewandhie,B
2024-10-14,108,Consumable,Gloves,868,515,4238,7379.83,253,24,V002,False,3.430830039525692,6405692.4399999995,Warning,T002,RSUD dr. Mohamad Soewandhie,B
2024-10-15,101,Consumable,Gloves,5191,239,2184,2865.49,218,24,V003,False,23.81192660550459,14874758.589999998,Warning,T002,RSUD dr. Mohamad Soewandhie,B
2024-10-16,106,Equipment,Surgical Mask,3812,622,4936,17374.64,457,25,V002,False,8.341356673960613,66232127.68,Warning,T002,RSUD dr. Mohamad Soewandhie,B
2024-10-17,107,Equipment,Gloves,513,372,3426,10124.28,117,26,V002,False,4.384615384615385,5193755.640000001,Warning,T002,RSUD dr. Mohamad Soewandhie,B
2024-10-18,107,Consumable,X-ray Machine,2651,167,3633,6974.49,194,6,V002,False,13.664948453608247,18489372.99,Safe,T002,RSUD dr. Mohamad Soewandhie,B
2024-10-19,108,Consumable,Ventilator,508,165,2450,10654.65,549,23,V001,False,0.9253187613843351,5412562.2,Warning,T002,RSUD dr. Mohamad Soewandhie,B
2024-10-20,101,Equipment,IV Drip,4749,667,3215,16184.33,65,18,V003,False,73.06153846153846,76859383.17,Safe,T002,RSUD dr. Mohamad Soewandhie,B
2024-10-21,105,Equipment,X-ray Machine,251,452,3288,3419.11,504,17,V002,True,0.498015873015873,858196.61,Critical,T002,RSUD dr. Mohamad Soewandhie,B
2024-10-22,109,Consumable,IV Drip,3203,405,2109,17313.6,411,17,V001,False,7.793187347931873,55455460.8,Warning,T002,RSUD dr. Mohamad Soewandhie,B
2024-10-23,108,Consumable,Surgical Mask,2427,315,3900,11709.1,431,1,V002,False,5.631090487238979,28417985.7,Safe,T002,RSUD dr. Mohamad Soewandhie,B
2024-10-24,109,Consumable,Ventilator,2771,338,1419,12310.83,457,19,V003,False,6.063457330415755,34113309.93,Warning,T002,RSUD dr. Mohamad Soewandhie,B
2024-10-25,104,Equipment,X-ray Machine,3003,354,4914,11771.05,376,4,V001,False,7.986702127659575,35348463.15,Safe,T002,RSUD dr. Mohamad Soewandhie,B
2024-10-26,103,Consumable,Gloves,2310,525,4644,4426.77,34,2,V002,False,67.94117647058823,10225838.700000001,Safe,T002,RSUD dr. Mohamad Soewandhie,B
2024-10-27,100,Equipment,Ventilator,919,634,2523,3695.18,469,7,V002,False,1.9594882729211087,3395870.42,Warning,T002,RSUD dr. Mohamad Soewandhie,B
2024-10-28,103,Consumable,X-ray Machine,4718,21,1823,9547.31,10,21,V001,False,471.8,45044208.58,Safe,T002,RSUD dr. Mohamad Soewandhie,B
2024-10-29,105,Consumable,Ventilator,833,835,1153,7127.18,73,1,V003,True,11.41095890410959,5936940.94,Critical,T002,RSUD dr. Mohamad Soewandhie,B
2024-10-30,100,Equipment,Surgical Mask,1557,444,1004,4817.11,121,9,V003,False,12.867768595041323,7500240.27,Safe,T002,RSUD dr. Mohamad Soewandhie,B
2024-10-31,102,Consumable,Gloves,5390,665,867,11625.6,517,25,V003,False,10.425531914893616,62661984.0,Warning,T002,RSUD dr. Mohamad Soewandhie,B
2024-11-01,103,Consumable,IV Drip,3537,963,1517,17123.76,292,7,V001,False,12.113013698630137,60566739.12,Safe,T002,RSUD dr. Mohamad Soewandhie,B
2024-11-02,108,Consumable,IV Drip,960,141,1277,11138.18,275,12,V001,False,3.4909090909090907,10692652.8,Warning,T002,RSUD dr. Mohamad Soewandhie,B
2024-11-03,101,Equipment,IV Drip,2502,896,3727,18130.51,262,5,V002,False,9.549618320610687,45362536.019999996,Safe,T002,RSUD dr. Mohamad Soewandhie,B
2024-11-04,103,Equipment,X-ray Machine,5397,966,1497,14336.04,55,22,V001,False,98.12727272727273,77371607.88000001,Safe,T002,RSUD dr. Mohamad Soewandhie,B
2024-11-05,103,Consumable,Ventilator,763,945,5657,18008.8,410,6,V002,True,1.8609756097560977,13740714.4,Critical,T002,RSUD dr. Mohamad Soewandhie,B
2024-11-06,103,Consumable,Gloves,153,520,4602,4034.61,72,8,V001,True,2.125,617295.3300000001,Critical,T002,RSUD dr. Mohamad Soewandhie,B
2024-11-07,107,Consumable,Gloves,2575,991,3886,11746.94,101,24,V003,False,25.495049504950494,30248370.5,Safe,T002,RSUD dr. Mohamad Soewandhie,B
2024-11-08,100,Equipment,X-ray Machine,4120,167,5193,7093.88,56,26,V003,False,73.57142857142857,29226785.6,Safe,T002,RSUD dr. Mohamad Soewandhie,B
2024-11-09,101,Consumable,Gloves,5284,959,5623,14874.23,195,20,V001,False,27.097435897435897,78595431.32,Safe,T002,RSUD dr. Mohamad Soewandhie,B
2024-11-10,109,Consumable,Gloves,3567,77,4318,8997.87,521,11,V001,False,6.846449136276392,32095402.290000003,Warning,T002,RSUD dr. Mohamad Soewandhie,B
2024-11-11,109,Equipment,Ventilator,2977,578,3839,8243.92,174,6,V003,False,17.10919540229885,24542149.84,Safe,T002,RSUD dr. Mohamad Soewandhie,B
2024-11-12,100,Consumable,Ventilator,2690,213,2961,2860.0,79,6,V003,False,34.050632911392405,7693400.0,Safe,T002,RSUD dr. Mohamad Soewandhie,B
2024-11-13,104,Equipment,Ventilator,3192,385,5319,7091.41,30,5,V001,False,106.4,22635780.72,Safe,T002,RSUD dr. Mohamad Soewandhie,B
2024-11-14,107,Consumable,X-ray Machine,1603,89,5902,13356.24,528,29,V003,False,3.0359848484848486,21410052.72,Warning,T002,RSUD dr. Mohamad Soewandhie,B
2024-11-15,103,Consumable,X-ray Machine,481,311,4676,10175.7,439,11,V001,False,1.0956719817767653,4894511.7,Warning,T002,RSUD dr. Mohamad Soewandhie,B
2024-11-16,102,Equipment,X-ray Machine,1905,612,1687,10382.88,416,26,V001,False,4.579326923076923,19779386.4,Warning,T002,RSUD dr. Mohamad Soewandhie,B
2024-11-17,107,Equipment,Gloves,280,89,2088,12963.49,304,13,V001,False,0.9210526315789473,3629777.1999999997,Warning,T002,RSUD dr. Mohamad Soewandhie,B
2024-11-18,102,Consumable,IV Drip,2364,235,5509,5517.11,140,17,V001,False,16.885714285714286,13042448.04,Warning,T002,RSUD dr. Mohamad Soewandhie,B
2024-11-19,100,Consumable,Gloves,5178,21,5808,4415.31,151,26,V001,False,34.29139072847682,22862475.180000003,Safe,T002,RSUD dr. Mohamad Soewandhie,B
2024-11-20,100,Equipment,Ventilator,2603,513,1469,19355.19,44,6,V001,False,59.15909090909091,50381559.57,Safe,T002,RSUD dr. Mohamad Soewandhie,B
2024-11-21,104,Equipment,IV Drip,3260,143,4695,2757.06,455,14,V002,False,7.164835164835165,8988015.6,Warning,T002,RSUD dr. Mohamad Soewandhie,B
2024-11-22,105,Equipment,Surgical Mask,4101,936,5517,1620.42,308,12,V001,False,13.314935064935066,6645342.42,Safe,T002,RSUD dr. Mohamad Soewandhie,B
2024-11-23,105,Consumable,IV Drip,4226,196,2163,14073.16,367,23,V001,False,11.514986376021799,59473174.16,Warning,T002,RSUD dr. Mohamad Soewandhie,B
2024-11-24,106,Consumable,Ventilator,2379,590,3726,12942.68,45,11,V002,False,52.86666666666667,30790635.720000003,Safe,T002,RSUD dr. Mohamad Soewandhie,B
2024-11-25,108,Consumable,Ventilator,2405,325,1063,7419.78,143,8,V003,False,16.818181818181817,17844570.9,Safe,T002,RSUD dr. Mohamad Soewandhie,B
2024-11-26,104,Consumable,Ventilator,237,554,835,1536.19,381,1,V001,True,0.6220472440944882,364077.03,Critical,T002,RSUD dr. Mohamad Soewandhie,B
2024-11-27,101,Consumable,Ventilator,532,815,2831,5590.96,520,25,V001,True,1.023076923076923,2974390.72,Critical,T002,RSUD dr. Mohamad Soewandhie,B
2024-11-28,104,Equipment,Surgical Mask,2220,181,2680,1244.96,316,17,V002,False,7.025316455696203,2763811.2,Warning,T002,RSUD dr. Mohamad Soewandhie,B
2024-11-29,109,Consumable,IV Drip,1406,647,3930,19782.43,469,28,V003,False,2.997867803837953,27814096.580000002,Warning,T002,RSUD dr. Mohamad Soewandhie,B
2024-11-30,108,Consumable,Surgical Mask,1186,326,2651,13908.3,371,24,V001,False,3.196765498652291,16495243.799999999,Warning,T002,RSUD dr. Mohamad Soewandhie,B
2024-12-01,101,Consumable,Gloves,1373,567,2789,8638.15,419,25,V001,False,3.2768496420047732,11860179.95,Warning,T002,RSUD dr. Mohamad Soewandhie,B
2024-12-02,101,Consumable,IV Drip,4435,295,2985,18394.64,351,29,V002,False,12.635327635327636,81580228.39999999,Warning,T002,RSUD dr. Mohamad Soewandhie,B
2024-12-03,107,Consumable,Gloves,3699,260,4363,11309.13,365,25,V003,False,10.134246575342466,41832471.87,Warning,T002,RSUD dr. Mohamad Soewandhie,B
2024-12-04,109,Equipment,Gloves,3802,165,5600,14225.64,396,26,V003,False,9.6010101010101,54085883.28,Warning,T002,RSUD dr. Mohamad Soewandhie,B
2024-12-05,109,Equipment,Gloves,4002,753,2058,10135.64,361,21,V003,False,11.085872576177286,40562831.28,Warning,T002,RSUD dr. Mohamad Soewandhie,B
2024-12-06,103,Equipment,Ventilator,5359,805,1872,16529.65,113,15,V003,False,47.424778761061944,88582394.35000001,Safe,T002,RSUD dr. Mohamad Soewandhie,B
2024-12-07,106,Equipment,IV Drip,1126,39,4578,19648.94,517,1,V002,False,2.1779497098646035,22124706.439999998,Safe,T002,RSUD dr. Mohamad Soewandhie,B
2024-12-08,107,Equipment,X-ray Machine,1405,136,5626,8242.85,520,15,V002,False,2.701923076923077,11581204.25,Warning,T002,RSUD dr. Mohamad Soewandhie,B
2024-12-09,102,Consumable,IV Drip,5088,82,1409,2946.37,323,4,V001,False,15.75232198142415,14991130.559999999,Safe,T002,RSUD dr. Mohamad Soewandhie,B
2024-12-10,100,Consumable,Ventilator,2895,85,1729,8037.19,330,23,V001,False,8.772727272727273,23267665.049999997,Warning,T002,RSUD dr. Mohamad Soewandhie,B
2024-12-11,103,Equipment,IV Drip,5453,107,4741,15954.34,488,16,V002,False,11.174180327868852,86999016.02,Warning,T002,RSUD dr. Mohamad Soewandhie,B
2024-12-12,105,Equipment,Ventilator,1696,216,978,4.23,182,9,V003,False,9.31868131868132,7174.080000000001,Safe,T002,RSUD dr. Mohamad Soewandhie,B
2024-12-13,109,Equipment,IV Drip,4199,560,2310,19091.92,177,4,V001,False,23.72316384180791,80166972.08,Safe,T002,RSUD dr. Mohamad Soewandhie,B
2024-12-14,104,Equipment,IV Drip,1324,277,1252,13250.46,363,5,V001,False,3.647382920110193,17543609.04,Warning,T002,RSUD dr. Mohamad Soewandhie,B
2024-12-15,104,Equipment,Gloves,1882,468,5750,6213.3,266,21,V003,False,7.075187969924812,11693430.6,Warning,T002,RSUD dr. Mohamad Soewandhie,B
2024-12-16,106,Equipment,Surgical Mask,1885,768,527,9796.68,282,15,V001,False,6.684397163120567,18466741.8,Warning,T002,RSUD dr. Mohamad Soewandhie,B
2024-12-17,104,Equipment,IV Drip,3820,867,892,5281.82,538,29,V002,False,7.100371747211896,20176552.4,Warning,T002,RSUD dr. Mohamad Soewandhie,B
2024-12-18,104,Equipment,X-ray Machine,257,42,4319,8718.91,441,5,V002,False,0.5827664399092971,2240759.87,Warning,T002,RSUD dr. Mohamad Soewandhie,B
2024-12-19,103,Consumable,Surgical Mask,4215,700,5827,12764.56,462,28,V001,False,9.123376623376624,53802620.4,Warning,T002,RSUD dr. Mohamad Soewandhie,B
2024-12-20,104,Consumable,X-ray Machine,2517,50,715,13481.71,273,18,V002,False,9.219780219780219,33933464.07,Warning,T002,RSUD dr. Mohamad Soewandhie,B
2024-12-21,104,Consumable,IV Drip,5400,208,3379,6455.81,427,28,V001,False,12.646370023419204,34861374.0,Warning,T002,RSUD dr. Mohamad Soewandhie,B
2024-12-22,108,Equipment,Ventilator,3097,296,3730,459.81,44,20,V001,False,70.38636363636364,1424031.57,Safe,T002,RSUD dr. Mohamad Soewandhie,B
2024-12-23,104,Equipment,IV Drip,1899,672,3408,7544.2,464,25,V002,False,4.092672413793103,14326435.799999999,Warning,T002,RSUD dr. Mohamad Soewandhie,B
2024-12-24,103,Equipment,Gloves,377,133,4482,7507.87,286,25,V002,False,1.3181818181818181,2830466.9899999998,Warning,T002,RSUD dr. Mohamad Soewandhie,B
2024-12-25,107,Equipment,Ventilator,4511,597,3745,8240.78,468,4,V002,False,9.63888888888889,37174158.580000006,Safe,T002,RSUD dr. Mohamad Soewandhie,B
2024-12-26,105,Consumable,X-ray Machine,2654,301,4856,19314.53,65,19,V001,False,40.83076923076923,51260762.62,Safe,T002,RSUD dr. Mohamad Soewandhie,B
2024-12-27,105,Consumable,IV Drip,4934,478,5480,19401.95,532,2,V002,False,9.274436090225564,95729221.3,Safe,T002,RSUD dr. Mohamad Soewandhie,B
2024-12-28,100,Equipment,IV Drip,4323,974,5246,2974.71,143,13,V003,False,30.23076923076923,12859671.33,Safe,T002,RSUD dr. Mohamad Soewandhie,B
2024-12-29,101,Consumable,Ventilator,1577,585,5992,18268.7,4,21,V001,False,394.25,28809739.900000002,Safe,T002,RSUD dr. Mohamad Soewandhie,B
2024-12-30,105,Equipment,IV Drip,4542,782,563,19569.2,13,8,V001,False,349.38461538461536,88883306.4,Safe,T002,RSUD dr. Mohamad Soewandhie,B
2024-12-31,109,Equipment,Surgical Mask,4311,699,4870,5133.32,427,23,V003,False,10.096018735362998,22129742.52,Warning,T002,RSUD dr. Mohamad Soewandhie,B
2025-01-01,103,Equipment,X-ray Machine,1239,894,4056,14820.61,122,13,V003,False,10.155737704918034,18362735.79,Warning,T002,RSUD dr. Mohamad Soewandhie,B
2025-01-02,100,Equipment,IV Drip,3023,167,2748,3509.51,207,25,V001,False,14.603864734299517,10609248.73,Warning,T002,RSUD dr. Mohamad Soewandhie,B
2025-01-03,105,Equipment,IV Drip,4231,713,4715,9439.58,155,16,V003,False,27.296774193548387,39938862.98,Safe,T002,RSUD dr. Mohamad Soewandhie,B
2025-01-04,100,Consumable,Ventilator,759,839,2862,12144.29,388,1,V002,True,1.9561855670103092,9217516.110000001,Critical,T002,RSUD dr. Mohamad Soewandhie,B
2025-01-05,101,Consumable,Gloves,4181,613,4285,3592.18,466,2,V002,False,8.972103004291846,15018904.58,Safe,T002,RSUD dr. Mohamad Soewandhie,B
2025-01-06,102,Consumable,X-ray Machine,4602,633,3969,10943.91,338,14,V001,False,13.615384615384615,50363873.82,Warning,T002,RSUD dr. Mohamad Soewandhie,B
2025-01-07,104,Consumable,Surgical Mask,1712,221,5265,14776.76,283,2,V001,False,6.049469964664311,25297813.12,Safe,T002,RSUD dr. Mohamad Soewandhie,B
2025-01-08,102,Equipment,Surgical Mask,267,370,3138,13348.52,61,4,V002,True,4.377049180327869,3564054.8400000003,Critical,T002,RSUD dr. Mohamad Soewandhie,B
2025-01-09,100,Consumable,Ventilator,1316,100,577,12615.11,61,8,V001,False,21.57377049180328,16601484.760000002,Safe,T002,RSUD dr. Mohamad Soewandhie,B
2025-01-10,103,Consumable,Surgical Mask,3066,548,4514,2409.08,123,25,V002,False,24.926829268292682,7386239.279999999,Warning,T002,RSUD dr. Mohamad Soewandhie,B
2025-01-11,102,Consumable,Gloves,4815,595,5296,19127.81,378,5,V003,False,12.738095238095237,92100405.15,Safe,T002,RSUD dr. Mohamad Soewandhie,B
2025-01-12,100,Consumable,IV Drip,1535,956,1088,2818.77,220,7,V003,False,6.9772727272727275,4326811.95,Warning,T002,RSUD dr. Mohamad Soewandhie,B
2025-01-13,107,Equipment,X-ray Machine,1557,233,5849,12244.95,207,28,V003,False,7.521739130434782,19065387.150000002,Warning,T002,RSUD dr. Mohamad Soewandhie,B
2025-01-14,105,Equipment,IV Drip,2785,872,4241,2591.06,354,27,V001,False,7.867231638418079,7216102.1,Warning,T002,RSUD dr. Mohamad Soewandhie,B
2025-01-15,109,Equipment,Ventilator,1540,795,4671,10794.3,531,3,V003,False,2.9001883239171375,16623221.999999998,Warning,T002,RSUD dr. Mohamad Soewandhie,B
2025-01-16,100,Equipment,IV Drip,2983,721,2525,17348.74,297,14,V002,False,10.043771043771043,51751291.42,Warning,T002,RSUD dr. Mohamad Soewandhie,B
2025-01-17,102,Equipment,Gloves,2296,834,2405,12605.89,485,7,V002,False,4.734020618556701,28943123.439999998,Warning,T002,RSUD dr. Mohamad Soewandhie,B
2025-01-18,107,Consumable,Surgical Mask,587,813,2444,18171.78,34,16,V002,True,17.264705882352942,10666834.86,Critical,T002,RSUD dr. Mohamad Soewandhie,B
2025-01-19,102,Equipment,X-ray Machine,2474,211,4399,13171.06,376,26,V002,False,6.579787234042553,32585202.439999998,Warning,T002,RSUD dr. Mohamad Soewandhie,B
2025-01-20,109,Consumable,Gloves,2442,742,5268,9108.27,90,17,V002,False,27.133333333333333,22242395.34,Safe,T002,RSUD dr. Mohamad Soewandhie,B
2025-01-21,102,Consumable,Ventilator,2398,825,992,9337.51,167,17,V003,False,14.359281437125748,22391348.98,Warning,T002,RSUD dr. Mohamad Soewandhie,B
2025-01-22,103,Equipment,X-ray Machine,153,58,5874,4233.14,462,19,V002,False,0.33116883116883117,647670.42,Warning,T002,RSUD dr. Mohamad Soewandhie,B
2025-01-23,103,Equipment,IV Drip,880,385,4292,19077.24,460,10,V003,False,1.9130434782608696,16787971.200000003,Warning,T002,RSUD dr. Mohamad Soewandhie,B
2025-01-24,102,Equipment,Ventilator,3559,977,5606,6218.86,430,26,V002,False,8.276744186046512,22132922.74,Warning,T002,RSUD dr. Mohamad Soewandhie,B
2025-01-25,103,Equipment,IV Drip,226,639,4192,7999.22,28,1,V001,True,8.071428571428571,1807823.72,Critical,T002,RSUD dr. Mohamad Soewandhie,B
2025-01-26,104,Equipment,Gloves,1746,589,1638,596.28,38,16,V003,False,45.94736842105263,1041104.88,Safe,T002,RSUD dr. Mohamad Soewandhie,B
2025-01-27,101,Consumable,Gloves,2599,645,4607,7760.43,116,22,V001,False,22.405172413793103,20169357.57,Safe,T002,RSUD dr. Mohamad Soewandhie,B
2025-01-28,102,Consumable,Ventilator,4687,721,2819,2334.56,486,17,V003,False,9.6440329218107,10942082.72,Warning,T002,RSUD dr. Mohamad Soewandhie,B
2025-01-29,109,Equipment,Surgical Mask,2115,328,5901,3828.92,395,11,V003,False,5.3544303797468356,8098165.8,Warning,T002,RSUD dr. Mohamad Soewandhie,B
2025-01-30,101,Consumable,Ventilator,4995,978,5385,15790.87,504,5,V001,False,9.910714285714286,78875395.65,Safe,T002,RSUD dr. Mohamad Soewandhie,B
2025-01-31,104,Consumable,Surgical Mask,2580,303,2698,9444.07,168,8,V002,False,15.357142857142858,24365700.599999998,Safe,T002,RSUD dr. Mohamad Soewandhie,B
2025-02-01,106,Equipment,Ventilator,3990,15,1262,16754.86,244,24,V002,False,16.352459016393443,66851891.400000006,Warning,T002,RSUD dr. Mohamad Soewandhie,B
2025-02-02,108,Equipment,Ventilator,114,619,2383,6457.32,7,18,V002,True,16.285714285714285,736134.48,Critical,T002,RSUD dr. Mohamad Soewandhie,B
2025-02-03,102,Equipment,X-ray Machine,1503,65,4704,7664.23,265,9,V002,False,5.6716981132075475,11519337.69,Warning,T002,RSUD dr. Mohamad Soewandhie,B
2025-02-04,103,Consumable,Surgical Mask,3573,486,5052,16642.78,476,7,V003,False,7.506302521008403,59464652.94,Safe,T002,RSUD dr. Mohamad Soewandhie,B
2025-02-05,100,Consumable,Surgical Mask,76,440,1359,1353.1,451,14,V002,True,0.16851441241685144,102835.59999999999,Critical,T002,RSUD dr. Mohamad Soewandhie,B
2025-02-06,100,Equipment,Gloves,1163,48,5072,16408.54,498,6,V003,False,2.3353413654618476,19083132.02,Warning,T002,RSUD dr. Mohamad Soewandhie,B
2025-02-07,106,Equipment,IV Drip,4214,571,3291,4108.2,263,18,V003,False,16.022813688212928,17311954.8,Warning,T002,RSUD dr. Mohamad Soewandhie,B
2025-02-08,100,Consumable,Gloves,5357,274,4699,13098.78,43,6,V003,False,124.5813953488372,70170164.46000001,Safe,T002,RSUD dr. Mohamad Soewandhie,B
2025-02-09,106,Consumable,Surgical Mask,284,644,599,10657.62,424,5,V001,True,0.6698113207547169,3026764.08,Critical,T002,RSUD dr. Mohamad Soewandhie,B
2025-02-10,103,Consumable,X-ray Machine,3029,203,4989,15785.82,348,3,V001,False,8.704022988505747,47815248.78,Safe,T002,RSUD dr. Mohamad Soewandhie,B
2025-02-11,103,Equipment,Surgical Mask,2511,332,1386,15330.07,228,23,V002,False,11.013157894736842,38493805.769999996,Warning,T002,RSUD dr. Mohamad Soewandhie,B
2025-02-12,108,Equipment,IV Drip,2413,72,1320,11508.29,81,29,V003,False,29.790123456790123,27769503.770000003,Safe,T002,RSUD dr. Mohamad Soewandhie,B
2025-02-13,108,Consumable,IV Drip,2614,26,3871,11614.0,252,27,V002,False,10.373015873015873,30358996.0,Warning,T002,RSUD dr. Mohamad Soewandhie,B
2025-02-14,108,Equipment,Ventilator,1613,199,3397,14687.35,546,18,V001,False,2.9542124542124544,23690695.55,Warning,T002,RSUD dr. Mohamad Soewandhie,B
2025-02-15,102,Consumable,X-ray Machine,5474,204,2318,12211.46,479,28,V001,False,11.427974947807932,66845532.03999999,Warning,T002,RSUD dr. Mohamad Soewandhie,B
2025-02-16,103,Equipment,Gloves,2127,277,1962,11180.05,32,2,V001,False,66.46875,23779966.349999998,Safe,T002,RSUD dr. Mohamad Soewandhie,B
2025-02-17,102,Consumable,X-ray Machine,1367,425,1855,9954.16,440,28,V003,False,3.106818181818182,13607336.72,Warning,T002,RSUD dr. Mohamad Soewandhie,B
2025-02-18,100,Equipment,Ventilator,2108,404,3520,19150.22,215,8,V001,False,9.804651162790698,40368663.760000005,Safe,T002,RSUD dr. Mohamad Soewandhie,B
2025-02-19,108,Equipment,Surgical Mask,167,30,2817,4425.19,41,14,V001,False,4.073170731707317,739006.73,Warning,T002,RSUD dr. Mohamad Soewandhie,B
2025-02-20,108,Equipment,IV Drip,1846,110,1468,8742.17,150,26,V002,False,12.306666666666667,16138045.82,Warning,T002,RSUD dr. Mohamad Soewandhie,B
2025-02-21,103,Equipment,Surgical Mask,2427,792,732,8376.04,513,6,V002,False,4.730994152046784,20328649.080000002,Warning,T002,RSUD dr. Mohamad Soewandhie,B
2025-02-22,108,Consumable,Surgical Mask,1053,642,3717,11731.33,176,5,V002,False,5.982954545454546,12353090.49,Safe,T002,RSUD dr. Mohamad Soewandhie,B
2025-02-23,102,Consumable,Ventilator,155,62,5790,13675.82,189,27,V002,False,0.8201058201058201,2119752.1,Warning,T002,RSUD dr. Mohamad Soewandhie,B
2025-02-24,108,Consumable,Gloves,2080,465,3872,4455.81,46,18,V001,False,45.21739130434783,9268084.8,Safe,T002,RSUD dr. Mohamad Soewandhie,B
2025-02-25,104,Equipment,Surgical Mask,5202,679,3798,11237.37,510,16,V001,False,10.2,58456798.74,Warning,T002,RSUD dr. Mohamad Soewandhie,B
2025-02-26,103,Equipment,IV Drip,1647,911,2239,18407.82,314,22,V003,False,5.245222929936306,30317679.54,Warning,T002,RSUD dr. Mohamad Soewandhie,B
2025-02-27,100,Equipment,IV Drip,3265,280,3403,4687.32,421,8,V001,False,7.755344418052257,15304099.799999999,Warning,T002,RSUD dr. Mohamad Soewandhie,B
2025-02-28,104,Equipment,Gloves,1262,636,5434,2216.52,201,9,V002,False,6.278606965174129,2797248.2399999998,Warning,T002,RSUD dr. Mohamad Soewandhie,B
2025-03-01,103,Consumable,Gloves,2123,760,4130,5585.01,340,19,V003,False,6.2441176470588236,11856976.23,Warning,T002,RSUD dr. Mohamad Soewandhie,B
2025-03-02,106,Consumable,Ventilator,4715,985,543,11055.04,131,21,V003,False,35.99236641221374,52124513.6,Safe,T002,RSUD dr. Mohamad Soewandhie,B
2025-03-03,109,Consumable,X-ray Machine,3126,829,1077,9049.9,188,26,V001,False,16.627659574468087,28289987.4,Warning,T002,RSUD dr. Mohamad Soewandhie,B
2025-03-04,108,Consumable,IV Drip,1429,42,3522,8807.99,274,8,V001,False,5.2153284671532845,12586617.709999999,Warning,T002,RSUD dr. Mohamad Soewandhie,B
2025-03-05,100,Consumable,Surgical Mask,4344,417,4953,13084.14,458,3,V003,False,9.48471615720524,56837504.16,Safe,T002,RSUD dr. Mohamad Soewandhie,B
2025-03-06,108,Consumable,Ventilator,5350,771,2669,18329.75,96,9,V003,False,55.729166666666664,98064162.5,Safe,T002,RSUD dr. Mohamad Soewandhie,B
2025-03-07,105,Equipment,Gloves,4014,869,5795,3717.66,64,19,V003,False,62.71875,14922687.24,Safe,T002,RSUD dr. Mohamad Soewandhie,B
2025-03-08,109,Equipment,Surgical Mask,1186,784,3744,6971.8,549,18,V001,False,2.1602914389799635,8268554.8,Warning,T002,RSUD dr. Mohamad Soewandhie,B
2025-03-09,100,Consumable,X-ray Machine,1943,723,3325,7703.61,26,9,V002,False,74.73076923076923,14968114.229999999,Safe,T002,RSUD dr. Mohamad Soewandhie,B
2025-03-10,109,Equipment,Gloves,4357,130,1015,3067.83,138,8,V003,False,31.57246376811594,13366535.31,Safe,T002,RSUD dr. Mohamad Soewandhie,B
2025-03-11,106,Consumable,X-ray Machine,2669,75,1917,17810.15,358,2,V001,False,7.455307262569832,47535290.35,Safe,T002,RSUD dr. Mohamad Soewandhie,B
2025-03-12,105,Consumable,X-ray Machine,3721,85,4719,18648.9,72,4,V003,False,51.68055555555556,69392556.9,Safe,T002,RSUD dr. Mohamad Soewandhie,B
2025-03-13,103,Equipment,IV Drip,661,865,3055,19984.16,442,27,V001,True,1.495475113122172,13209529.76,Critical,T002,RSUD dr. Mohamad Soewandhie,B
2025-03-14,101,Consumable,IV Drip,424,518,5654,4744.54,219,22,V001,True,1.9360730593607305,2011684.96,Critical,T002,RSUD dr. Mohamad Soewandhie,B
2025-03-15,108,Equipment,X-ray Machine,4366,720,4050,1435.5,76,16,V001,False,57.44736842105263,6267393.0,Safe,T002,RSUD dr. Mohamad Soewandhie,B
2025-03-16,100,Consumable,IV Drip,4324,818,5914,2967.9,224,25,V001,False,19.303571428571427,12833199.6,Warning,T002,RSUD dr. Mohamad Soewandhie,B
2025-03-17,104,Consumable,Gloves,783,710,2754,16417.4,529,18,V003,False,1.4801512287334593,12854824.200000001,Warning,T002,RSUD dr. Mohamad Soewandhie,B
2025-03-18,109,Consumable,X-ray Machine,1420,46,3410,18593.6,230,20,V002,False,6.173913043478261,26402911.999999996,Warning,T002,RSUD dr. Mohamad Soewandhie,B
2025-03-19,106,Consumable,X-ray Machine,932,918,4006,7118.28,426,26,V003,False,2.187793427230047,6634236.96,Warning,T002,RSUD dr. Mohamad Soewandhie,B
2025-03-20,105,Equipment,Ventilator,2036,941,641,19249.94,223,2,V003,False,9.130044843049328,39192877.839999996,Safe,T002,RSUD dr. Mohamad Soewandhie,B
2025-03-21,107,Consumable,Ventilator,3869,72,1355,15939.13,466,11,V002,False,8.302575107296137,61668493.97,Warning,T002,RSUD dr. Mohamad Soewandhie,B
2025-03-22,108,Consumable,Ventilator,3290,463,1305,7070.18,184,19,V001,False,17.880434782608695,23260892.2,Warning,T002,RSUD dr. Mohamad Soewandhie,B
2025-03-23,108,Equipment,Ventilator,3266,840,4433,17019.13,483,8,V002,False,6.761904761904762,55584478.580000006,Warning,T002,RSUD dr. Mohamad Soewandhie,B
2025-03-24,109,Equipment,Surgical Mask,4228,452,4321,12820.29,278,12,V003,False,15.20863309352518,54204186.120000005,Safe,T002,RSUD dr. Mohamad Soewandhie,B
2025-03-25,102,Consumable,Ventilator,336,598,3918,8929.95,114,6,V001,True,2.9473684210526314,3000463.2,Critical,T002,RSUD dr. Mohamad Soewandhie,B
2025-03-26,108,Consumable,Gloves,1524,540,582,9038.79,273,27,V003,False,5.582417582417582,13775115.96,Warning,T002,RSUD dr. Mohamad Soewandhie,B
2025-03-27,106,Equipment,Surgical Mask,1756,394,4554,19242.41,142,9,V001,False,12.366197183098592,33789671.96,Safe,T002,RSUD dr. Mohamad Soewandhie,B
2025-03-28,106,Consumable,Gloves,1900,11,5114,5860.81,293,6,V003,False,6.484641638225256,11135539.0,Safe,T002,RSUD dr. Mohamad Soewandhie,B
2025-03-29,109,Equipment,Ventilator,4621,734,2110,13394.06,84,20,V001,False,55.01190476190476,61893951.26,Safe,T002,RSUD dr. Mohamad Soewandhie,B
2025-03-30,101,Consumable,X-ray Machine,503,727,3061,16084.3,472,3,V003,True,1.0656779661016949,8090402.899999999,Critical,T002,RSUD dr. Mohamad Soewandhie,B
2025-03-31,106,Equipment,Surgical Mask,1574,612,4029,7707.98,58,22,V001,False,27.137931034482758,12132360.52,Safe,T002,RSUD dr. Mohamad Soewandhie,B
2025-04-01,108,Consumable,X-ray Machine,1827,122,4772,9286.07,231,5,V002,False,7.909090909090909,16965649.89,Safe,T002,RSUD dr. Mohamad Soewandhie,B
2025-04-02,108,Equipment,Gloves,2155,117,754,12845.61,393,25,V003,False,5.483460559796438,27682289.55,Warning,T002,RSUD dr. Mohamad Soewandhie,B
2025-04-03,103,Equipment,Gloves,4728,159,5767,11755.83,398,2,V002,False,11.879396984924623,55581564.24,Safe,T002,RSUD dr. Mohamad Soewandhie,B
2025-04-04,102,Equipment,Surgical Mask,3805,600,3381,14664.65,194,1,V001,False,19.61340206185567,55798993.25,Safe,T002,RSUD dr. Mohamad Soewandhie,B
2025-04-05,103,Consumable,Gloves,3595,279,2535,17113.0,218,25,V001,False,16.490825688073393,61521235.0,Warning,T002,RSUD dr. Mohamad Soewandhie,B
2025-04-06,106,Equipment,Surgical Mask,4630,77,2264,10835.1,539,14,V002,False,8.589981447124304,50166513.0,Warning,T002,RSUD dr. Mohamad Soewandhie,B
2025-04-07,103,Consumable,Gloves,1777,883,1431,19188.41,54,16,V001,False,32.907407407407405,34097804.57,Safe,T002,RSUD dr. Mohamad Soewandhie,B
2025-04-08,106,Equipment,X-ray Machine,3347,411,2813,5623.07,465,25,V001,False,7.197849462365592,18820415.29,Warning,T002,RSUD dr. Mohamad Soewandhie,B
2025-04-09,105,Equipment,IV Drip,5107,271,5341,1335.6,41,5,V001,False,124.5609756097561,6820909.199999999,Safe,T002,RSUD dr. Mohamad Soewandhie,B
2025-04-10,107,Consumable,Ventilator,2706,36,513,7687.38,428,1,V002,False,6.322429906542056,20802050.28,Safe,T002,RSUD dr. Mohamad Soewandhie,B
2025-04-11,100,Consumable,Ventilator,4674,713,5033,19281.88,277,5,V003,False,16.873646209386283,90123507.12,Safe,T002,RSUD dr. Mohamad Soewandhie,B
2025-04-12,108,Consumable,IV Drip,3728,421,5580,15278.79,548,29,V003,False,6.802919708029197,56959329.120000005,Warning,T002,RSUD dr. Mohamad Soewandhie,B
2025-04-13,104,Equipment,IV Drip,398,759,1278,3938.24,224,19,V003,True,1.7767857142857142,1567419.52,Critical,T002,RSUD dr. Mohamad Soewandhie,B
2025-04-14,106,Equipment,Surgical Mask,1498,947,4717,19594.12,44,24,V001,False,34.04545454545455,29351991.759999998,Safe,T002,RSUD dr. Mohamad Soewandhie,B
2025-04-15,105,Consumable,Gloves,465,535,1823,14048.5,244,21,V001,True,1.9057377049180328,6532552.5,Critical,T002,RSUD dr. Mohamad Soewandhie,B
2025-04-16,108,Consumable,X-ray Machine,971,823,4185,15984.82,260,5,V002,False,3.7346153846153847,15521260.219999999,Warning,T002,RSUD dr. Mohamad Soewandhie,B
2025-04-17,102,Consumable,Ventilator,2335,442,4764,1077.86,210,6,V002,False,11.119047619047619,2516803.0999999996,Safe,T002,RSUD dr. Mohamad Soewandhie,B
2025-04-18,103,Consumable,IV Drip,4503,578,1768,14453.29,191,15,V002,False,23.57591623036649,65083164.870000005,Safe,T002,RSUD dr. Mohamad Soewandhie,B
2025-04-19,109,Consumable,IV Drip,3320,68,5379,9672.78,506,23,V002,False,6.561264822134388,32113629.6,Warning,T002,RSUD dr. Mohamad Soewandhie,B
2025-04-20,107,Consumable,IV Drip,4722,27,1538,15898.63,329,16,V001,False,14.35258358662614,75073330.86,Warning,T002,RSUD dr. Mohamad Soewandhie,B
2025-04-21,105,Equipment,Gloves,1098,224,3017,14321.3,177,20,V002,False,6.203389830508475,15724787.399999999,Warning,T002,RSUD dr. Mohamad Soewandhie,B
2025-04-22,103,Consumable,X-ray Machine,2809,873,500,3528.79,425,13,V002,False,6.609411764705882,9912371.11,Warning,T002,RSUD dr. Mohamad Soewandhie,B
2025-04-23,104,Consumable,IV Drip,4611,995,5911,18374.44,261,8,V002,False,17.666666666666668,84724542.83999999,Safe,T002,RSUD dr. Mohamad Soewandhie,B
2025-04-24,105,Consumable,X-ray Machine,4599,230,3970,11554.34,194,1,V003,False,23.70618556701031,53138409.660000004,Safe,T002,RSUD dr. Mohamad Soewandhie,B
2025-04-25,103,Consumable,Ventilator,2538,215,2298,7714.83,179,26,V001,False,14.17877094972067,19580238.54,Warning,T002,RSUD dr. Mohamad Soewandhie,B
2025-04-26,103,Equipment,Surgical Mask,1348,401,1100,4554.51,329,21,V002,False,4.09726443768997,6139479.48,Warning,T002,RSUD dr. Mohamad Soewandhie,B
2025-04-27,107,Consumable,Surgical Mask,2375,292,4074,15670.89,329,21,V001,False,7.218844984802431,37218363.75,Warning,T002,RSUD dr. Mohamad Soewandhie,B
2025-04-28,109,Consumable,Ventilator,1380,283,5623,19414.06,402,27,V002,False,3.4328358208955225,26791402.8,Warning,T002,RSUD dr. Mohamad Soewandhie,B
2025-04-29,109,Consumable,Surgical Mask,5137,718,1848,14710.54,223,6,V003,False,23.03587443946188,75568043.98,Safe,T002,RSUD dr. Mohamad Soewandhie,B
2025-04-30,109,Equipment,IV Drip,5117,565,1625,12197.47,470,11,V003,False,10.88723404255319,62414453.989999995,Warning,T002,RSUD dr. Mohamad Soewandhie,B
2025-05-01,107,Equipment,Gloves,2429,441,2447,19006.75,278,25,V001,False,8.737410071942445,46167395.75,Warning,T002,RSUD dr. Mohamad Soewandhie,B
2025-05-02,103,Consumable,Surgical Mask,802,744,5222,14231.58,256,12,V002,False,3.1328125,11413727.16,Warning,T002,RSUD dr. Mohamad Soewandhie,B
2025-05-03,102,Equipment,Ventilator,1439,135,2525,9129.72,52,22,V003,False,27.673076923076923,13137667.079999998,Safe,T002,RSUD dr. Mohamad Soewandhie,B
2025-05-04,103,Consumable,Gloves,2146,358,925,6433.42,537,29,V002,False,3.996275605214153,13806119.32,Warning,T002,RSUD dr. Mohamad Soewandhie,B
2025-05-05,109,Consumable,Ventilator,3341,515,5377,3774.51,510,7,V002,False,6.550980392156863,12610637.91,Warning,T002,RSUD dr. Mohamad Soewandhie,B
2025-05-06,107,Consumable,IV Drip,708,850,1637,17473.68,121,2,V003,True,5.851239669421488,12371365.44,Critical,T002,RSUD dr. Mohamad Soewandhie,B
2025-05-07,107,Equipment,Ventilator,1690,708,2949,14457.92,241,21,V003,False,7.012448132780083,24433884.8,Warning,T002,RSUD dr. Mohamad Soewandhie,B
2025-05-08,105,Consumable,IV Drip,166,805,862,19561.59,117,14,V003,True,1.4188034188034189,3247223.94,Critical,T002,RSUD dr. Mohamad Soewandhie,B
2025-05-09,101,Consumable,Surgical Mask,2721,16,1470,1504.53,45,16,V001,False,60.46666666666667,4093826.13,Safe,T002,RSUD dr. Mohamad Soewandhie,B
2025-05-10,102,Consumable,Gloves,4763,913,4919,6294.82,120,16,V001,False,39.69166666666667,29982227.66,Safe,T002,RSUD dr. Mohamad Soewandhie,B
2025-05-11,102,Equipment,X-ray Machine,2345,703,5903,8129.55,406,12,V001,False,5.775862068965517,19063794.75,Warning,T002,RSUD dr. Mohamad Soewandhie,B
2025-05-12,108,Equipment,Gloves,1140,897,4528,19250.87,371,22,V001,False,3.07277628032345,21945991.799999997,Warning,T002,RSUD dr. Mohamad Soewandhie,B
2025-05-13,101,Equipment,X-ray Machine,630,514,5251,11815.94,471,4,V003,False,1.3375796178343948,7444042.2,Warning,T002,RSUD dr. Mohamad Soewandhie,B
2025-05-14,105,Consumable,Surgical Mask,2990,36,1246,13601.84,384,10,V003,False,7.786458333333333,40669501.6,Warning,T002,RSUD dr. Mohamad Soewandhie,B
2025-05-15,108,Consumable,Ventilator,3587,645,4262,5417.61,494,23,V003,False,7.261133603238866,19432967.07,Warning,T002,RSUD dr. Mohamad Soewandhie,B
2025-05-16,104,Equipment,IV Drip,2704,725,840,5150.14,70,25,V002,False,38.628571428571426,13925978.56,Safe,T002,RSUD dr. Mohamad Soewandhie,B
2025-05-17,100,Consumable,IV Drip,4418,815,1064,6855.76,50,24,V003,False,88.36,30288747.68,Safe,T002,RSUD dr. Mohamad Soewandhie,B
2025-05-18,102,Equipment,IV Drip,3629,103,2445,1680.4,420,5,V003,False,8.64047619047619,6098171.600000001,Safe,T002,RSUD dr. Mohamad Soewandhie,B
2025-05-19,105,Equipment,Surgical Mask,4503,443,4768,18790.34,144,29,V003,False,31.270833333333332,84612901.02,Safe,T002,RSUD dr. Mohamad Soewandhie,B
2025-05-20,105,Consumable,Surgical Mask,4501,542,4677,8103.52,25,27,V003,False,180.04,36473943.52,Safe,T002,RSUD dr. Mohamad Soewandhie,B
2025-05-21,100,Consumable,X-ray Machine,5205,487,1145,4010.43,419,24,V003,False,12.422434367541767,20874288.15,Warning,T002,RSUD dr. Mohamad Soewandhie,B
2025-05-22,108,Consumable,Gloves,3587,897,1211,6876.61,450,25,V001,False,7.971111111111111,24666400.07,Warning,T002,RSUD dr. Mohamad Soewandhie,B
2025-05-23,101,Consumable,Gloves,5346,450,4851,3916.18,472,18,V001,False,11.326271186440678,20935898.279999997,Warning,T002,RSUD dr. Mohamad Soewandhie,B
2025-05-24,101,Consumable,Ventilator,3940,967,3921,5117.16,374,21,V003,False,10.53475935828877,20161610.4,Warning,T002,RSUD dr. Mohamad Soewandhie,B
2025-05-25,100,Consumable,X-ray Machine,3136,449,606,15152.04,245,6,V002,False,12.8,47516797.440000005,Safe,T002,RSUD dr. Mohamad Soewandhie,B
2025-05-26,103,Consumable,Surgical Mask,2713,742,1254,4760.82,508,22,V002,False,5.340551181102362,12916104.659999998,Warning,T002,RSUD dr. Mohamad Soewandhie,B
2025-05-27,108,Consumable,Surgical Mask,1756,161,2127,13977.02,431,15,V002,False,4.0742459396751745,24543647.12,Warning,T002,RSUD dr. Mohamad Soewandhie,B
2025-05-28,108,Equipment,IV Drip,902,707,5780,11867.51,233,20,V002,False,3.871244635193133,10704494.02,Warning,T002,RSUD dr. Mohamad Soewandhie,B
2025-05-29,104,Consumable,X-ray Machine,1596,659,1437,2902.09,251,9,V003,False,6.3585657370517925,4631735.640000001,Warning,T002,RSUD dr. Mohamad Soewandhie,B
2025-05-30,104,Equipment,X-ray Machine,138,650,3782,15274.29,341,4,V002,True,0.4046920821114369,2107852.02,Critical,T002,RSUD dr. Mohamad Soewandhie,B
2025-05-31,100,Consumable,Surgical Mask,2218,624,5009,17057.52,351,6,V001,False,6.319088319088319,37833579.36,Safe,T002,RSUD dr. Mohamad Soewandhie,B
2025-06-01,109,Equipment,X-ray Machine,3490,413,4582,19119.77,455,4,V002,False,7.670329670329671,66727997.300000004,Safe,T002,RSUD dr. Mohamad Soewandhie,B
2025-06-02,103,Consumable,IV Drip,4465,465,5984,19180.01,234,21,V002,False,19.081196581196583,85638744.64999999,Warning,T002,RSUD dr. Mohamad Soewandhie,B
2025-06-03,107,Consumable,IV Drip,4554,60,3197,14127.56,10,7,V002,False,455.4,64336908.239999995,Safe,T002,RSUD dr. Mohamad Soewandhie,B
2025-06-04,103,Consumable,Surgical Mask,4142,560,4650,5827.25,505,2,V002,False,8.201980198019802,24136469.5,Safe,T002,RSUD dr. Mohamad Soewandhie,B
2025-06-05,102,Equipment,Surgical Mask,2607,973,3452,758.71,328,26,V001,False,7.948170731707317,1977956.9700000002,Warning,T002,RSUD dr. Mohamad Soewandhie,B
2025-06-06,101,Consumable,X-ray Machine,4321,774,2709,7804.91,461,10,V002,False,9.373101952277658,33725016.11,Warning,T002,RSUD dr. Mohamad Soewandhie,B
2025-06-07,101,Equipment,X-ray Machine,4847,424,1029,14662.67,193,13,V001,False,25.1139896373057,71069961.49,Safe,T002,RSUD dr. Mohamad Soewandhie,B
2025-06-08,102,Equipment,Gloves,1062,559,5093,18812.8,491,24,V002,False,2.1629327902240325,19979193.599999998,Warning,T002,RSUD dr. Mohamad Soewandhie,B
2025-06-09,101,Consumable,X-ray Machine,5213,962,2979,2271.25,224,23,V001,False,23.272321428571427,11840026.25,Safe,T002,RSUD dr. Mohamad Soewandhie,B
2025-06-10,104,Consumable,X-ray Machine,3593,904,4100,10845.07,279,6,V003,False,12.878136200716845,38966336.51,Safe,T002,RSUD dr. Mohamad Soewandhie,B
2025-06-11,102,Consumable,Ventilator,2728,655,3634,9495.74,221,3,V001,False,12.343891402714933,25904378.72,Safe,T002,RSUD dr. Mohamad Soewandhie,B
2025-06-12,105,Equipment,Surgical Mask,785,69,5435,915.04,130,26,V001,False,6.038461538461538,718306.4,Warning,T002,RSUD dr. Mohamad Soewandhie,B
2025-06-13,105,Consumable,X-ray Machine,1475,986,4594,13013.72,343,28,V002,False,4.300291545189505,19195237.0,Warning,T002,RSUD dr. Mohamad Soewandhie,B
2025-06-14,105,Equipment,Ventilator,220,484,1610,17451.66,517,15,V001,True,0.425531914893617,3839365.2,Critical,T002,RSUD dr. Mohamad Soewandhie,B
2025-06-15,102,Equipment,X-ray Machine,4063,455,3055,9237.32,270,20,V001,False,15.048148148148147,37531231.16,Warning,T002,RSUD dr. Mohamad Soewandhie,B
2025-06-16,105,Equipment,Surgical Mask,1422,809,1789,10465.55,76,6,V001,False,18.710526315789473,14882012.1,Safe,T002,RSUD dr. Mohamad Soewandhie,B
2025-06-17,107,Consumable,Gloves,5267,976,4514,3556.21,334,27,V002,False,15.769461077844312,18730558.07,Warning,T002,RSUD dr. Mohamad Soewandhie,B
2025-06-18,107,Equipment,IV Drip,1802,355,5248,2422.81,9,25,V003,False,200.22222222222223,4365903.62,Safe,T002,RSUD dr. Mohamad Soewandhie,B
2025-06-19,106,Consumable,Surgical Mask,2686,213,5708,12277.15,274,29,V003,False,9.802919708029197,32976424.9,Warning,T002,RSUD dr. Mohamad Soewandhie,B
2025-06-20,101,Consumable,Surgical Mask,3317,667,1897,14328.34,344,29,V002,False,9.642441860465116,47527103.78,Warning,T002,RSUD dr. Mohamad Soewandhie,B
2025-06-21,106,Consumable,Ventilator,2764,41,2954,5750.42,95,4,V003,False,29.094736842105263,15894160.88,Safe,T002,RSUD dr. Mohamad Soewandhie,B
2025-06-22,107,Consumable,Ventilator,886,681,3105,9989.26,96,16,V002,False,9.229166666666666,8850484.36,Warning,T002,RSUD dr. Mohamad Soewandhie,B
2025-06-23,102,Consumable,Ventilator,4162,94,2325,19161.21,360,2,V002,False,11.561111111111112,79748956.02,Safe,T002,RSUD dr. Mohamad Soewandhie,B
2025-06-24,103,Equipment,Gloves,4134,100,1202,666.95,22,26,V001,False,187.9090909090909,2757171.3000000003,Safe,T002,RSUD dr. Mohamad Soewandhie,B
2025-06-25,101,Consumable,Ventilator,1509,49,3385,4716.65,189,23,V002,False,7.984126984126984,7117424.85,Warning,T002,RSUD dr. Mohamad Soewandhie,B
2025-06-26,109,Consumable,Surgical Mask,3116,767,5233,2061.51,360,11,V003,False,8.655555555555555,6423665.160000001,Warning,T002,RSUD dr. Mohamad Soewandhie,B
2025-06-27,105,Consumable,Ventilator,396,188,5696,16439.94,388,8,V002,False,1.0206185567010309,6510216.239999999,Warning,T002,RSUD dr. Mohamad Soewandhie,B
2025-06-28,109,Equipment,X-ray Machine,2961,596,1181,19844.87,394,9,V001,False,7.5152284263959395,58760660.07,Warning,T002,RSUD dr. Mohamad Soewandhie,B
2025-06-29,109,Equipment,X-ray Machine,4304,304,2944,3195.0,377,18,V001,False,11.416445623342176,13751280.0,Warning,T002,RSUD dr. Mohamad Soewandhie,B
2025-06-30,102,Consumable,IV Drip,386,590,4281,15038.14,398,26,V003,True,0.9698492462311558,5804722.04,Critical,T002,RSUD dr. Mohamad Soewandhie,B
2025-07-01,100,Equipment,X-ray Machine,2223,389,2269,5747.94,306,8,V003,False,7.264705882352941,12777670.62,Warning,T002,RSUD dr. Mohamad Soewandhie,B
2025-07-02,109,Consumable,IV Drip,1528,561,3237,6575.23,270,20,V003,False,5.659259259259259,10046951.44,Warning,T002,RSUD dr. Mohamad Soewandhie,B
2025-07-03,101,Equipment,X-ray Machine,2215,137,4405,18597.0,154,8,V001,False,14.383116883116884,41192355.0,Safe,T002,RSUD dr. Mohamad Soewandhie,B
2025-07-04,109,Consumable,Gloves,1351,217,2942,14250.61,189,10,V002,False,7.148148148148148,19252574.11,Warning,T002,RSUD dr. Mohamad Soewandhie,B
2025-07-05,100,Equipment,IV Drip,4129,23,4794,16241.58,75,21,V002,False,55.053333333333335,67061483.82,Safe,T002,RSUD dr. Mohamad Soewandhie,B
2025-07-06,106,Equipment,X-ray Machine,3000,173,2655,9095.5,248,2,V001,False,12.096774193548388,27286500.0,Safe,T002,RSUD dr. Mohamad Soewandhie,B
2025-07-07,100,Consumable,IV Drip,5257,496,5318,6545.59,455,18,V002,False,11.553846153846154,34410166.63,Warning,T002,RSUD dr. Mohamad Soewandhie,B
2025-07-08,104,Equipment,IV Drip,513,901,5223,2766.57,447,25,V002,True,1.1476510067114094,1419250.4100000001,Critical,T002,RSUD dr. Mohamad Soewandhie,B
2025-07-09,108,Consumable,X-ray Machine,2059,405,5050,12507.75,231,29,V002,False,8.913419913419913,25753457.25,Warning,T002,RSUD dr. Mohamad Soewandhie,B
2025-07-10,104,Equipment,Surgical Mask,3794,369,3482,13596.86,359,11,V001,False,10.56824512534819,51586486.84,Warning,T002,RSUD dr. Mohamad Soewandhie,B
2025-07-11,103,Consumable,Ventilator,4666,341,5310,18607.98,264,13,V002,False,17.674242424242426,86824834.67999999,Safe,T002,RSUD dr. Mohamad Soewandhie,B
2025-07-12,103,Consumable,IV Drip,1953,832,4339,2503.52,524,16,V003,False,3.7270992366412212,4889374.56,Warning,T002,RSUD dr. Mohamad Soewandhie,B
2025-07-13,108,Equipment,IV Drip,619,430,4955,14741.34,284,3,V001,False,2.1795774647887325,9124889.46,Warning,T002,RSUD dr. Mohamad Soewandhie,B
2025-07-14,108,Consumable,IV Drip,3986,92,2332,10931.03,178,1,V001,False,22.39325842696629,43571085.580000006,Safe,T002,RSUD dr. Mohamad Soewandhie,B
2025-07-15,107,Consumable,Ventilator,2709,213,540,9146.87,468,25,V002,False,5.788461538461538,24778870.830000002,Warning,T002,RSUD dr. Mohamad Soewandhie,B
2025-07-16,100,Consumable,IV Drip,3564,701,4690,15058.49,400,22,V003,False,8.91,53668458.36,Warning,T002,RSUD dr. Mohamad Soewandhie,B
2025-07-17,103,Equipment,IV Drip,2829,172,4591,12145.71,114,6,V001,False,24.81578947368421,34360213.589999996,Safe,T002,RSUD dr. Mohamad Soewandhie,B
2025-07-18,108,Consumable,X-ray Machine,1198,964,2646,2055.54,275,20,V002,False,4.356363636363636,2462536.92,Warning,T002,RSUD dr. Mohamad Soewandhie,B
2025-07-19,107,Equipment,Surgical Mask,1404,90,5167,8383.42,189,1,V001,False,7.428571428571429,11770321.68,Safe,T002,RSUD dr. Mohamad Soewandhie,B
2025-07-20,107,Consumable,Gloves,4181,550,3149,19913.41,57,18,V001,False,73.35087719298245,83257967.21,Safe,T002,RSUD dr. Mohamad Soewandhie,B
2025-07-21,101,Consumable,Gloves,172,403,2447,15351.22,535,24,V001,True,0.32149532710280376,2640409.84,Critical,T002,RSUD dr. Mohamad Soewandhie,B
2025-07-22,108,Consumable,Ventilator,4842,879,1196,15251.73,386,15,V003,False,12.544041450777202,73848876.66,Warning,T002,RSUD dr. Mohamad Soewandhie,B
2025-07-23,104,Equipment,Gloves,1834,18,5550,18444.16,514,21,V003,False,3.568093385214008,33826589.44,Warning,T002,RSUD dr. Mohamad Soewandhie,B
2025-07-24,107,Consumable,Surgical Mask,3639,155,1811,14587.84,483,27,V003,False,7.53416149068323,53085149.76,Warning,T002,RSUD dr. Mohamad Soewandhie,B
2025-07-25,100,Consumable,Gloves,3447,762,3364,16959.77,510,5,V003,False,6.758823529411765,58460327.190000005,Safe,T002,RSUD dr. Mohamad Soewandhie,B
2025-07-26,104,Equipment,Surgical Mask,529,246,2674,8021.97,278,5,V003,False,1.9028776978417266,4243622.13,Warning,T002,RSUD dr. Mohamad Soewandhie,B
2025-07-27,109,Equipment,Surgical Mask,924,230,4983,8003.19,339,13,V003,False,2.725663716814159,7394947.56,Warning,T002,RSUD dr. Mohamad Soewandhie,B
2025-07-28,100,Equipment,X-ray Machine,4970,675,4916,19140.66,473,13,V002,False,10.50739957716702,95129080.2,Warning,T002,RSUD dr. Mohamad Soewandhie,B
2025-07-29,106,Consumable,Gloves,2275,360,5099,15149.99,256,5,V003,False,8.88671875,34466227.25,Safe,T002,RSUD dr. Mohamad Soewandhie,B
2025-07-30,104,Equipment,IV Drip,4325,133,2203,9426.57,385,16,V003,False,11.233766233766234,40769915.25,Warning,T002,RSUD dr. Mohamad Soewandhie,B
2025-07-31,102,Consumable,Ventilator,3791,111,5632,9792.19,146,6,V001,False,25.965753424657535,37122192.29,Safe,T002,RSUD dr. Mohamad Soewandhie,B
2025-08-01,104,Equipment,IV Drip,4413,709,3400,332.31,204,23,V001,False,21.63235294117647,1466484.03,Warning,T002,RSUD dr. Mohamad Soewandhie,B
2025-08-02,106,Equipment,Gloves,968,389,4031,4595.06,476,25,V003,False,2.033613445378151,4448018.08,Warning,T002,RSUD dr. Mohamad Soewandhie,B
2025-08-03,103,Equipment,Gloves,4319,69,4966,9426.31,415,14,V003,False,10.407228915662651,40712232.89,Warning,T002,RSUD dr. Mohamad Soewandhie,B
2025-08-04,103,Equipment,IV Drip,4370,196,5539,5876.33,540,21,V001,False,8.092592592592593,25679562.1,Warning,T002,RSUD dr. Mohamad Soewandhie,B
2025-08-05,107,Equipment,X-ray Machine,2497,284,4909,19636.33,446,21,V001,False,5.598654708520179,49031916.010000005,Warning,T002,RSUD dr. Mohamad Soewandhie,B
2025-08-06,108,Consumable,Gloves,848,534,2697,2310.89,300,27,V001,False,2.8266666666666667,1959634.72,Warning,T002,RSUD dr. Mohamad Soewandhie,B
2025-08-07,105,Consumable,X-ray Machine,2572,907,4448,10111.41,59,29,V001,False,43.59322033898305,26006546.52,Safe,T002,RSUD dr. Mohamad Soewandhie,B
2025-08-08,100,Equipment,Ventilator,273,293,1024,198.75,517,8,V001,True,0.528046421663443,54258.75,Critical,T002,RSUD dr. Mohamad Soewandhie,B
2025-08-09,108,Consumable,Gloves,343,532,1157,5450.73,215,15,V001,True,1.5953488372093023,1869600.39,Critical,T002,RSUD dr. Mohamad Soewandhie,B
2025-08-10,105,Equipment,IV Drip,3909,973,2147,4489.01,446,24,V001,False,8.76457399103139,17547540.09,Warning,T002,RSUD dr. Mohamad Soewandhie,B
2025-08-11,104,Consumable,X-ray Machine,4645,967,2997,12101.98,543,21,V002,False,8.554327808471454,56213697.1,Warning,T002,RSUD dr. Mohamad Soewandhie,B
2025-08-12,107,Consumable,Ventilator,2740,794,1817,17744.44,485,6,V003,False,5.649484536082475,48619765.599999994,Warning,T002,RSUD dr. Mohamad Soewandhie,B
2025-08-13,104,Equipment,Surgical Mask,571,293,1291,11329.09,450,8,V003,False,1.268888888888889,6468910.39,Warning,T002,RSUD dr. Mohamad Soewandhie,B
2025-08-14,101,Equipment,Ventilator,2099,646,5505,12882.23,330,5,V001,False,6.36060606060606,27039800.77,Safe,T002,RSUD dr. Mohamad Soewandhie,B
2025-08-15,103,Consumable,X-ray Machine,1362,784,636,5598.83,375,16,V003,False,3.632,7625606.46,Warning,T002,RSUD dr. Mohamad Soewandhie,B
2025-08-16,103,Consumable,Gloves,367,522,2758,6177.68,262,10,V001,True,1.400763358778626,2267208.56,Critical,T002,RSUD dr. Mohamad Soewandhie,B
2025-08-17,109,Consumable,Gloves,1122,17,4353,9980.36,211,6,V002,False,5.317535545023697,11197963.92,Warning,T002,RSUD dr. Mohamad Soewandhie,B
2025-08-18,102,Equipment,Surgical Mask,1747,675,3962,11371.41,18,26,V002,False,97.05555555555556,19865853.27,Safe,T002,RSUD dr. Mohamad Soewandhie,B
2025-08-19,105,Equipment,X-ray Machine,2771,77,911,10926.81,389,2,V003,False,7.123393316195373,30278190.509999998,Safe,T002,RSUD dr. Mohamad Soewandhie,B
2025-08-20,102,Consumable,Gloves,1989,837,3737,5201.3,309,21,V002,False,6.436893203883495,10345385.700000001,Warning,T002,RSUD dr. Mohamad Soewandhie,B
2025-08-21,103,Consumable,Gloves,4509,770,919,2919.89,380,1,V001,False,11.865789473684211,13165784.01,Safe,T002,RSUD dr. Mohamad Soewandhie,B
2025-08-22,105,Consumable,X-ray Machine,1748,382,4238,7367.76,397,2,V002,False,4.403022670025189,12878844.48,Safe,T002,RSUD dr. Mohamad Soewandhie,B
2025-08-23,107,Consumable,Ventilator,177,521,1472,15682.5,101,20,V001,True,1.7524752475247525,2775802.5,Critical,T002,RSUD dr. Mohamad Soewandhie,B
2025-08-24,102,Consumable,IV Drip,2012,430,2849,11922.86,350,10,V003,False,5.748571428571428,23988794.32,Warning,T002,RSUD dr. Mohamad Soewandhie,B
2025-08-25,107,Consumable,Ventilator,5214,438,4420,3637.87,145,3,V001,False,35.95862068965517,18967854.18,Safe,T002,RSUD dr. Mohamad Soewandhie,B
2025-08-26,101,Equipment,X-ray Machine,5460,735,3886,4664.74,444,17,V003,False,12.297297297297296,25469480.4,Warning,T002,RSUD dr. Mohamad Soewandhie,B
2025-08-27,106,Equipment,Ventilator,2234,635,3314,18083.89,155,24,V003,False,14.412903225806451,40399410.26,Warning,T002,RSUD dr. Mohamad Soewandhie,B
2025-08-28,105,Equipment,Gloves,2847,768,1246,7924.06,127,27,V001,False,22.41732283464567,22559798.82,Warning,T002,RSUD dr. Mohamad Soewandhie,B
2025-08-29,100,Equipment,X-ray Machine,4591,521,1468,17074.09,331,19,V003,False,13.870090634441087,78387147.19,Warning,T002,RSUD dr. Mohamad Soewandhie,B
2025-08-30,100,Equipment,Gloves,2065,210,3012,19549.43,364,26,V003,False,5.673076923076923,40369572.95,Warning,T002,RSUD dr. Mohamad Soewandhie,B
2025-08-31,103,Equipment,Gloves,395,633,3817,7157.67,433,27,V002,True,0.9122401847575058,2827279.65,Critical,T002,RSUD dr. Mohamad Soewandhie,B
2025-09-01,101,Equipment,Gloves,4308,176,3441,258.85,211,11,V002,False,20.417061611374407,1115125.8,Safe,T002,RSUD dr. Mohamad Soewandhie,B
2025-09-02,109,Equipment,Ventilator,3840,948,5566,14555.91,525,17,V001,False,7.314285714285714,55894694.4,Warning,T002,RSUD dr. Mohamad Soewandhie,B
2025-09-03,109,Consumable,IV Drip,4330,686,2435,9709.02,411,18,V001,False,10.535279805352799,42040056.6,Warning,T002,RSUD dr. Mohamad Soewandhie,B
2025-09-04,106,Consumable,Surgical Mask,4777,78,986,17748.49,193,9,V003,False,24.751295336787564,84784536.73,Safe,T002,RSUD dr. Mohamad Soewandhie,B
2025-09-05,106,Consumable,IV Drip,195,101,5452,3385.0,246,29,V002,False,0.7926829268292683,660075.0,Warning,T002,RSUD dr. Mohamad Soewandhie,B
2025-09-06,107,Consumable,Surgical Mask,243,791,3380,4865.33,519,18,V003,True,0.4682080924855491,1182275.19,Critical,T002,RSUD dr. Mohamad Soewandhie,B
2025-09-07,108,Consumable,X-ray Machine,1273,663,4558,9433.1,438,27,V001,False,2.906392694063927,12008336.3,Warning,T002,RSUD dr. Mohamad Soewandhie,B
2025-09-08,108,Consumable,IV Drip,4629,947,3464,2715.95,77,18,V001,False,60.116883116883116,12572132.549999999,Safe,T002,RSUD dr. Mohamad Soewandhie,B
2025-09-09,107,Consumable,Surgical Mask,3656,338,5603,7207.0,191,6,V002,False,19.141361256544503,26348792.0,Safe,T002,RSUD dr. Mohamad Soewandhie,B
2025-09-10,100,Equipment,Gloves,1422,656,3747,311.77,538,10,V003,False,2.643122676579926,443336.94,Warning,T002,RSUD dr. Mohamad Soewandhie,B
2025-09-11,108,Consumable,X-ray Machine,5374,360,2994,16035.71,150,7,V002,False,35.82666666666667,86175905.53999999,Safe,T002,RSUD dr. Mohamad Soewandhie,B
2025-09-12,106,Equipment,IV Drip,3258,150,4949,2014.53,328,13,V001,False,9.932926829268293,6563338.74,Warning,T002,RSUD dr. Mohamad Soewandhie,B
2025-09-13,108,Consumable,Ventilator,4743,620,3596,11917.36,122,7,V001,False,38.877049180327866,56524038.480000004,Safe,T002,RSUD dr. Mohamad Soewandhie,B
2025-09-14,109,Equipment,X-ray Machine,4265,909,3270,5245.0,441,16,V002,False,9.671201814058957,22369925.0,Warning,T002,RSUD dr. Mohamad Soewandhie,B
2025-09-15,108,Consumable,Gloves,3854,242,5948,600.78,197,25,V002,False,19.563451776649746,2315406.12,Warning,T002,RSUD dr. Mohamad Soewandhie,B
2025-09-16,103,Equipment,Gloves,4245,538,3771,2194.35,326,2,V003,False,13.021472392638037,9315015.75,Safe,T002,RSUD dr. Mohamad Soewandhie,B
2025-09-17,106,Equipment,Gloves,4346,271,797,13984.45,40,15,V002,False,108.65,60776419.7,Safe,T002,RSUD dr. Mohamad Soewandhie,B
2025-09-18,101,Consumable,Surgical Mask,4324,562,1847,17821.3,399,6,V003,False,10.837092731829573,77059301.2,Safe,T002,RSUD dr. Mohamad Soewandhie,B
2025-09-19,107,Equipment,IV Drip,2698,449,3699,1094.03,314,10,V001,False,8.59235668789809,2951692.94,Warning,T002,RSUD dr. Mohamad Soewandhie,B
2025-09-20,104,Equipment,X-ray Machine,2583,935,4203,5629.09,130,6,V002,False,19.869230769230768,14539939.47,Safe,T002,RSUD dr. Mohamad Soewandhie,B
2025-09-21,109,Consumable,IV Drip,3126,703,4831,7968.93,90,7,V002,False,34.733333333333334,24910875.18,Safe,T002,RSUD dr. Mohamad Soewandhie,B
2025-09-22,102,Equipment,IV Drip,362,288,5644,19573.66,42,12,V003,False,8.619047619047619,7085664.92,Warning,T002,RSUD dr. Mohamad Soewandhie,B
2025-09-23,100,Consumable,Surgical Mask,1316,367,4168,8853.64,2,26,V003,False,658.0,11651390.239999998,Safe,T002,RSUD dr. Mohamad Soewandhie,B
2025-09-24,108,Consumable,Surgical Mask,4358,545,4002,16497.31,513,17,V003,False,8.495126705653021,71895276.98,Warning,T002,RSUD dr. Mohamad Soewandhie,B
2025-09-25,102,Consumable,Gloves,4043,261,5140,5622.76,316,20,V001,False,12.794303797468354,22732818.68,Warning,T002,RSUD dr. Mohamad Soewandhie,B
2025-09-26,107,Equipment,IV Drip,3695,900,5398,9363.66,38,27,V002,False,97.23684210526316,34598723.7,Safe,T002,RSUD dr. Mohamad Soewandhie,B
2025-09-27,108,Equipment,Surgical Mask,5471,942,1360,16517.32,410,24,V002,False,13.34390243902439,90366257.72,Warning,T002,RSUD dr. Mohamad Soewandhie,B
2025-09-28,104,Consumable,Gloves,952,757,728,15373.96,4,19,V003,False,238.0,14636009.92,Safe,T002,RSUD dr. Mohamad Soewandhie,B
2025-09-29,104,Consumable,X-ray Machine,1902,197,5446,4771.7,460,26,V001,False,4.1347826086956525,9075773.4,Warning,T002,RSUD dr. Mohamad Soewandhie,B
2025-09-30,101,Equipment,Surgical Mask,2974,44,1579,5054.72,189,17,V002,False,15.735449735449736,15032737.280000001,Warning,T002,RSUD dr. Mohamad Soewandhie,B
2025-10-01,107,Consumable,Surgical Mask,2278,976,3095,10969.69,381,10,V001,False,5.979002624671916,24988953.82,Warning,T002,RSUD dr. Mohamad Soewandhie,B
2025-10-02,106,Consumable,X-ray Machine,946,400,855,18760.33,2,11,V003,False,473.0,17747272.180000003,Safe,T002,RSUD dr. Mohamad Soewandhie,B
2025-10-03,109,Equipment,X-ray Machine,618,354,5849,2399.0,391,10,V003,False,1.5805626598465474,1482582.0,Warning,T002,RSUD dr. Mohamad Soewandhie,B
2025-10-04,104,Consumable,Surgical Mask,3300,598,2903,15441.35,485,10,V001,False,6.804123711340206,50956455.0,Warning,T002,RSUD dr. Mohamad Soewandhie,B
2025-10-05,101,Equipment,X-ray Machine,5367,27,5410,14752.14,337,8,V001,False,15.925816023738873,79174735.38,Safe,T002,RSUD dr. Mohamad Soewandhie,B
2025-10-06,105,Equipment,X-ray Machine,3508,617,591,17015.59,114,27,V001,False,30.771929824561404,59690689.72,Safe,T002,RSUD dr. Mohamad Soewandhie,B
2025-10-07,109,Consumable,Gloves,4876,570,2610,17784.06,327,24,V001,False,14.91131498470948,86715076.56,Warning,T002,RSUD dr. Mohamad Soewandhie,B
2025-10-08,107,Consumable,Surgical Mask,3185,815,997,17668.57,91,23,V001,False,35.0,56274395.449999996,Safe,T002,RSUD dr. Mohamad Soewandhie,B
2025-10-09,101,Equipment,X-ray Machine,2241,10,2799,18018.37,46,11,V001,False,48.71739130434783,40379167.169999994,Safe,T002,RSUD dr. Mohamad Soewandhie,B
2025-10-10,103,Equipment,Gloves,4557,468,3138,19614.11,342,12,V003,False,13.324561403508772,89381499.27,Safe,T002,RSUD dr. Mohamad Soewandhie,B
2025-10-11,105,Equipment,Surgical Mask,1470,635,5470,6648.92,517,8,V001,False,2.8433268858800775,9773912.4,Warning,T002,RSUD dr. Mohamad Soewandhie,B
2025-10-12,107,Consumable,Surgical Mask,4817,886,4647,18580.26,194,28,V001,False,24.829896907216494,89501112.41999999,Warning,T002,RSUD dr. Mohamad Soewandhie,B
2025-10-13,103,Consumable,Surgical Mask,3968,14,1402,18951.23,102,1,V002,False,38.90196078431372,75198480.64,Safe,T002,RSUD dr. Mohamad Soewandhie,B
2025-10-14,106,Equipment,X-ray Machine,4854,617,3227,12963.82,422,23,V003,False,11.502369668246445,62926382.28,Warning,T002,RSUD dr. Mohamad Soewandhie,B
2025-10-15,106,Consumable,X-ray Machine,3805,966,3040,13291.98,495,1,V003,False,7.686868686868687,50575983.9,Safe,T002,RSUD dr. Mohamad Soewandhie,B
2025-10-16,107,Consumable,IV Drip,3213,649,800,7171.49,328,3,V003,False,9.795731707317072,23041997.37,Safe,T002,RSUD dr. Mohamad Soewandhie,B
2025-10-17,109,Equipment,Gloves,1510,532,2366,14906.21,324,23,V001,False,4.660493827160494,22508377.099999998,Warning,T002,RSUD dr. Mohamad Soewandhie,B
2025-10-18,101,Equipment,IV Drip,5146,807,3281,12051.42,437,16,V001,False,11.775743707093822,62016607.32,Warning,T002,RSUD dr. Mohamad Soewandhie,B
2025-10-19,109,Consumable,Gloves,5083,875,1346,15726.49,229,9,V001,False,22.19650655021834,79937748.67,Safe,T002,RSUD dr. Mohamad Soewandhie,B
2025-10-20,106,Consumable,Ventilator,617,883,1652,3070.7,454,16,V001,True,1.3590308370044053,1894621.9,Critical,T002,RSUD dr. Mohamad Soewandhie,B
2025-10-21,100,Consumable,IV Drip,3002,250,3828,16291.95,310,25,V002,False,9.683870967741935,48908433.9,Warning,T002,RSUD dr. Mohamad Soewandhie,B
2025-10-22,103,Consumable,Surgical Mask,4858,535,2408,14467.77,277,23,V001,False,17.537906137184116,70284426.66,Warning,T002,RSUD dr. Mohamad Soewandhie,B
2025-10-23,108,Equipment,Ventilator,352,285,2617,10919.13,267,20,V001,False,1.3183520599250935,3843533.76,Warning,T002,RSUD dr. Mohamad Soewandhie,B
2025-10-24,104,Equipment,Ventilator,2396,51,5293,5194.7,59,15,V002,False,40.610169491525426,12446501.2,Safe,T002,RSUD dr. Mohamad Soewandhie,B
2025-10-25,101,Equipment,Ventilator,547,214,1810,1953.94,518,3,V001,False,1.055984555984556,1068805.18,Warning,T002,RSUD dr. Mohamad Soewandhie,B
2025-10-26,104,Equipment,Gloves,4971,438,3334,9696.92,211,4,V001,False,23.55924170616114,48203389.32,Safe,T002,RSUD dr. Mohamad Soewandhie,B
2025-10-27,105,Consumable,X-ray Machine,102,61,5214,2892.86,383,2,V002,False,0.26631853785900783,295071.72000000003,Warning,T002,RSUD dr. Mohamad Soewandhie,B
2025-10-28,100,Consumable,X-ray Machine,4234,117,516,15235.58,86,11,V001,False,49.23255813953488,64507445.72,Safe,T002,RSUD dr. Mohamad Soewandhie,B
2025-10-29,103,Equipment,Ventilator,2896,154,2411,18491.22,178,5,V001,False,16.269662921348313,53550573.120000005,Safe,T002,RSUD dr. Mohamad Soewandhie,B
2025-10-30,101,Consumable,X-ray Machine,3751,514,3909,16406.52,509,1,V001,False,7.369351669941061,61540856.52,Safe,T002,RSUD dr. Mohamad Soewandhie,B
2025-10-31,104,Consumable,Surgical Mask,3224,764,5823,6609.51,411,25,V003,False,7.844282238442823,21309060.240000002,Warning,T002,RSUD dr. Mohamad Soewandhie,B
2025-11-01,104,Equipment,X-ray Machine,3176,943,2557,2920.51,432,19,V001,False,7.351851851851852,9275539.76,Warning,T002,RSUD dr. Mohamad Soewandhie,B
2025-11-02,104,Consumable,Gloves,5046,536,2429,158.76,217,7,V001,False,23.253456221198157,801102.96,Safe,T002,RSUD dr. Mohamad Soewandhie,B
2025-11-03,100,Consumable,Ventilator,2946,686,1600,13273.33,52,24,V001,False,56.65384615384615,39103230.18,Safe,T002,RSUD dr. Mohamad Soewandhie,B
2025-11-04,100,Consumable,IV Drip,1155,124,2228,3752.65,131,13,V003,False,8.816793893129772,4334310.75,Warning,T002,RSUD dr. Mohamad Soewandhie,B
2025-11-05,108,Equipment,Surgical Mask,4463,142,5851,14331.23,376,16,V002,False,11.86968085106383,63960279.489999995,Warning,T002,RSUD dr. Mohamad Soewandhie,B
2025-11-06,104,Consumable,IV Drip,5432,313,2448,11508.87,191,27,V002,False,28.43979057591623,62516181.84,Safe,T002,RSUD dr. Mohamad Soewandhie,B
2025-11-07,106,Equipment,Ventilator,2684,906,2282,9400.61,525,24,V001,False,5.112380952380953,25231237.240000002,Warning,T002,RSUD dr. Mohamad Soewandhie,B
2025-11-08,109,Equipment,Ventilator,4477,827,3393,15350.9,307,25,V002,False,14.583061889250814,68725979.3,Warning,T002,RSUD dr. Mohamad Soewandhie,B
2025-11-09,103,Consumable,IV Drip,3956,943,5451,19621.33,298,17,V001,False,13.275167785234899,77621981.48,Warning,T002,RSUD dr. Mohamad Soewandhie,B
2025-11-10,103,Equipment,Ventilator,4147,264,3502,2572.32,283,19,V003,False,14.653710247349823,10667411.040000001,Warning,T002,RSUD dr. Mohamad Soewandhie,B
2025-11-11,102,Equipment,Ventilator,3158,469,3181,11010.6,479,14,V002,False,6.592901878914405,34771474.800000004,Warning,T002,RSUD dr. Mohamad Soewandhie,B
2025-11-12,101,Consumable,Ventilator,4937,822,3983,6264.8,535,2,V003,False,9.22803738317757,30929317.6,Safe,T002,RSUD dr. Mohamad Soewandhie,B
2025-11-13,102,Consumable,X-ray Machine,330,591,2399,559.59,201,23,V002,True,1.6417910447761195,184664.7,Critical,T002,RSUD dr. Mohamad Soewandhie,B
2025-11-14,101,Consumable,X-ray Machine,4088,370,4749,587.41,197,4,V003,False,20.751269035532996,2401332.08,Safe,T002,RSUD dr. Mohamad Soewandhie,B
2025-11-15,103,Consumable,Gloves,2939,504,2060,11552.65,433,27,V003,False,6.787528868360277,33953238.35,Warning,T002,RSUD dr. Mohamad Soewandhie,B
2025-11-16,104,Consumable,IV Drip,1777,794,4345,1658.77,319,7,V001,False,5.570532915360501,2947634.29,Warning,T002,RSUD dr. Mohamad Soewandhie,B
2025-11-17,101,Equipment,Surgical Mask,208,282,5654,879.04,270,8,V001,True,0.7703703703703704,182840.32,Critical,T002,RSUD dr. Mohamad Soewandhie,B
2025-11-18,101,Equipment,IV Drip,2482,788,576,3457.98,45,26,V002,False,55.15555555555556,8582706.36,Safe,T002,RSUD dr. Mohamad Soewandhie,B
2025-11-19,100,Equipment,IV Drip,415,527,3759,9197.56,186,21,V003,True,2.2311827956989245,3816987.4,Critical,T002,RSUD dr. Mohamad Soewandhie,B
2025-11-20,107,Consumable,Gloves,4061,929,4127,10015.6,268,17,V002,False,15.152985074626866,40673351.6,Warning,T002,RSUD dr. Mohamad Soewandhie,B
2025-11-21,108,Equipment,X-ray Machine,787,953,1475,18305.37,431,25,V001,True,1.825986078886311,14406326.19,Critical,T002,RSUD dr. Mohamad Soewandhie,B
2025-11-22,104,Equipment,Surgical Mask,596,589,1327,8393.67,452,3,V003,False,1.3185840707964602,5002627.32,Warning,T002,RSUD dr. Mohamad Soewandhie,B
2025-11-23,103,Consumable,Surgical Mask,959,176,3849,2156.02,174,29,V001,False,5.511494252873563,2067623.18,Warning,T002,RSUD dr. Mohamad Soewandhie,B
2025-11-24,105,Equipment,Gloves,428,284,2048,4618.7,479,11,V002,False,0.8935281837160751,1976803.5999999999,Warning,T002,RSUD dr. Mohamad Soewandhie,B
2025-11-25,106,Consumable,Ventilator,2498,104,3428,18908.2,205,20,V003,False,12.185365853658537,47232683.6,Warning,T002,RSUD dr. Mohamad Soewandhie,B
2025-11-26,103,Consumable,IV Drip,1596,474,1145,11903.24,20,3,V001,False,79.8,18997571.04,Safe,T002,RSUD dr. Mohamad Soewandhie,B
2025-11-27,102,Consumable,IV Drip,594,809,2160,7107.17,140,25,V003,True,4.242857142857143,4221658.98,Critical,T002,RSUD dr. Mohamad Soewandhie,B
2025-11-28,109,Consumable,Surgical Mask,1027,436,2827,17854.28,294,1,V003,False,3.493197278911565,18336345.56,Safe,T002,RSUD dr. Mohamad Soewandhie,B
2025-11-29,108,Equipment,IV Drip,4544,57,3363,6011.83,330,7,V002,False,13.76969696969697,27317755.52,Safe,T002,RSUD dr. Mohamad Soewandhie,B
2025-11-30,101,Equipment,Surgical Mask,991,287,2542,17621.95,492,14,V001,False,2.0142276422764227,17463352.45,Warning,T002,RSUD dr. Mohamad Soewandhie,B
2025-12-01,104,Equipment,X-ray Machine,2582,65,4346,2423.11,249,7,V003,False,10.369477911646586,6256470.0200000005,Safe,T002,RSUD dr. Mohamad Soewandhie,B
2025-12-02,100,Equipment,X-ray Machine,2912,340,568,18764.62,495,26,V002,False,5.8828282828282825,54642573.44,Warning,T002,RSUD dr. Mohamad Soewandhie,B
2025-12-03,108,Equipment,Surgical Mask,1019,118,5821,18753.76,254,28,V001,False,4.011811023622047,19110081.439999998,Warning,T002,RSUD dr. Mohamad Soewandhie,B
2025-12-04,103,Consumable,Gloves,4236,41,5539,6905.72,420,16,V002,False,10.085714285714285,29252629.92,Warning,T002,RSUD dr. Mohamad Soewandhie,B
2025-12-05,109,Equipment,IV Drip,1752,605,3278,351.47,304,6,V001,False,5.7631578947368425,615775.4400000001,Warning,T002,RSUD dr. Mohamad Soewandhie,B
2025-12-06,105,Consumable,Surgical Mask,3359,76,5071,7061.15,244,14,V003,False,13.76639344262295,23718402.849999998,Warning,T002,RSUD dr. Mohamad Soewandhie,B
2025-12-07,105,Equipment,Gloves,4950,157,1796,3616.63,430,10,V002,False,11.511627906976743,17902318.5,Safe,T002,RSUD dr. Mohamad Soewandhie,B
2025-12-08,101,Equipment,X-ray Machine,1718,169,2262,5321.71,7,24,V001,False,245.42857142857142,9142697.78,Safe,T002,RSUD dr. Mohamad Soewandhie,B
2025-12-09,107,Equipment,IV Drip,2098,892,5745,12513.84,217,20,V002,False,9.668202764976959,26254036.32,Warning,T002,RSUD dr. Mohamad Soewandhie,B
2025-12-10,108,Equipment,IV Drip,1188,797,1552,8862.24,496,23,V003,False,2.3951612903225805,10528341.12,Warning,T002,RSUD dr. Mohamad Soewandhie,B
2025-12-11,106,Equipment,X-ray Machine,1588,817,4880,14726.39,273,25,V003,False,5.816849816849817,23385507.32,Warning,T002,RSUD dr. Mohamad Soewandhie,B
2025-12-12,104,Consumable,Ventilator,5404,945,3173,12740.92,468,14,V001,False,11.547008547008547,68851931.68,Warning,T002,RSUD dr. Mohamad Soewandhie,B
2025-12-13,107,Consumable,Surgical Mask,4063,583,3149,6011.49,538,22,V001,False,7.552044609665428,24424683.869999997,Warning,T002,RSUD dr. Mohamad Soewandhie,B
2025-12-14,103,Equipment,Gloves,2375,619,1657,6477.87,512,14,V001,False,4.638671875,15384941.25,Warning,T002,RSUD dr. Mohamad Soewandhie,B
2025-12-15,105,Equipment,Gloves,3988,950,2102,15963.03,361,3,V003,False,11.047091412742382,63660563.64,Safe,T002,RSUD dr. Mohamad Soewandhie,B
2025-12-16,103,Consumable,Ventilator,2812,254,1215,10643.49,468,25,V002,False,6.0085470085470085,29929493.88,Warning,T002,RSUD dr. Mohamad Soewandhie,B
2025-12-17,106,Consumable,Gloves,5437,758,3137,2548.05,309,10,V001,False,17.59546925566343,13853747.850000001,Safe,T002,RSUD dr. Mohamad Soewandhie,B
2025-12-18,104,Equipment,Gloves,1444,448,3244,11734.67,238,2,V002,False,6.067226890756302,16944863.48,Safe,T002,RSUD dr. Mohamad Soewandhie,B
2025-12-19,107,Equipment,IV Drip,1173,744,2577,2760.01,199,27,V003,False,5.894472361809045,3237491.7300000004,Warning,T002,RSUD dr. Mohamad Soewandhie,B
2025-12-20,103,Equipment,Surgical Mask,4591,132,5045,17374.23,417,14,V002,False,11.009592326139089,79765089.92999999,Warning,T002,RSUD dr. Mohamad Soewandhie,B
2025-12-21,100,Equipment,IV Drip,3860,497,5937,2585.84,166,21,V001,False,23.253012048192772,9981342.4,Safe,T002,RSUD dr. Mohamad Soewandhie,B
2025-12-22,105,Consumable,X-ray Machine,5073,200,5084,13388.33,46,1,V001,False,110.28260869565217,67918998.09,Safe,T002,RSUD dr. Mohamad Soewandhie,B
2025-12-23,109,Consumable,IV Drip,1909,214,3726,17936.26,289,26,V001,False,6.6055363321799305,34240320.339999996,Warning,T002,RSUD dr. Mohamad Soewandhie,B
2025-12-24,103,Consumable,Ventilator,3722,922,1499,1962.92,133,29,V003,False,27.984962406015036,7305988.24,Warning,T002,RSUD dr. Mohamad Soewandhie,B
2025-12-25,107,Consumable,Surgical Mask,1486,90,2971,10604.88,228,15,V003,False,6.517543859649122,15758851.68,Warning,T002,RSUD dr. Mohamad Soewandhie,B
2025-12-26,105,Consumable,Ventilator,4128,520,605,19161.84,57,5,V003,False,72.42105263157895,79100075.52,Safe,T002,RSUD dr. Mohamad Soewandhie,B
2025-12-27,105,Consumable,Surgical Mask,3322,144,4973,5559.22,185,8,V002,False,17.956756756756757,18467728.84,Safe,T002,RSUD dr. Mohamad Soewandhie,B
2025-12-28,108,Equipment,Surgical Mask,5053,462,4856,5621.72,28,17,V001,False,180.46428571428572,28406551.16,Safe,T002,RSUD dr. Mohamad Soewandhie,B
2025-12-29,100,Equipment,Surgical Mask,2734,823,2932,9401.31,35,10,V003,False,78.11428571428571,25703181.54,Safe,T002,RSUD dr. Mohamad Soewandhie,B
2025-12-30,108,Consumable,Gloves,1595,990,767,18954.09,164,13,V003,False,9.725609756097562,30231773.55,Warning,T002,RSUD dr. Mohamad Soewandhie,B
2025-12-31,103,Consumable,IV Drip,3024,516,679,16020.37,162,18,V001,False,18.666666666666668,48445598.88,Safe,T002,RSUD dr. Mohamad Soewandhie,B
2026-01-01,106,Consumable,Gloves,2286,680,1111,5424.08,321,5,V001,False,7.121495327102804,12399446.879999999,Safe,T002,RSUD dr. Mohamad Soewandhie,B
2026-01-02,109,Consumable,Gloves,1750,598,1464,4632.09,529,17,V001,False,3.3081285444234405,8106157.5,Warning,T002,RSUD dr. Mohamad Soewandhie,B
2026-01-03,103,Equipment,IV Drip,3171,901,1232,3972.74,234,17,V002,False,13.551282051282051,12597558.54,Warning,T002,RSUD dr. Mohamad Soewandhie,B
2026-01-04,102,Equipment,Ventilator,1438,703,5508,8594.8,98,26,V002,False,14.673469387755102,12359322.399999999,Warning,T002,RSUD dr. Mohamad Soewandhie,B
2026-01-05,107,Consumable,Surgical Mask,176,427,5480,16158.21,529,17,V003,True,0.332703213610586,2843844.96,Critical,T002,RSUD dr. Mohamad Soewandhie,B
2026-01-06,100,Consumable,Ventilator,2990,612,1594,3046.47,101,4,V002,False,29.603960396039604,9108945.299999999,Safe,T002,RSUD dr. Mohamad Soewandhie,B
2026-01-07,103,Equipment,Ventilator,1214,412,3308,12341.39,331,9,V003,False,3.6676737160120845,14982447.459999999,Warning,T002,RSUD dr. Mohamad Soewandhie,B
2026-01-08,100,Consumable,X-ray Machine,4387,144,2643,9446.07,393,23,V001,False,11.162849872773537,41439909.089999996,Warning,T002,RSUD dr. Mohamad Soewandhie,B
2026-01-09,103,Equipment,Gloves,2030,642,1526,12926.59,514,3,V002,False,3.9494163424124515,26240977.7,Safe,T002,RSUD dr. Mohamad Soewandhie,B
2026-01-10,106,Equipment,Surgical Mask,196,140,5104,8070.0,166,1,V003,False,1.180722891566265,1581720.0,Safe,T002,RSUD dr. Mohamad Soewandhie,B
2026-01-11,101,Consumable,IV Drip,2128,164,3814,15196.56,531,26,V003,False,4.007532956685499,32338279.68,Warning,T002,RSUD dr. Mohamad Soewandhie,B
2026-01-12,109,Consumable,Ventilator,2638,248,4405,6420.49,458,7,V002,False,5.759825327510917,16937252.62,Warning,T002,RSUD dr. Mohamad Soewandhie,B
2026-01-13,102,Equipment,X-ray Machine,1441,291,2773,14443.49,197,22,V003,False,7.314720812182741,20813069.09,Warning,T002,RSUD dr. Mohamad Soewandhie,B
2026-01-14,109,Equipment,X-ray Machine,4419,535,1946,19193.19,302,29,V001,False,14.632450331125828,84814706.61,Warning,T002,RSUD dr. Mohamad Soewandhie,B
2026-01-15,104,Consumable,Ventilator,2998,969,3128,11585.05,87,23,V003,False,34.45977011494253,34731979.9,Safe,T002,RSUD dr. Mohamad Soewandhie,B
2026-01-16,109,Equipment,Ventilator,3361,741,2386,12691.4,9,28,V001,False,373.44444444444446,42655795.4,Safe,T002,RSUD dr. Mohamad Soewandhie,B
2026-01-17,101,Consumable,X-ray Machine,2587,584,5615,10496.26,13,26,V002,False,199.0,27153824.62,Safe,T002,RSUD dr. Mohamad Soewandhie,B
2026-01-18,103,Consumable,Gloves,3434,67,2883,9719.26,211,18,V002,False,16.274881516587676,33375938.84,Warning,T002,RSUD dr. Mohamad Soewandhie,B
2026-01-19,102,Equipment,X-ray Machine,4298,303,5747,3371.35,223,5,V003,False,19.27354260089686,14490062.299999999,Safe,T002,RSUD dr. Mohamad Soewandhie,B
2026-01-20,104,Equipment,X-ray Machine,2762,951,4873,13751.14,486,5,V002,False,5.683127572016461,37980648.68,Safe,T002,RSUD dr. Mohamad Soewandhie,B
2026-01-21,109,Consumable,X-ray Machine,1845,415,4461,12123.63,346,3,V002,False,5.332369942196531,22368097.349999998,Safe,T002,RSUD dr. Mohamad Soewandhie,B
2026-01-22,107,Consumable,Gloves,1166,117,5991,11057.94,43,26,V001,False,27.11627906976744,12893558.040000001,Safe,T002,RSUD dr. Mohamad Soewandhie,B
2026-01-23,104,Equipment,Gloves,1432,514,1626,6128.89,187,12,V001,False,7.657754010695188,8776570.48,Warning,T002,RSUD dr. Mohamad Soewandhie,B
2026-01-24,109,Consumable,Gloves,1387,847,4868,7890.13,518,11,V002,False,2.6776061776061777,10943610.31,Warning,T002,RSUD dr. Mohamad Soewandhie,B
2026-01-25,104,Consumable,IV Drip,4630,827,2550,8664.16,494,3,V002,False,9.37246963562753,40115060.8,Safe,T002,RSUD dr. Mohamad Soewandhie,B
2026-01-26,101,Consumable,IV Drip,1856,35,1201,13149.87,38,12,V003,False,48.8421052631579,24406158.720000003,Safe,T002,RSUD dr. Mohamad Soewandhie,B
2026-01-27,102,Equipment,IV Drip,1972,278,5730,14518.01,231,13,V001,False,8.536796536796537,28629515.72,Warning,T002,RSUD dr. Mohamad Soewandhie,B
2026-01-28,107,Equipment,IV Drip,3295,574,2836,6259.41,470,21,V002,False,7.01063829787234,20624755.95,Warning,T002,RSUD dr. Mohamad Soewandhie,B
2026-01-29,102,Equipment,Surgical Mask,3409,848,731,12294.92,481,10,V003,False,7.087318087318088,41913382.28,Warning,T002,RSUD dr. Mohamad Soewandhie,B
2026-01-30,103,Consumable,Surgical Mask,2005,953,4273,7407.8,78,27,V001,False,25.705128205128204,14852639.0,Warning,T002,RSUD dr. Mohamad Soewandhie,B
2026-01-31,109,Equipment,Surgical Mask,1441,775,885,9704.49,145,4,V003,False,9.937931034482759,13984170.09,Safe,T002,RSUD dr. Mohamad Soewandhie,B
2026-02-01,107,Equipment,Ventilator,2225,83,3864,1638.81,468,20,V002,False,4.754273504273504,3646352.25,Warning,T002,RSUD dr. Mohamad Soewandhie,B
2026-02-02,106,Consumable,Surgical Mask,2996,916,4429,11573.76,418,7,V002,False,7.167464114832536,34674984.96,Safe,T002,RSUD dr. Mohamad Soewandhie,B
2026-02-03,106,Consumable,Ventilator,3627,594,764,17928.89,101,28,V002,False,35.91089108910891,65028084.03,Safe,T002,RSUD dr. Mohamad Soewandhie,B
2026-02-04,102,Equipment,X-ray Machine,1958,484,3407,19068.13,507,11,V001,False,3.861932938856016,37335398.54,Warning,T002,RSUD dr. Mohamad Soewandhie,B
2026-02-05,103,Equipment,Surgical Mask,349,154,1524,6693.04,185,17,V001,False,1.8864864864864865,2335870.96,Warning,T002,RSUD dr. Mohamad Soewandhie,B
2026-02-06,106,Equipment,Gloves,2177,361,663,3402.94,235,9,V002,False,9.263829787234043,7408200.38,Safe,T002,RSUD dr. Mohamad Soewandhie,B
2026-02-07,100,Equipment,IV Drip,3197,872,5810,19532.82,310,26,V003,False,10.312903225806451,62446425.54,Warning,T002,RSUD dr. Mohamad Soewandhie,B
2026-02-08,108,Consumable,Ventilator,4479,776,3496,15934.2,283,6,V002,False,15.826855123674912,71369281.8,Safe,T002,RSUD dr. Mohamad Soewandhie,B
2026-02-09,100,Equipment,X-ray Machine,1097,239,2186,5863.88,119,16,V002,False,9.218487394957982,6432676.36,Warning,T002,RSUD dr. Mohamad Soewandhie,B
2026-02-10,107,Equipment,Surgical Mask,4612,304,4213,90.3,461,27,V001,False,10.004338394793926,416463.6,Warning,T002,RSUD dr. Mohamad Soewandhie,B
2026-02-11,106,Consumable,IV Drip,904,186,2385,5284.45,420,6,V003,False,2.1523809523809523,4777142.8,Warning,T002,RSUD dr. Mohamad Soewandhie,B
2026-02-12,105,Consumable,Gloves,3981,710,2807,19098.93,495,19,V003,False,8.042424242424243,76032840.33,Warning,T002,RSUD dr. Mohamad Soewandhie,B
2024-10-01,105,Consumable,Ventilator,1311,264,1018,4467.55,97,17,V001,False,13.515463917525773,5856958.05,Warning,T003,RSUD Bhakti Dharma Husada,C
2024-10-02,100,Equipment,Ventilator,2114,656,3556,5832.29,50,12,V001,False,42.28,12329461.06,Safe,T003,RSUD Bhakti Dharma Husada,C
2024-10-03,103,Equipment,Surgical Mask,2015,384,5562,16062.98,423,6,V001,False,4.763593380614657,32366904.7,Warning,T003,RSUD Bhakti Dharma Husada,C
2024-10-04,103,Consumable,Surgical Mask,1732,438,1131,744.1,186,15,V002,False,9.311827956989248,1288781.2,Warning,T003,RSUD Bhakti Dharma Husada,C
2024-10-05,107,Equipment,IV Drip,2048,338,1013,15426.53,142,12,V003,False,14.422535211267606,31593533.44,Safe,T003,RSUD Bhakti Dharma Husada,C
2024-10-06,109,Equipment,IV Drip,1919,402,1715,15246.06,347,26,V002,False,5.530259365994237,29257189.14,Warning,T003,RSUD Bhakti Dharma Husada,C
2024-10-07,103,Consumable,IV Drip,329,210,3765,1631.28,186,24,V003,False,1.7688172043010753,536691.12,Warning,T003,RSUD Bhakti Dharma Husada,C
2024-10-08,105,Equipment,IV Drip,105,502,2161,16620.81,231,11,V002,True,0.45454545454545453,1745185.05,Critical,T003,RSUD Bhakti Dharma Husada,C
2024-10-09,102,Consumable,Ventilator,672,751,1801,3441.26,14,20,V001,True,48.0,2312526.72,Critical,T003,RSUD Bhakti Dharma Husada,C
2024-10-10,104,Equipment,Gloves,2081,28,1314,2729.08,376,5,V002,False,5.534574468085107,5679215.4799999995,Safe,T003,RSUD Bhakti Dharma Husada,C
2024-10-11,107,Equipment,Surgical Mask,2933,12,2292,3328.44,145,21,V001,False,20.22758620689655,9762314.52,Warning,T003,RSUD Bhakti Dharma Husada,C
2024-10-12,106,Consumable,Surgical Mask,3834,207,4298,55.66,229,8,V003,False,16.74235807860262,213400.43999999997,Safe,T003,RSUD Bhakti Dharma Husada,C
2024-10-13,108,Consumable,X-ray Machine,2803,231,3736,10669.37,220,2,V001,False,12.74090909090909,29906244.110000003,Safe,T003,RSUD Bhakti Dharma Husada,C
2024-10-14,108,Consumable,Gloves,671,515,4238,7379.83,207,24,V002,False,3.241545893719807,4951865.93,Warning,T003,RSUD Bhakti Dharma Husada,C
2024-10-15,101,Consumable,Gloves,4011,239,2184,2865.49,178,24,V003,False,22.53370786516854,11493480.389999999,Warning,T003,RSUD Bhakti Dharma Husada,C
2024-10-16,106,Equipment,Surgical Mask,2945,622,4936,17374.64,374,25,V002,False,7.874331550802139,51168314.8,Warning,T003,RSUD Bhakti Dharma Husada,C
2024-10-17,107,Equipment,Gloves,396,372,3426,10124.28,95,26,V002,False,4.168421052631579,4009214.8800000004,Warning,T003,RSUD Bhakti Dharma Husada,C
2024-10-18,107,Consumable,X-ray Machine,2048,167,3633,6974.49,158,6,V002,False,12.962025316455696,14283755.52,Safe,T003,RSUD Bhakti Dharma Husada,C
2024-10-19,108,Consumable,Ventilator,393,165,2450,10654.65,449,23,V001,False,0.8752783964365256,4187277.4499999997,Warning,T003,RSUD Bhakti Dharma Husada,C
2024-10-20,101,Equipment,IV Drip,3669,667,3215,16184.33,53,18,V003,False,69.22641509433963,59380306.77,Safe,T003,RSUD Bhakti Dharma Husada,C
2024-10-21,105,Equipment,X-ray Machine,194,452,3288,3419.11,412,17,V002,True,0.470873786407767,663307.34,Critical,T003,RSUD Bhakti Dharma Husada,C
2024-10-22,109,Consumable,IV Drip,2475,405,2109,17313.6,337,17,V001,False,7.344213649851632,42851160.0,Warning,T003,RSUD Bhakti Dharma Husada,C
2024-10-23,108,Consumable,Surgical Mask,1875,315,3900,11709.1,353,1,V002,False,5.311614730878187,21954562.5,Safe,T003,RSUD Bhakti Dharma Husada,C
2024-10-24,109,Consumable,Ventilator,2141,338,1419,12310.83,374,19,V003,False,5.724598930481283,26357487.03,Warning,T003,RSUD Bhakti Dharma Husada,C
2024-10-25,104,Equipment,X-ray Machine,2320,354,4914,11771.05,308,4,V001,False,7.532467532467533,27308836.0,Safe,T003,RSUD Bhakti Dharma Husada,C
2024-10-26,103,Consumable,Gloves,1785,525,4644,4426.77,28,2,V002,False,63.75,7901784.450000001,Safe,T003,RSUD Bhakti Dharma Husada,C
2024-10-27,100,Equipment,Ventilator,710,634,2523,3695.18,383,7,V002,False,1.8537859007832898,2623577.8,Warning,T003,RSUD Bhakti Dharma Husada,C
2024-10-28,103,Consumable,X-ray Machine,3646,21,1823,9547.31,8,21,V001,False,455.75,34809492.26,Safe,T003,RSUD Bhakti Dharma Husada,C
2024-10-29,105,Consumable,Ventilator,643,835,1153,7127.18,59,1,V003,True,10.898305084745763,4582776.74,Critical,T003,RSUD Bhakti Dharma Husada,C
2024-10-30,100,Equipment,Surgical Mask,1203,444,1004,4817.11,99,9,V003,False,12.151515151515152,5794983.329999999,Safe,T003,RSUD Bhakti Dharma Husada,C
2024-10-31,102,Consumable,Gloves,4165,665,867,11625.6,423,25,V003,False,9.846335697399526,48420624.0,Warning,T003,RSUD Bhakti Dharma Husada,C
2024-11-01,103,Consumable,IV Drip,2733,963,1517,17123.76,238,7,V001,False,11.483193277310924,46799236.08,Safe,T003,RSUD Bhakti Dharma Husada,C
2024-11-02,108,Consumable,IV Drip,742,141,1277,11138.18,225,12,V001,False,3.2977777777777777,8264529.5600000005,Warning,T003,RSUD Bhakti Dharma Husada,C
2024-11-03,101,Equipment,IV Drip,1934,896,3727,18130.51,214,5,V002,False,9.037383177570094,35064406.339999996,Safe,T003,RSUD Bhakti Dharma Husada,C
2024-11-04,103,Equipment,X-ray Machine,4170,966,1497,14336.04,45,22,V001,False,92.66666666666667,59781286.800000004,Safe,T003,RSUD Bhakti Dharma Husada,C
2024-11-05,103,Consumable,Ventilator,590,945,5657,18008.8,336,6,V002,True,1.755952380952381,10625192.0,Critical,T003,RSUD Bhakti Dharma Husada,C
2024-11-06,103,Consumable,Gloves,118,520,4602,4034.61,58,8,V001,True,2.0344827586206895,476083.98000000004,Critical,T003,RSUD Bhakti Dharma Husada,C
2024-11-07,107,Consumable,Gloves,1990,991,3886,11746.94,83,24,V003,False,23.97590361445783,23376410.6,Warning,T003,RSUD Bhakti Dharma Husada,C
2024-11-08,100,Equipment,X-ray Machine,3183,167,5193,7093.88,46,26,V003,False,69.19565217391305,22579820.04,Safe,T003,RSUD Bhakti Dharma Husada,C
2024-11-09,101,Consumable,Gloves,4083,959,5623,14874.23,159,20,V001,False,25.67924528301887,60731481.089999996,Safe,T003,RSUD Bhakti Dharma Husada,C
2024-11-10,109,Consumable,Gloves,2757,77,4318,8997.87,427,11,V001,False,6.456674473067916,24807127.590000004,Warning,T003,RSUD Bhakti Dharma Husada,C
2024-11-11,109,Equipment,Ventilator,2300,578,3839,8243.92,142,6,V003,False,16.197183098591548,18961016.0,Safe,T003,RSUD Bhakti Dharma Husada,C
2024-11-12,100,Consumable,Ventilator,2078,213,2961,2860.0,65,6,V003,False,31.96923076923077,5943080.0,Safe,T003,RSUD Bhakti Dharma Husada,C
2024-11-13,104,Equipment,Ventilator,2467,385,5319,7091.41,24,5,V001,False,102.79166666666667,17494508.47,Safe,T003,RSUD Bhakti Dharma Husada,C
2024-11-14,107,Consumable,X-ray Machine,1238,89,5902,13356.24,432,29,V003,False,2.865740740740741,16535025.12,Warning,T003,RSUD Bhakti Dharma Husada,C
2024-11-15,103,Consumable,X-ray Machine,371,311,4676,10175.7,359,11,V001,False,1.033426183844011,3775184.7,Warning,T003,RSUD Bhakti Dharma Husada,C
2024-11-16,102,Equipment,X-ray Machine,1472,612,1687,10382.88,340,26,V001,False,4.329411764705882,15283599.36,Warning,T003,RSUD Bhakti Dharma Husada,C
2024-11-17,107,Equipment,Gloves,217,89,2088,12963.49,248,13,V001,False,0.875,2813077.33,Warning,T003,RSUD Bhakti Dharma Husada,C
2024-11-18,102,Consumable,IV Drip,1827,235,5509,5517.11,114,17,V001,False,16.026315789473685,10079759.969999999,Warning,T003,RSUD Bhakti Dharma Husada,C
2024-11-19,100,Consumable,Gloves,4001,21,5808,4415.31,123,26,V001,False,32.52845528455285,17665655.310000002,Safe,T003,RSUD Bhakti Dharma Husada,C
2024-11-20,100,Equipment,Ventilator,2011,513,1469,19355.19,36,6,V001,False,55.861111111111114,38923287.089999996,Safe,T003,RSUD Bhakti Dharma Husada,C
2024-11-21,104,Equipment,IV Drip,2519,143,4695,2757.06,373,14,V002,False,6.753351206434316,6945034.14,Warning,T003,RSUD Bhakti Dharma Husada,C
2024-11-22,105,Equipment,Surgical Mask,3169,936,5517,1620.42,252,12,V001,False,12.575396825396826,5135110.98,Safe,T003,RSUD Bhakti Dharma Husada,C
2024-11-23,105,Consumable,IV Drip,3266,196,2163,14073.16,301,23,V001,False,10.850498338870432,45962940.56,Warning,T003,RSUD Bhakti Dharma Husada,C
2024-11-24,106,Consumable,Ventilator,1839,590,3726,12942.68,37,11,V002,False,49.7027027027027,23801588.52,Safe,T003,RSUD Bhakti Dharma Husada,C
2024-11-25,108,Consumable,Ventilator,1858,325,1063,7419.78,117,8,V003,False,15.88034188034188,13785951.24,Safe,T003,RSUD Bhakti Dharma Husada,C
2024-11-26,104,Consumable,Ventilator,183,554,835,1536.19,311,1,V001,True,0.5884244372990354,281122.77,Critical,T003,RSUD Bhakti Dharma Husada,C
2024-11-27,101,Consumable,Ventilator,411,815,2831,5590.96,426,25,V001,True,0.9647887323943662,2297884.56,Critical,T003,RSUD Bhakti Dharma Husada,C
2024-11-28,104,Equipment,Surgical Mask,1715,181,2680,1244.96,258,17,V002,False,6.647286821705427,2135106.4,Warning,T003,RSUD Bhakti Dharma Husada,C
2024-11-29,109,Consumable,IV Drip,1086,647,3930,19782.43,383,28,V003,False,2.835509138381201,21483718.98,Warning,T003,RSUD Bhakti Dharma Husada,C
2024-11-30,108,Consumable,Surgical Mask,916,326,2651,13908.3,303,24,V001,False,3.0231023102310233,12740002.799999999,Warning,T003,RSUD Bhakti Dharma Husada,C
2024-12-01,101,Consumable,Gloves,1061,567,2789,8638.15,343,25,V001,False,3.0932944606413995,9165077.15,Warning,T003,RSUD Bhakti Dharma Husada,C
2024-12-02,101,Consumable,IV Drip,3427,295,2985,18394.64,287,29,V002,False,11.940766550522648,63038431.28,Warning,T003,RSUD Bhakti Dharma Husada,C
2024-12-03,107,Consumable,Gloves,2859,260,4363,11309.13,299,25,V003,False,9.561872909698996,32332802.669999998,Warning,T003,RSUD Bhakti Dharma Husada,C
2024-12-04,109,Equipment,Gloves,2938,165,5600,14225.64,324,26,V003,False,9.067901234567902,41794930.32,Warning,T003,RSUD Bhakti Dharma Husada,C
2024-12-05,109,Equipment,Gloves,3092,753,2058,10135.64,295,21,V003,False,10.48135593220339,31339398.88,Warning,T003,RSUD Bhakti Dharma Husada,C
2024-12-06,103,Equipment,Ventilator,4141,805,1872,16529.65,93,15,V003,False,44.526881720430104,68449280.65,Safe,T003,RSUD Bhakti Dharma Husada,C
2024-12-07,106,Equipment,IV Drip,870,39,4578,19648.94,423,1,V002,False,2.0567375886524824,17094577.799999997,Safe,T003,RSUD Bhakti Dharma Husada,C
2024-12-08,107,Equipment,X-ray Machine,1085,136,5626,8242.85,426,15,V002,False,2.5469483568075115,8943492.25,Warning,T003,RSUD Bhakti Dharma Husada,C
2024-12-09,102,Consumable,IV Drip,3931,82,1409,2946.37,265,4,V001,False,14.833962264150943,11582180.469999999,Safe,T003,RSUD Bhakti Dharma Husada,C
2024-12-10,100,Consumable,Ventilator,2237,85,1729,8037.19,270,23,V001,False,8.285185185185185,17979194.029999997,Warning,T003,RSUD Bhakti Dharma Husada,C
2024-12-11,103,Equipment,IV Drip,4213,107,4741,15954.34,400,16,V002,False,10.5325,67215634.42,Warning,T003,RSUD Bhakti Dharma Husada,C
2024-12-12,105,Equipment,Ventilator,1311,216,978,4.23,148,9,V003,False,8.858108108108109,5545.530000000001,Warning,T003,RSUD Bhakti Dharma Husada,C
2024-12-13,109,Equipment,IV Drip,3244,560,2310,19091.92,145,4,V001,False,22.372413793103448,61934188.48,Safe,T003,RSUD Bhakti Dharma Husada,C
2024-12-14,104,Equipment,IV Drip,1023,277,1252,13250.46,297,5,V001,False,3.4444444444444446,13555220.579999998,Warning,T003,RSUD Bhakti Dharma Husada,C
2024-12-15,104,Equipment,Gloves,1454,468,5750,6213.3,218,21,V003,False,6.669724770642202,9034138.200000001,Warning,T003,RSUD Bhakti Dharma Husada,C
2024-12-16,106,Equipment,Surgical Mask,1457,768,527,9796.68,230,15,V001,False,6.334782608695652,14273762.76,Warning,T003,RSUD Bhakti Dharma Husada,C
2024-12-17,104,Equipment,IV Drip,2952,867,892,5281.82,440,29,V002,False,6.709090909090909,15591932.639999999,Warning,T003,RSUD Bhakti Dharma Husada,C
2024-12-18,104,Equipment,X-ray Machine,199,42,4319,8718.91,361,5,V002,False,0.5512465373961218,1735063.09,Warning,T003,RSUD Bhakti Dharma Husada,C
2024-12-19,103,Consumable,Surgical Mask,3257,700,5827,12764.56,378,28,V001,False,8.616402116402117,41574171.92,Warning,T003,RSUD Bhakti Dharma Husada,C
2024-12-20,104,Consumable,X-ray Machine,1945,50,715,13481.71,223,18,V002,False,8.721973094170403,26221925.95,Warning,T003,RSUD Bhakti Dharma Husada,C
2024-12-21,104,Consumable,IV Drip,4173,208,3379,6455.81,349,28,V001,False,11.95702005730659,26940095.130000003,Warning,T003,RSUD Bhakti Dharma Husada,C
2024-12-22,108,Equipment,Ventilator,2393,296,3730,459.81,36,20,V001,False,66.47222222222223,1100325.33,Safe,T003,RSUD Bhakti Dharma Husada,C
2024-12-23,104,Equipment,IV Drip,1467,672,3408,7544.2,380,25,V002,False,3.860526315789474,11067341.4,Warning,T003,RSUD Bhakti Dharma Husada,C
2024-12-24,103,Equipment,Gloves,292,133,4482,7507.87,234,25,V002,False,1.2478632478632479,2192298.04,Warning,T003,RSUD Bhakti Dharma Husada,C
2024-12-25,107,Equipment,Ventilator,3486,597,3745,8240.78,382,4,V002,False,9.12565445026178,28727359.080000002,Safe,T003,RSUD Bhakti Dharma Husada,C
2024-12-26,105,Consumable,X-ray Machine,2051,301,4856,19314.53,53,19,V001,False,38.698113207547166,39614101.03,Safe,T003,RSUD Bhakti Dharma Husada,C
2024-12-27,105,Consumable,IV Drip,3812,478,5480,19401.95,436,2,V002,False,8.743119266055047,73960233.4,Safe,T003,RSUD Bhakti Dharma Husada,C
2024-12-28,100,Equipment,IV Drip,3340,974,5246,2974.71,117,13,V003,False,28.54700854700855,9935531.4,Safe,T003,RSUD Bhakti Dharma Husada,C
2024-12-29,101,Consumable,Ventilator,1219,585,5992,18268.7,4,21,V001,False,304.75,22269545.3,Safe,T003,RSUD Bhakti Dharma Husada,C
2024-12-30,105,Equipment,IV Drip,3510,782,563,19569.2,11,8,V001,False,319.09090909090907,68687892.0,Safe,T003,RSUD Bhakti Dharma Husada,C
2024-12-31,109,Equipment,Surgical Mask,3331,699,4870,5133.32,349,23,V003,False,9.544412607449857,17099088.919999998,Warning,T003,RSUD Bhakti Dharma Husada,C
2025-01-01,103,Equipment,X-ray Machine,957,894,4056,14820.61,100,13,V003,False,9.57,14183323.770000001,Warning,T003,RSUD Bhakti Dharma Husada,C
2025-01-02,100,Equipment,IV Drip,2336,167,2748,3509.51,169,25,V001,False,13.822485207100591,8198215.36,Warning,T003,RSUD Bhakti Dharma Husada,C
2025-01-03,105,Equipment,IV Drip,3269,713,4715,9439.58,127,16,V003,False,25.74015748031496,30857987.02,Safe,T003,RSUD Bhakti Dharma Husada,C
2025-01-04,100,Consumable,Ventilator,586,839,2862,12144.29,318,1,V002,True,1.8427672955974843,7116553.94,Critical,T003,RSUD Bhakti Dharma Husada,C
2025-01-05,101,Consumable,Gloves,3231,613,4285,3592.18,382,2,V002,False,8.458115183246074,11606333.58,Safe,T003,RSUD Bhakti Dharma Husada,C
2025-01-06,102,Consumable,X-ray Machine,3556,633,3969,10943.91,276,14,V001,False,12.884057971014492,38916543.96,Warning,T003,RSUD Bhakti Dharma Husada,C
2025-01-07,104,Consumable,Surgical Mask,1323,221,5265,14776.76,231,2,V001,False,5.7272727272727275,19549653.48,Safe,T003,RSUD Bhakti Dharma Husada,C
2025-01-08,102,Equipment,Surgical Mask,207,370,3138,13348.52,50,4,V002,True,4.14,2763143.64,Critical,T003,RSUD Bhakti Dharma Husada,C
2025-01-09,100,Consumable,Ventilator,1017,100,577,12615.11,50,8,V001,False,20.34,12829566.870000001,Safe,T003,RSUD Bhakti Dharma Husada,C
2025-01-10,103,Consumable,Surgical Mask,2369,548,4514,2409.08,101,25,V002,False,23.455445544554454,5707110.52,Warning,T003,RSUD Bhakti Dharma Husada,C
2025-01-11,102,Consumable,Gloves,3720,595,5296,19127.81,310,5,V003,False,12.0,71155453.2,Safe,T003,RSUD Bhakti Dharma Husada,C
2025-01-12,100,Consumable,IV Drip,1186,956,1088,2818.77,180,7,V003,False,6.588888888888889,3343061.22,Warning,T003,RSUD Bhakti Dharma Husada,C
2025-01-13,107,Equipment,X-ray Machine,1203,233,5849,12244.95,169,28,V003,False,7.118343195266272,14730674.850000001,Warning,T003,RSUD Bhakti Dharma Husada,C
2025-01-14,105,Equipment,IV Drip,2152,872,4241,2591.06,290,27,V001,False,7.4206896551724135,5575961.12,Warning,T003,RSUD Bhakti Dharma Husada,C
2025-01-15,109,Equipment,Ventilator,1190,795,4671,10794.3,435,3,V003,False,2.735632183908046,12845217.0,Warning,T003,RSUD Bhakti Dharma Husada,C
2025-01-16,100,Equipment,IV Drip,2305,721,2525,17348.74,243,14,V002,False,9.48559670781893,39988845.7,Warning,T003,RSUD Bhakti Dharma Husada,C
2025-01-17,102,Equipment,Gloves,1774,834,2405,12605.89,397,7,V002,False,4.468513853904282,22362848.86,Warning,T003,RSUD Bhakti Dharma Husada,C
2025-01-18,107,Consumable,Surgical Mask,454,813,2444,18171.78,28,16,V002,True,16.214285714285715,8249988.119999999,Critical,T003,RSUD Bhakti Dharma Husada,C
2025-01-19,102,Equipment,X-ray Machine,1912,211,4399,13171.06,308,26,V002,False,6.207792207792208,25183066.72,Warning,T003,RSUD Bhakti Dharma Husada,C
2025-01-20,109,Consumable,Gloves,1887,742,5268,9108.27,74,17,V002,False,25.5,17187305.490000002,Safe,T003,RSUD Bhakti Dharma Husada,C
2025-01-21,102,Consumable,Ventilator,1853,825,992,9337.51,137,17,V003,False,13.525547445255475,17302406.03,Warning,T003,RSUD Bhakti Dharma Husada,C
2025-01-22,103,Equipment,X-ray Machine,118,58,5874,4233.14,378,19,V002,False,0.31216931216931215,499510.52,Warning,T003,RSUD Bhakti Dharma Husada,C
2025-01-23,103,Equipment,IV Drip,680,385,4292,19077.24,376,10,V003,False,1.8085106382978724,12972523.200000001,Warning,T003,RSUD Bhakti Dharma Husada,C
2025-01-24,102,Equipment,Ventilator,2750,977,5606,6218.86,352,26,V002,False,7.8125,17101865.0,Warning,T003,RSUD Bhakti Dharma Husada,C
2025-01-25,103,Equipment,IV Drip,174,639,4192,7999.22,22,1,V001,True,7.909090909090909,1391864.28,Critical,T003,RSUD Bhakti Dharma Husada,C
2025-01-26,104,Equipment,Gloves,1349,589,1638,596.28,32,16,V003,False,42.15625,804381.72,Safe,T003,RSUD Bhakti Dharma Husada,C
2025-01-27,101,Consumable,Gloves,2009,645,4607,7760.43,94,22,V001,False,21.372340425531913,15590703.870000001,Warning,T003,RSUD Bhakti Dharma Husada,C
2025-01-28,102,Consumable,Ventilator,3622,721,2819,2334.56,398,17,V003,False,9.100502512562814,8455776.32,Warning,T003,RSUD Bhakti Dharma Husada,C
2025-01-29,109,Equipment,Surgical Mask,1635,328,5901,3828.92,323,11,V003,False,5.061919504643963,6260284.2,Warning,T003,RSUD Bhakti Dharma Husada,C
2025-01-30,101,Consumable,Ventilator,3860,978,5385,15790.87,412,5,V001,False,9.368932038834952,60952758.2,Safe,T003,RSUD Bhakti Dharma Husada,C
2025-01-31,104,Consumable,Surgical Mask,1993,303,2698,9444.07,138,8,V002,False,14.442028985507246,18822031.509999998,Safe,T003,RSUD Bhakti Dharma Husada,C
2025-02-01,106,Equipment,Ventilator,3083,15,1262,16754.86,200,24,V002,False,15.415,51655233.38,Warning,T003,RSUD Bhakti Dharma Husada,C
2025-02-02,108,Equipment,Ventilator,88,619,2383,6457.32,5,18,V002,True,17.6,568244.1599999999,Critical,T003,RSUD Bhakti Dharma Husada,C
2025-02-03,102,Equipment,X-ray Machine,1161,65,4704,7664.23,217,9,V002,False,5.350230414746544,8898171.03,Warning,T003,RSUD Bhakti Dharma Husada,C
2025-02-04,103,Consumable,Surgical Mask,2761,486,5052,16642.78,390,7,V003,False,7.079487179487179,45950715.58,Safe,T003,RSUD Bhakti Dharma Husada,C
2025-02-05,100,Consumable,Surgical Mask,59,440,1359,1353.1,369,14,V002,True,0.15989159891598917,79832.9,Critical,T003,RSUD Bhakti Dharma Husada,C
2025-02-06,100,Equipment,Gloves,898,48,5072,16408.54,408,6,V003,False,2.200980392156863,14734868.92,Warning,T003,RSUD Bhakti Dharma Husada,C
2025-02-07,106,Equipment,IV Drip,3256,571,3291,4108.2,215,18,V003,False,15.144186046511628,13376299.2,Warning,T003,RSUD Bhakti Dharma Husada,C
2025-02-08,100,Consumable,Gloves,4140,274,4699,13098.78,35,6,V003,False,118.28571428571429,54228949.2,Safe,T003,RSUD Bhakti Dharma Husada,C
2025-02-09,106,Consumable,Surgical Mask,219,644,599,10657.62,346,5,V001,True,0.6329479768786127,2334018.7800000003,Critical,T003,RSUD Bhakti Dharma Husada,C
2025-02-10,103,Consumable,X-ray Machine,2341,203,4989,15785.82,284,3,V001,False,8.242957746478874,36954604.62,Safe,T003,RSUD Bhakti Dharma Husada,C
2025-02-11,103,Equipment,Surgical Mask,1941,332,1386,15330.07,186,23,V002,False,10.435483870967742,29755665.87,Warning,T003,RSUD Bhakti Dharma Husada,C
2025-02-12,108,Equipment,IV Drip,1865,72,1320,11508.29,67,29,V003,False,27.83582089552239,21462960.85,Warning,T003,RSUD Bhakti Dharma Husada,C
2025-02-13,108,Consumable,IV Drip,2020,26,3871,11614.0,206,27,V002,False,9.805825242718447,23460280.0,Warning,T003,RSUD Bhakti Dharma Husada,C
2025-02-14,108,Equipment,Ventilator,1246,199,3397,14687.35,446,18,V001,False,2.7937219730941703,18300438.1,Warning,T003,RSUD Bhakti Dharma Husada,C
2025-02-15,102,Consumable,X-ray Machine,4230,204,2318,12211.46,392,28,V001,False,10.790816326530612,51654475.8,Warning,T003,RSUD Bhakti Dharma Husada,C
2025-02-16,103,Equipment,Gloves,1644,277,1962,11180.05,26,2,V001,False,63.23076923076923,18380002.2,Safe,T003,RSUD Bhakti Dharma Husada,C
2025-02-17,102,Consumable,X-ray Machine,1057,425,1855,9954.16,360,28,V003,False,2.936111111111111,10521547.12,Warning,T003,RSUD Bhakti Dharma Husada,C
2025-02-18,100,Equipment,Ventilator,1629,404,3520,19150.22,176,8,V001,False,9.255681818181818,31195708.380000003,Safe,T003,RSUD Bhakti Dharma Husada,C
2025-02-19,108,Equipment,Surgical Mask,129,30,2817,4425.19,33,14,V001,False,3.909090909090909,570849.5099999999,Warning,T003,RSUD Bhakti Dharma Husada,C
2025-02-20,108,Equipment,IV Drip,1426,110,1468,8742.17,122,26,V002,False,11.688524590163935,12466334.42,Warning,T003,RSUD Bhakti Dharma Husada,C
2025-02-21,103,Equipment,Surgical Mask,1875,792,732,8376.04,419,6,V002,False,4.4749403341288785,15705075.000000002,Warning,T003,RSUD Bhakti Dharma Husada,C
2025-02-22,108,Consumable,Surgical Mask,813,642,3717,11731.33,144,5,V002,False,5.645833333333333,9537571.29,Safe,T003,RSUD Bhakti Dharma Husada,C
2025-02-23,102,Consumable,Ventilator,120,62,5790,13675.82,155,27,V002,False,0.7741935483870968,1641098.4,Warning,T003,RSUD Bhakti Dharma Husada,C
2025-02-24,108,Consumable,Gloves,1607,465,3872,4455.81,38,18,V001,False,42.28947368421053,7160486.670000001,Safe,T003,RSUD Bhakti Dharma Husada,C
2025-02-25,104,Equipment,Surgical Mask,4020,679,3798,11237.37,418,16,V001,False,9.617224880382775,45174227.400000006,Warning,T003,RSUD Bhakti Dharma Husada,C
2025-02-26,103,Equipment,IV Drip,1272,911,2239,18407.82,256,22,V003,False,4.96875,23414747.04,Warning,T003,RSUD Bhakti Dharma Husada,C
2025-02-27,100,Equipment,IV Drip,2523,280,3403,4687.32,345,8,V001,False,7.3130434782608695,11826108.36,Warning,T003,RSUD Bhakti Dharma Husada,C
2025-02-28,104,Equipment,Gloves,975,636,5434,2216.52,165,9,V002,False,5.909090909090909,2161107.0,Warning,T003,RSUD Bhakti Dharma Husada,C
2025-03-01,103,Consumable,Gloves,1640,760,4130,5585.01,278,19,V003,False,5.899280575539568,9159416.4,Warning,T003,RSUD Bhakti Dharma Husada,C
2025-03-02,106,Consumable,Ventilator,3643,985,543,11055.04,107,21,V003,False,34.046728971962615,40273510.720000006,Safe,T003,RSUD Bhakti Dharma Husada,C
2025-03-03,109,Consumable,X-ray Machine,2416,829,1077,9049.9,154,26,V001,False,15.688311688311689,21864558.4,Warning,T003,RSUD Bhakti Dharma Husada,C
2025-03-04,108,Consumable,IV Drip,1104,42,3522,8807.99,224,8,V001,False,4.928571428571429,9724020.959999999,Warning,T003,RSUD Bhakti Dharma Husada,C
2025-03-05,100,Consumable,Surgical Mask,3357,417,4953,13084.14,374,3,V003,False,8.975935828877006,43923457.98,Safe,T003,RSUD Bhakti Dharma Husada,C
2025-03-06,108,Consumable,Ventilator,4134,771,2669,18329.75,78,9,V003,False,53.0,75775186.5,Safe,T003,RSUD Bhakti Dharma Husada,C
2025-03-07,105,Equipment,Gloves,3102,869,5795,3717.66,52,19,V003,False,59.65384615384615,11532181.32,Safe,T003,RSUD Bhakti Dharma Husada,C
2025-03-08,109,Equipment,Surgical Mask,916,784,3744,6971.8,449,18,V001,False,2.0400890868596884,6386168.8,Warning,T003,RSUD Bhakti Dharma Husada,C
2025-03-09,100,Consumable,X-ray Machine,1501,723,3325,7703.61,22,9,V002,False,68.22727272727273,11563118.61,Safe,T003,RSUD Bhakti Dharma Husada,C
2025-03-10,109,Equipment,Gloves,3367,130,1015,3067.83,112,8,V003,False,30.0625,10329383.61,Safe,T003,RSUD Bhakti Dharma Husada,C
2025-03-11,106,Consumable,X-ray Machine,2062,75,1917,17810.15,292,2,V001,False,7.061643835616438,36724529.300000004,Safe,T003,RSUD Bhakti Dharma Husada,C
2025-03-12,105,Consumable,X-ray Machine,2876,85,4719,18648.9,58,4,V003,False,49.58620689655172,53634236.400000006,Safe,T003,RSUD Bhakti Dharma Husada,C
2025-03-13,103,Equipment,IV Drip,511,865,3055,19984.16,362,27,V001,True,1.4116022099447514,10211905.76,Critical,T003,RSUD Bhakti Dharma Husada,C
2025-03-14,101,Consumable,IV Drip,327,518,5654,4744.54,179,22,V001,True,1.8268156424581006,1551464.58,Critical,T003,RSUD Bhakti Dharma Husada,C
2025-03-15,108,Equipment,X-ray Machine,3374,720,4050,1435.5,62,16,V001,False,54.41935483870968,4843377.0,Safe,T003,RSUD Bhakti Dharma Husada,C
2025-03-16,100,Consumable,IV Drip,3341,818,5914,2967.9,184,25,V001,False,18.157608695652176,9915753.9,Warning,T003,RSUD Bhakti Dharma Husada,C
2025-03-17,104,Consumable,Gloves,605,710,2754,16417.4,433,18,V003,True,1.3972286374133949,9932527.0,Critical,T003,RSUD Bhakti Dharma Husada,C
2025-03-18,109,Consumable,X-ray Machine,1097,46,3410,18593.6,188,20,V002,False,5.835106382978723,20397179.2,Warning,T003,RSUD Bhakti Dharma Husada,C
2025-03-19,106,Consumable,X-ray Machine,720,918,4006,7118.28,348,26,V003,True,2.0689655172413794,5125161.6,Critical,T003,RSUD Bhakti Dharma Husada,C
2025-03-20,105,Equipment,Ventilator,1573,941,641,19249.94,183,2,V003,False,8.595628415300547,30280155.619999997,Safe,T003,RSUD Bhakti Dharma Husada,C
2025-03-21,107,Consumable,Ventilator,2989,72,1355,15939.13,382,11,V002,False,7.824607329842932,47642059.57,Warning,T003,RSUD Bhakti Dharma Husada,C
2025-03-22,108,Consumable,Ventilator,2542,463,1305,7070.18,150,19,V001,False,16.946666666666665,17972397.560000002,Warning,T003,RSUD Bhakti Dharma Husada,C
2025-03-23,108,Equipment,Ventilator,2524,840,4433,17019.13,395,8,V002,False,6.389873417721519,42956284.120000005,Warning,T003,RSUD Bhakti Dharma Husada,C
2025-03-24,109,Equipment,Surgical Mask,3267,452,4321,12820.29,228,12,V003,False,14.328947368421053,41883887.43,Safe,T003,RSUD Bhakti Dharma Husada,C
2025-03-25,102,Consumable,Ventilator,259,598,3918,8929.95,94,6,V001,True,2.75531914893617,2312857.0500000003,Critical,T003,RSUD Bhakti Dharma Husada,C
2025-03-26,108,Consumable,Gloves,1177,540,582,9038.79,223,27,V003,False,5.278026905829597,10638655.830000002,Warning,T003,RSUD Bhakti Dharma Husada,C
2025-03-27,106,Equipment,Surgical Mask,1357,394,4554,19242.41,116,9,V001,False,11.698275862068966,26111950.37,Safe,T003,RSUD Bhakti Dharma Husada,C
2025-03-28,106,Consumable,Gloves,1468,11,5114,5860.81,239,6,V003,False,6.142259414225942,8603669.08,Safe,T003,RSUD Bhakti Dharma Husada,C
2025-03-29,109,Equipment,Ventilator,3571,734,2110,13394.06,68,20,V001,False,52.51470588235294,47830188.26,Safe,T003,RSUD Bhakti Dharma Husada,C
2025-03-30,101,Consumable,X-ray Machine,388,727,3061,16084.3,386,3,V003,True,1.005181347150259,6240708.399999999,Critical,T003,RSUD Bhakti Dharma Husada,C
2025-03-31,106,Equipment,Surgical Mask,1216,612,4029,7707.98,48,22,V001,False,25.333333333333332,9372903.68,Safe,T003,RSUD Bhakti Dharma Husada,C
2025-04-01,108,Consumable,X-ray Machine,1412,122,4772,9286.07,189,5,V002,False,7.470899470899471,13111930.84,Safe,T003,RSUD Bhakti Dharma Husada,C
2025-04-02,108,Equipment,Gloves,1665,117,754,12845.61,321,25,V003,False,5.186915887850467,21387940.650000002,Warning,T003,RSUD Bhakti Dharma Husada,C
2025-04-03,103,Equipment,Gloves,3653,159,5767,11755.83,326,2,V002,False,11.205521472392638,42944046.99,Safe,T003,RSUD Bhakti Dharma Husada,C
2025-04-04,102,Equipment,Surgical Mask,2940,600,3381,14664.65,158,1,V001,False,18.60759493670886,43114071.0,Safe,T003,RSUD Bhakti Dharma Husada,C
2025-04-05,103,Consumable,Gloves,2778,279,2535,17113.0,178,25,V001,False,15.606741573033707,47539914.0,Warning,T003,RSUD Bhakti Dharma Husada,C
2025-04-06,106,Equipment,Surgical Mask,3578,77,2264,10835.1,441,14,V002,False,8.113378684807257,38767987.800000004,Warning,T003,RSUD Bhakti Dharma Husada,C
2025-04-07,103,Consumable,Gloves,1373,883,1431,19188.41,44,16,V001,False,31.204545454545453,26345686.93,Safe,T003,RSUD Bhakti Dharma Husada,C
2025-04-08,106,Equipment,X-ray Machine,2587,411,2813,5623.07,381,25,V001,False,6.79002624671916,14546882.09,Warning,T003,RSUD Bhakti Dharma Husada,C
2025-04-09,105,Equipment,IV Drip,3947,271,5341,1335.6,33,5,V001,False,119.60606060606061,5271613.199999999,Safe,T003,RSUD Bhakti Dharma Husada,C
2025-04-10,107,Consumable,Ventilator,2091,36,513,7687.38,350,1,V002,False,5.974285714285714,16074311.58,Safe,T003,RSUD Bhakti Dharma Husada,C
2025-04-11,100,Consumable,Ventilator,3612,713,5033,19281.88,227,5,V003,False,15.911894273127754,69646150.56,Safe,T003,RSUD Bhakti Dharma Husada,C
2025-04-12,108,Consumable,IV Drip,2881,421,5580,15278.79,448,29,V003,False,6.430803571428571,44018193.99,Warning,T003,RSUD Bhakti Dharma Husada,C
2025-04-13,104,Equipment,IV Drip,308,759,1278,3938.24,184,19,V003,True,1.673913043478261,1212977.92,Critical,T003,RSUD Bhakti Dharma Husada,C
2025-04-14,106,Equipment,Surgical Mask,1158,947,4717,19594.12,36,24,V001,False,32.166666666666664,22689990.959999997,Safe,T003,RSUD Bhakti Dharma Husada,C
2025-04-15,105,Consumable,Gloves,360,535,1823,14048.5,200,21,V001,True,1.8,5057460.0,Critical,T003,RSUD Bhakti Dharma Husada,C
2025-04-16,108,Consumable,X-ray Machine,751,823,4185,15984.82,212,5,V002,True,3.542452830188679,12004599.82,Critical,T003,RSUD Bhakti Dharma Husada,C
2025-04-17,102,Consumable,Ventilator,1805,442,4764,1077.86,172,6,V002,False,10.494186046511627,1945537.2999999998,Safe,T003,RSUD Bhakti Dharma Husada,C
2025-04-18,103,Consumable,IV Drip,3480,578,1768,14453.29,157,15,V002,False,22.1656050955414,50297449.2,Safe,T003,RSUD Bhakti Dharma Husada,C
2025-04-19,109,Consumable,IV Drip,2565,68,5379,9672.78,414,23,V002,False,6.195652173913044,24810680.700000003,Warning,T003,RSUD Bhakti Dharma Husada,C
2025-04-20,107,Consumable,IV Drip,3649,27,1538,15898.63,269,16,V001,False,13.565055762081784,58014100.87,Warning,T003,RSUD Bhakti Dharma Husada,C
2025-04-21,105,Equipment,Gloves,848,224,3017,14321.3,145,20,V002,False,5.848275862068966,12144462.399999999,Warning,T003,RSUD Bhakti Dharma Husada,C
2025-04-22,103,Consumable,X-ray Machine,2171,873,500,3528.79,347,13,V002,False,6.256484149855908,7661003.09,Warning,T003,RSUD Bhakti Dharma Husada,C
2025-04-23,104,Consumable,IV Drip,3563,995,5911,18374.44,213,8,V002,False,16.727699530516432,65468129.72,Safe,T003,RSUD Bhakti Dharma Husada,C
2025-04-24,105,Consumable,X-ray Machine,3554,230,3970,11554.34,158,1,V003,False,22.49367088607595,41064124.36,Safe,T003,RSUD Bhakti Dharma Husada,C
2025-04-25,103,Consumable,Ventilator,1961,215,2298,7714.83,147,26,V001,False,13.34013605442177,15128781.629999999,Warning,T003,RSUD Bhakti Dharma Husada,C
2025-04-26,103,Equipment,Surgical Mask,1041,401,1100,4554.51,269,21,V002,False,3.869888475836431,4741244.91,Warning,T003,RSUD Bhakti Dharma Husada,C
2025-04-27,107,Consumable,Surgical Mask,1835,292,4074,15670.89,269,21,V001,False,6.821561338289963,28756083.15,Warning,T003,RSUD Bhakti Dharma Husada,C
2025-04-28,109,Consumable,Ventilator,1067,283,5623,19414.06,328,27,V002,False,3.2530487804878048,20714802.02,Warning,T003,RSUD Bhakti Dharma Husada,C
2025-04-29,109,Consumable,Surgical Mask,3970,718,1848,14710.54,183,6,V003,False,21.693989071038253,58400843.800000004,Safe,T003,RSUD Bhakti Dharma Husada,C
2025-04-30,109,Equipment,IV Drip,3954,565,1625,12197.47,384,11,V003,False,10.296875,48228796.379999995,Warning,T003,RSUD Bhakti Dharma Husada,C
2025-05-01,107,Equipment,Gloves,1877,441,2447,19006.75,228,25,V001,False,8.232456140350877,35675669.75,Warning,T003,RSUD Bhakti Dharma Husada,C
2025-05-02,103,Consumable,Surgical Mask,620,744,5222,14231.58,210,12,V002,True,2.9523809523809526,8823579.6,Critical,T003,RSUD Bhakti Dharma Husada,C
2025-05-03,102,Equipment,Ventilator,1112,135,2525,9129.72,42,22,V003,False,26.476190476190474,10152248.639999999,Safe,T003,RSUD Bhakti Dharma Husada,C
2025-05-04,103,Consumable,Gloves,1658,358,925,6433.42,439,29,V002,False,3.776765375854214,10666610.36,Warning,T003,RSUD Bhakti Dharma Husada,C
2025-05-05,109,Consumable,Ventilator,2581,515,5377,3774.51,418,7,V002,False,6.1746411483253585,9742010.31,Warning,T003,RSUD Bhakti Dharma Husada,C
2025-05-06,107,Consumable,IV Drip,547,850,1637,17473.68,99,2,V003,True,5.525252525252525,9558102.96,Critical,T003,RSUD Bhakti Dharma Husada,C
2025-05-07,107,Equipment,Ventilator,1306,708,2949,14457.92,197,21,V003,False,6.629441624365482,18882043.52,Warning,T003,RSUD Bhakti Dharma Husada,C
2025-05-08,105,Consumable,IV Drip,128,805,862,19561.59,95,14,V003,True,1.3473684210526315,2503883.52,Critical,T003,RSUD Bhakti Dharma Husada,C
2025-05-09,101,Consumable,Surgical Mask,2103,16,1470,1504.53,37,16,V001,False,56.83783783783784,3164026.59,Safe,T003,RSUD Bhakti Dharma Husada,C
2025-05-10,102,Consumable,Gloves,3680,913,4919,6294.82,98,16,V001,False,37.55102040816327,23164937.599999998,Safe,T003,RSUD Bhakti Dharma Husada,C
2025-05-11,102,Equipment,X-ray Machine,1812,703,5903,8129.55,332,12,V001,False,5.457831325301205,14730744.6,Warning,T003,RSUD Bhakti Dharma Husada,C
2025-05-12,108,Equipment,Gloves,881,897,4528,19250.87,303,22,V001,True,2.907590759075908,16960016.47,Critical,T003,RSUD Bhakti Dharma Husada,C
2025-05-13,101,Equipment,X-ray Machine,487,514,5251,11815.94,385,4,V003,True,1.264935064935065,5754362.78,Critical,T003,RSUD Bhakti Dharma Husada,C
2025-05-14,105,Consumable,Surgical Mask,2310,36,1246,13601.84,314,10,V003,False,7.356687898089172,31420250.4,Warning,T003,RSUD Bhakti Dharma Husada,C
2025-05-15,108,Consumable,Ventilator,2772,645,4262,5417.61,404,23,V003,False,6.861386138613861,15017614.92,Warning,T003,RSUD Bhakti Dharma Husada,C
2025-05-16,104,Equipment,IV Drip,2089,725,840,5150.14,58,25,V002,False,36.01724137931034,10758642.46,Safe,T003,RSUD Bhakti Dharma Husada,C
2025-05-17,100,Consumable,IV Drip,3414,815,1064,6855.76,40,24,V003,False,85.35,23405564.64,Safe,T003,RSUD Bhakti Dharma Husada,C
2025-05-18,102,Equipment,IV Drip,2804,103,2445,1680.4,344,5,V003,False,8.151162790697674,4711841.600000001,Safe,T003,RSUD Bhakti Dharma Husada,C
2025-05-19,105,Equipment,Surgical Mask,3480,443,4768,18790.34,118,29,V003,False,29.491525423728813,65390383.2,Safe,T003,RSUD Bhakti Dharma Husada,C
2025-05-20,105,Consumable,Surgical Mask,3478,542,4677,8103.52,21,27,V003,False,165.61904761904762,28184042.560000002,Safe,T003,RSUD Bhakti Dharma Husada,C
2025-05-21,100,Consumable,X-ray Machine,4022,487,1145,4010.43,343,24,V003,False,11.725947521865889,16129949.459999999,Warning,T003,RSUD Bhakti Dharma Husada,C
2025-05-22,108,Consumable,Gloves,2772,897,1211,6876.61,368,25,V001,False,7.532608695652174,19061962.919999998,Warning,T003,RSUD Bhakti Dharma Husada,C
2025-05-23,101,Consumable,Gloves,4131,450,4851,3916.18,386,18,V001,False,10.702072538860104,16177739.58,Warning,T003,RSUD Bhakti Dharma Husada,C
2025-05-24,101,Consumable,Ventilator,3045,967,3921,5117.16,306,21,V003,False,9.950980392156863,15581752.2,Warning,T003,RSUD Bhakti Dharma Husada,C
2025-05-25,100,Consumable,X-ray Machine,2423,449,606,15152.04,201,6,V002,False,12.054726368159203,36713392.92,Safe,T003,RSUD Bhakti Dharma Husada,C
2025-05-26,103,Consumable,Surgical Mask,2096,742,1254,4760.82,416,22,V002,False,5.038461538461538,9978678.719999999,Warning,T003,RSUD Bhakti Dharma Husada,C
2025-05-27,108,Consumable,Surgical Mask,1357,161,2127,13977.02,353,15,V002,False,3.8441926345609065,18966816.14,Warning,T003,RSUD Bhakti Dharma Husada,C
2025-05-28,108,Equipment,IV Drip,697,707,5780,11867.51,191,20,V002,True,3.649214659685864,8271654.47,Critical,T003,RSUD Bhakti Dharma Husada,C
2025-05-29,104,Consumable,X-ray Machine,1233,659,1437,2902.09,205,9,V003,False,6.014634146341463,3578276.97,Warning,T003,RSUD Bhakti Dharma Husada,C
2025-05-30,104,Equipment,X-ray Machine,106,650,3782,15274.29,279,4,V002,True,0.37992831541218636,1619074.74,Critical,T003,RSUD Bhakti Dharma Husada,C
2025-05-31,100,Consumable,Surgical Mask,1714,624,5009,17057.52,287,6,V001,False,5.97212543554007,29236589.28,Warning,T003,RSUD Bhakti Dharma Husada,C
2025-06-01,109,Equipment,X-ray Machine,2697,413,4582,19119.77,373,4,V002,False,7.230563002680965,51566019.69,Safe,T003,RSUD Bhakti Dharma Husada,C
2025-06-02,103,Consumable,IV Drip,3450,465,5984,19180.01,192,21,V002,False,17.96875,66171034.49999999,Warning,T003,RSUD Bhakti Dharma Husada,C
2025-06-03,107,Consumable,IV Drip,3519,60,3197,14127.56,8,7,V002,False,439.875,49714883.64,Safe,T003,RSUD Bhakti Dharma Husada,C
2025-06-04,103,Consumable,Surgical Mask,3200,560,4650,5827.25,413,2,V002,False,7.74818401937046,18647200.0,Safe,T003,RSUD Bhakti Dharma Husada,C
2025-06-05,102,Equipment,Surgical Mask,2014,973,3452,758.71,268,26,V001,False,7.514925373134329,1528041.9400000002,Warning,T003,RSUD Bhakti Dharma Husada,C
2025-06-06,101,Consumable,X-ray Machine,3339,774,2709,7804.91,377,10,V002,False,8.856763925729442,26060594.49,Warning,T003,RSUD Bhakti Dharma Husada,C
2025-06-07,101,Equipment,X-ray Machine,3745,424,1029,14662.67,158,13,V001,False,23.70253164556962,54911699.15,Safe,T003,RSUD Bhakti Dharma Husada,C
2025-06-08,102,Equipment,Gloves,820,559,5093,18812.8,401,24,V002,False,2.0448877805486285,15426496.0,Warning,T003,RSUD Bhakti Dharma Husada,C
2025-06-09,101,Consumable,X-ray Machine,4028,962,2979,2271.25,184,23,V001,False,21.891304347826086,9148595.0,Warning,T003,RSUD Bhakti Dharma Husada,C
2025-06-10,104,Consumable,X-ray Machine,2776,904,4100,10845.07,229,6,V003,False,12.12227074235808,30105914.32,Safe,T003,RSUD Bhakti Dharma Husada,C
2025-06-11,102,Consumable,Ventilator,2108,655,3634,9495.74,181,3,V001,False,11.646408839779005,20017019.919999998,Safe,T003,RSUD Bhakti Dharma Husada,C
2025-06-12,105,Equipment,Surgical Mask,607,69,5435,915.04,106,26,V001,False,5.726415094339623,555429.28,Warning,T003,RSUD Bhakti Dharma Husada,C
2025-06-13,105,Consumable,X-ray Machine,1140,986,4594,13013.72,281,28,V002,False,4.056939501779359,14835640.799999999,Warning,T003,RSUD Bhakti Dharma Husada,C
2025-06-14,105,Equipment,Ventilator,170,484,1610,17451.66,423,15,V001,True,0.40189125295508277,2966782.2,Critical,T003,RSUD Bhakti Dharma Husada,C
2025-06-15,102,Equipment,X-ray Machine,3140,455,3055,9237.32,220,20,V001,False,14.272727272727273,29005184.8,Warning,T003,RSUD Bhakti Dharma Husada,C
2025-06-16,105,Equipment,Surgical Mask,1099,809,1789,10465.55,62,6,V001,False,17.725806451612904,11501639.45,Safe,T003,RSUD Bhakti Dharma Husada,C
2025-06-17,107,Consumable,Gloves,4070,976,4514,3556.21,274,27,V002,False,14.854014598540147,14473774.7,Warning,T003,RSUD Bhakti Dharma Husada,C
2025-06-18,107,Equipment,IV Drip,1392,355,5248,2422.81,7,25,V003,False,198.85714285714286,3372551.52,Safe,T003,RSUD Bhakti Dharma Husada,C
2025-06-19,106,Consumable,Surgical Mask,2076,213,5708,12277.15,224,29,V003,False,9.267857142857142,25487363.4,Warning,T003,RSUD Bhakti Dharma Husada,C
2025-06-20,101,Consumable,Surgical Mask,2563,667,1897,14328.34,282,29,V002,False,9.088652482269504,36723535.42,Warning,T003,RSUD Bhakti Dharma Husada,C
2025-06-21,106,Consumable,Ventilator,2136,41,2954,5750.42,77,4,V003,False,27.74025974025974,12282897.120000001,Safe,T003,RSUD Bhakti Dharma Husada,C
2025-06-22,107,Consumable,Ventilator,684,681,3105,9989.26,78,16,V002,False,8.76923076923077,6832653.84,Warning,T003,RSUD Bhakti Dharma Husada,C
2025-06-23,102,Consumable,Ventilator,3216,94,2325,19161.21,294,2,V002,False,10.938775510204081,61622451.36,Safe,T003,RSUD Bhakti Dharma Husada,C
2025-06-24,103,Equipment,Gloves,3194,100,1202,666.95,18,26,V001,False,177.44444444444446,2130238.3000000003,Safe,T003,RSUD Bhakti Dharma Husada,C
2025-06-25,101,Consumable,Ventilator,1166,49,3385,4716.65,155,23,V002,False,7.52258064516129,5499613.899999999,Warning,T003,RSUD Bhakti Dharma Husada,C
2025-06-26,109,Consumable,Surgical Mask,2408,767,5233,2061.51,294,11,V003,False,8.19047619047619,4964116.08,Warning,T003,RSUD Bhakti Dharma Husada,C
2025-06-27,105,Consumable,Ventilator,306,188,5696,16439.94,318,8,V002,False,0.9622641509433962,5030621.64,Warning,T003,RSUD Bhakti Dharma Husada,C
2025-06-28,109,Equipment,X-ray Machine,2288,596,1181,19844.87,322,9,V001,False,7.105590062111801,45405062.559999995,Warning,T003,RSUD Bhakti Dharma Husada,C
2025-06-29,109,Equipment,X-ray Machine,3326,304,2944,3195.0,309,18,V001,False,10.763754045307444,10626570.0,Warning,T003,RSUD Bhakti Dharma Husada,C
2025-06-30,102,Consumable,IV Drip,298,590,4281,15038.14,326,26,V003,True,0.9141104294478528,4481365.72,Critical,T003,RSUD Bhakti Dharma Husada,C
2025-07-01,100,Equipment,X-ray Machine,1718,389,2269,5747.94,250,8,V003,False,6.872,9874960.92,Warning,T003,RSUD Bhakti Dharma Husada,C
2025-07-02,109,Consumable,IV Drip,1181,561,3237,6575.23,220,20,V003,False,5.368181818181818,7765346.63,Warning,T003,RSUD Bhakti Dharma Husada,C
2025-07-03,101,Equipment,X-ray Machine,1712,137,4405,18597.0,126,8,V001,False,13.587301587301587,31838064.0,Safe,T003,RSUD Bhakti Dharma Husada,C
2025-07-04,109,Consumable,Gloves,1044,217,2942,14250.61,155,10,V002,False,6.735483870967742,14877636.84,Warning,T003,RSUD Bhakti Dharma Husada,C
2025-07-05,100,Equipment,IV Drip,3191,23,4794,16241.58,61,21,V002,False,52.31147540983606,51826881.78,Safe,T003,RSUD Bhakti Dharma Husada,C
2025-07-06,106,Equipment,X-ray Machine,2318,173,2655,9095.5,202,2,V001,False,11.475247524752476,21083369.0,Safe,T003,RSUD Bhakti Dharma Husada,C
2025-07-07,100,Consumable,IV Drip,4062,496,5318,6545.59,373,18,V002,False,10.890080428954423,26588186.580000002,Warning,T003,RSUD Bhakti Dharma Husada,C
2025-07-08,104,Equipment,IV Drip,396,901,5223,2766.57,365,25,V002,True,1.084931506849315,1095561.72,Critical,T003,RSUD Bhakti Dharma Husada,C
2025-07-09,108,Consumable,X-ray Machine,1591,405,5050,12507.75,189,29,V002,False,8.417989417989418,19899830.25,Warning,T003,RSUD Bhakti Dharma Husada,C
2025-07-10,104,Equipment,Surgical Mask,2932,369,3482,13596.86,293,11,V001,False,10.006825938566553,39865993.52,Warning,T003,RSUD Bhakti Dharma Husada,C
2025-07-11,103,Consumable,Ventilator,3606,341,5310,18607.98,216,13,V002,False,16.694444444444443,67100375.879999995,Safe,T003,RSUD Bhakti Dharma Husada,C
2025-07-12,103,Consumable,IV Drip,1509,832,4339,2503.52,428,16,V003,False,3.5257009345794392,3777811.68,Warning,T003,RSUD Bhakti Dharma Husada,C
2025-07-13,108,Equipment,IV Drip,479,430,4955,14741.34,232,3,V001,False,2.064655172413793,7061101.86,Warning,T003,RSUD Bhakti Dharma Husada,C
2025-07-14,108,Consumable,IV Drip,3080,92,2332,10931.03,146,1,V001,False,21.095890410958905,33667572.4,Safe,T003,RSUD Bhakti Dharma Husada,C
2025-07-15,107,Consumable,Ventilator,2094,213,540,9146.87,382,25,V002,False,5.481675392670157,19153545.78,Warning,T003,RSUD Bhakti Dharma Husada,C
2025-07-16,100,Consumable,IV Drip,2754,701,4690,15058.49,328,22,V003,False,8.396341463414634,41471081.46,Warning,T003,RSUD Bhakti Dharma Husada,C
2025-07-17,103,Equipment,IV Drip,2186,172,4591,12145.71,94,6,V001,False,23.25531914893617,26550522.06,Safe,T003,RSUD Bhakti Dharma Husada,C
2025-07-18,108,Consumable,X-ray Machine,926,964,2646,2055.54,225,20,V002,True,4.115555555555556,1903430.04,Critical,T003,RSUD Bhakti Dharma Husada,C
2025-07-19,107,Equipment,Surgical Mask,1085,90,5167,8383.42,155,1,V001,False,7.0,9096010.7,Safe,T003,RSUD Bhakti Dharma Husada,C
2025-07-20,107,Consumable,Gloves,3231,550,3149,19913.41,47,18,V001,False,68.74468085106383,64340227.71,Safe,T003,RSUD Bhakti Dharma Husada,C
2025-07-21,101,Consumable,Gloves,133,403,2447,15351.22,437,24,V001,True,0.30434782608695654,2041712.26,Critical,T003,RSUD Bhakti Dharma Husada,C
2025-07-22,108,Consumable,Ventilator,3742,879,1196,15251.73,316,15,V003,False,11.841772151898734,57071973.66,Warning,T003,RSUD Bhakti Dharma Husada,C
2025-07-23,104,Equipment,Gloves,1417,18,5550,18444.16,420,21,V003,False,3.373809523809524,26135374.72,Warning,T003,RSUD Bhakti Dharma Husada,C
2025-07-24,107,Consumable,Surgical Mask,2812,155,1811,14587.84,395,27,V003,False,7.118987341772152,41021006.08,Warning,T003,RSUD Bhakti Dharma Husada,C
2025-07-25,100,Consumable,Gloves,2664,762,3364,16959.77,418,5,V003,False,6.373205741626794,45180827.28,Safe,T003,RSUD Bhakti Dharma Husada,C
2025-07-26,104,Equipment,Surgical Mask,409,246,2674,8021.97,228,5,V003,False,1.793859649122807,3280985.73,Warning,T003,RSUD Bhakti Dharma Husada,C
2025-07-27,109,Equipment,Surgical Mask,714,230,4983,8003.19,277,13,V003,False,2.577617328519856,5714277.66,Warning,T003,RSUD Bhakti Dharma Husada,C
2025-07-28,100,Equipment,X-ray Machine,3840,675,4916,19140.66,387,13,V002,False,9.922480620155039,73500134.4,Warning,T003,RSUD Bhakti Dharma Husada,C
2025-07-29,106,Consumable,Gloves,1758,360,5099,15149.99,210,5,V003,False,8.371428571428572,26633682.419999998,Safe,T003,RSUD Bhakti Dharma Husada,C
2025-07-30,104,Equipment,IV Drip,3342,133,2203,9426.57,315,16,V003,False,10.60952380952381,31503596.939999998,Warning,T003,RSUD Bhakti Dharma Husada,C
2025-07-31,102,Consumable,Ventilator,2929,111,5632,9792.19,120,6,V001,False,24.408333333333335,28681324.51,Safe,T003,RSUD Bhakti Dharma Husada,C
2025-08-01,104,Equipment,IV Drip,3410,709,3400,332.31,166,23,V001,False,20.542168674698797,1133177.1,Warning,T003,RSUD Bhakti Dharma Husada,C
2025-08-02,106,Equipment,Gloves,748,389,4031,4595.06,390,25,V003,False,1.917948717948718,3437104.8800000004,Warning,T003,RSUD Bhakti Dharma Husada,C
2025-08-03,103,Equipment,Gloves,3337,69,4966,9426.31,339,14,V003,False,9.843657817109145,31455596.47,Warning,T003,RSUD Bhakti Dharma Husada,C
2025-08-04,103,Equipment,IV Drip,3377,196,5539,5876.33,442,21,V001,False,7.64027149321267,19844366.41,Warning,T003,RSUD Bhakti Dharma Husada,C
2025-08-05,107,Equipment,X-ray Machine,1930,284,4909,19636.33,364,21,V001,False,5.302197802197802,37898116.900000006,Warning,T003,RSUD Bhakti Dharma Husada,C
2025-08-06,108,Consumable,Gloves,655,534,2697,2310.89,246,27,V001,False,2.66260162601626,1513632.95,Warning,T003,RSUD Bhakti Dharma Husada,C
2025-08-07,105,Consumable,X-ray Machine,1987,907,4448,10111.41,49,29,V001,False,40.55102040816327,20091371.669999998,Safe,T003,RSUD Bhakti Dharma Husada,C
2025-08-08,100,Equipment,Ventilator,211,293,1024,198.75,423,8,V001,True,0.4988179669030733,41936.25,Critical,T003,RSUD Bhakti Dharma Husada,C
2025-08-09,108,Consumable,Gloves,265,532,1157,5450.73,176,15,V001,True,1.5056818181818181,1444443.45,Critical,T003,RSUD Bhakti Dharma Husada,C
2025-08-10,105,Equipment,IV Drip,3021,973,2147,4489.01,364,24,V001,False,8.29945054945055,13561299.21,Warning,T003,RSUD Bhakti Dharma Husada,C
2025-08-11,104,Consumable,X-ray Machine,3590,967,2997,12101.98,445,21,V002,False,8.067415730337078,43446108.199999996,Warning,T003,RSUD Bhakti Dharma Husada,C
2025-08-12,107,Consumable,Ventilator,2117,794,1817,17744.44,397,6,V003,False,5.332493702770781,37564979.48,Warning,T003,RSUD Bhakti Dharma Husada,C
2025-08-13,104,Equipment,Surgical Mask,441,293,1291,11329.09,368,8,V003,False,1.1983695652173914,4996128.69,Warning,T003,RSUD Bhakti Dharma Husada,C
2025-08-14,101,Equipment,Ventilator,1622,646,5505,12882.23,270,5,V001,False,6.007407407407407,20894977.06,Safe,T003,RSUD Bhakti Dharma Husada,C
2025-08-15,103,Consumable,X-ray Machine,1052,784,636,5598.83,307,16,V003,False,3.42671009771987,5889969.16,Warning,T003,RSUD Bhakti Dharma Husada,C
2025-08-16,103,Consumable,Gloves,284,522,2758,6177.68,214,10,V001,True,1.3271028037383177,1754461.12,Critical,T003,RSUD Bhakti Dharma Husada,C
2025-08-17,109,Consumable,Gloves,867,17,4353,9980.36,173,6,V002,False,5.011560693641618,8652972.120000001,Warning,T003,RSUD Bhakti Dharma Husada,C
2025-08-18,102,Equipment,Surgical Mask,1350,675,3962,11371.41,14,26,V002,False,96.42857142857143,15351403.5,Safe,T003,RSUD Bhakti Dharma Husada,C
2025-08-19,105,Equipment,X-ray Machine,2141,77,911,10926.81,319,2,V003,False,6.7115987460815045,23394300.209999997,Safe,T003,RSUD Bhakti Dharma Husada,C
2025-08-20,102,Consumable,Gloves,1537,837,3737,5201.3,253,21,V002,False,6.075098814229249,7994398.100000001,Warning,T003,RSUD Bhakti Dharma Husada,C
2025-08-21,103,Consumable,Gloves,3484,770,919,2919.89,310,1,V001,False,11.238709677419354,10172896.76,Safe,T003,RSUD Bhakti Dharma Husada,C
2025-08-22,105,Consumable,X-ray Machine,1351,382,4238,7367.76,325,2,V002,False,4.156923076923077,9953843.76,Safe,T003,RSUD Bhakti Dharma Husada,C
2025-08-23,107,Consumable,Ventilator,137,521,1472,15682.5,83,20,V001,True,1.6506024096385543,2148502.5,Critical,T003,RSUD Bhakti Dharma Husada,C
2025-08-24,102,Consumable,IV Drip,1555,430,2849,11922.86,286,10,V003,False,5.437062937062937,18540047.3,Warning,T003,RSUD Bhakti Dharma Husada,C
2025-08-25,107,Consumable,Ventilator,4029,438,4420,3637.87,119,3,V001,False,33.857142857142854,14656978.23,Safe,T003,RSUD Bhakti Dharma Husada,C
2025-08-26,101,Equipment,X-ray Machine,4219,735,3886,4664.74,364,17,V003,False,11.590659340659341,19680538.06,Warning,T003,RSUD Bhakti Dharma Husada,C
2025-08-27,106,Equipment,Ventilator,1726,635,3314,18083.89,127,24,V003,False,13.590551181102363,31212794.14,Warning,T003,RSUD Bhakti Dharma Husada,C
2025-08-28,105,Equipment,Gloves,2200,768,1246,7924.06,104,27,V001,False,21.153846153846153,17432932.0,Warning,T003,RSUD Bhakti Dharma Husada,C
2025-08-29,100,Equipment,X-ray Machine,3548,521,1468,17074.09,271,19,V003,False,13.092250922509225,60578871.32,Warning,T003,RSUD Bhakti Dharma Husada,C
2025-08-30,100,Equipment,Gloves,1595,210,3012,19549.43,298,26,V003,False,5.352348993288591,31181340.85,Warning,T003,RSUD Bhakti Dharma Husada,C
2025-08-31,103,Equipment,Gloves,305,633,3817,7157.67,355,27,V002,True,0.8591549295774648,2183089.35,Critical,T003,RSUD Bhakti Dharma Husada,C
2025-09-01,101,Equipment,Gloves,3329,176,3441,258.85,173,11,V002,False,19.24277456647399,861711.65,Safe,T003,RSUD Bhakti Dharma Husada,C
2025-09-02,109,Equipment,Ventilator,2967,948,5566,14555.91,429,17,V001,False,6.916083916083916,43187384.97,Warning,T003,RSUD Bhakti Dharma Husada,C
2025-09-03,109,Consumable,IV Drip,3346,686,2435,9709.02,337,18,V001,False,9.928783382789318,32486380.92,Warning,T003,RSUD Bhakti Dharma Husada,C
2025-09-04,106,Consumable,Surgical Mask,3692,78,986,17748.49,158,9,V003,False,23.367088607594937,65527425.080000006,Safe,T003,RSUD Bhakti Dharma Husada,C
2025-09-05,106,Consumable,IV Drip,150,101,5452,3385.0,202,29,V002,False,0.7425742574257426,507750.0,Warning,T003,RSUD Bhakti Dharma Husada,C
2025-09-06,107,Consumable,Surgical Mask,188,791,3380,4865.33,425,18,V003,True,0.4423529411764706,914682.04,Critical,T003,RSUD Bhakti Dharma Husada,C
2025-09-07,108,Consumable,X-ray Machine,983,663,4558,9433.1,358,27,V001,False,2.7458100558659218,9272737.3,Warning,T003,RSUD Bhakti Dharma Husada,C
2025-09-08,108,Consumable,IV Drip,3577,947,3464,2715.95,63,18,V001,False,56.77777777777778,9714953.149999999,Safe,T003,RSUD Bhakti Dharma Husada,C
2025-09-09,107,Consumable,Surgical Mask,2825,338,5603,7207.0,157,6,V002,False,17.993630573248407,20359775.0,Safe,T003,RSUD Bhakti Dharma Husada,C
2025-09-10,100,Equipment,Gloves,1099,656,3747,311.77,440,10,V003,False,2.4977272727272726,342635.23,Warning,T003,RSUD Bhakti Dharma Husada,C
2025-09-11,108,Consumable,X-ray Machine,4152,360,2994,16035.71,122,7,V002,False,34.032786885245905,66580267.919999994,Safe,T003,RSUD Bhakti Dharma Husada,C
2025-09-12,106,Equipment,IV Drip,2518,150,4949,2014.53,268,13,V001,False,9.395522388059701,5072586.54,Warning,T003,RSUD Bhakti Dharma Husada,C
2025-09-13,108,Consumable,Ventilator,3665,620,3596,11917.36,100,7,V001,False,36.65,43677124.4,Safe,T003,RSUD Bhakti Dharma Husada,C
2025-09-14,109,Equipment,X-ray Machine,3295,909,3270,5245.0,361,16,V002,False,9.12742382271468,17282275.0,Warning,T003,RSUD Bhakti Dharma Husada,C
2025-09-15,108,Consumable,Gloves,2978,242,5948,600.78,161,25,V002,False,18.496894409937887,1789122.8399999999,Warning,T003,RSUD Bhakti Dharma Husada,C
2025-09-16,103,Equipment,Gloves,3280,538,3771,2194.35,266,2,V003,False,12.330827067669173,7197468.0,Safe,T003,RSUD Bhakti Dharma Husada,C
2025-09-17,106,Equipment,Gloves,3358,271,797,13984.45,32,15,V002,False,104.9375,46959783.1,Safe,T003,RSUD Bhakti Dharma Husada,C
2025-09-18,101,Consumable,Surgical Mask,3341,562,1847,17821.3,327,6,V003,False,10.217125382262997,59540963.3,Safe,T003,RSUD Bhakti Dharma Husada,C
2025-09-19,107,Equipment,IV Drip,2085,449,3699,1094.03,256,10,V001,False,8.14453125,2281052.55,Warning,T003,RSUD Bhakti Dharma Husada,C
2025-09-20,104,Equipment,X-ray Machine,1996,935,4203,5629.09,106,6,V002,False,18.830188679245282,11235663.64,Safe,T003,RSUD Bhakti Dharma Husada,C
2025-09-21,109,Consumable,IV Drip,2416,703,4831,7968.93,74,7,V002,False,32.648648648648646,19252934.88,Safe,T003,RSUD Bhakti Dharma Husada,C
2025-09-22,102,Equipment,IV Drip,280,288,5644,19573.66,34,12,V003,True,8.235294117647058,5480624.8,Critical,T003,RSUD Bhakti Dharma Husada,C
2025-09-23,100,Consumable,Surgical Mask,1017,367,4168,8853.64,2,26,V003,False,508.5,9004151.879999999,Safe,T003,RSUD Bhakti Dharma Husada,C
2025-09-24,108,Consumable,Surgical Mask,3368,545,4002,16497.31,419,17,V003,False,8.0381861575179,55562940.080000006,Warning,T003,RSUD Bhakti Dharma Husada,C
2025-09-25,102,Consumable,Gloves,3124,261,5140,5622.76,258,20,V001,False,12.108527131782946,17565502.240000002,Warning,T003,RSUD Bhakti Dharma Husada,C
2025-09-26,107,Equipment,IV Drip,2855,900,5398,9363.66,32,27,V002,False,89.21875,26733249.3,Safe,T003,RSUD Bhakti Dharma Husada,C
2025-09-27,108,Equipment,Surgical Mask,4228,942,1360,16517.32,336,24,V002,False,12.583333333333334,69835228.96,Warning,T003,RSUD Bhakti Dharma Husada,C
2025-09-28,104,Consumable,Gloves,735,757,728,15373.96,4,19,V003,True,183.75,11299860.6,Critical,T003,RSUD Bhakti Dharma Husada,C
2025-09-29,104,Consumable,X-ray Machine,1470,197,5446,4771.7,376,26,V001,False,3.9095744680851063,7014399.0,Warning,T003,RSUD Bhakti Dharma Husada,C
2025-09-30,101,Equipment,Surgical Mask,2298,44,1579,5054.72,155,17,V002,False,14.825806451612904,11615746.56,Warning,T003,RSUD Bhakti Dharma Husada,C
2025-10-01,107,Consumable,Surgical Mask,1760,976,3095,10969.69,311,10,V001,False,5.659163987138264,19306654.400000002,Warning,T003,RSUD Bhakti Dharma Husada,C
2025-10-02,106,Consumable,X-ray Machine,731,400,855,18760.33,2,11,V003,False,365.5,13713801.23,Safe,T003,RSUD Bhakti Dharma Husada,C
2025-10-03,109,Equipment,X-ray Machine,478,354,5849,2399.0,320,10,V003,False,1.49375,1146722.0,Warning,T003,RSUD Bhakti Dharma Husada,C
2025-10-04,104,Consumable,Surgical Mask,2550,598,2903,15441.35,397,10,V001,False,6.423173803526448,39375442.5,Warning,T003,RSUD Bhakti Dharma Husada,C
2025-10-05,101,Equipment,X-ray Machine,4147,27,5410,14752.14,275,8,V001,False,15.08,61177124.58,Safe,T003,RSUD Bhakti Dharma Husada,C
2025-10-06,105,Equipment,X-ray Machine,2711,617,591,17015.59,94,27,V001,False,28.840425531914892,46129264.49,Safe,T003,RSUD Bhakti Dharma Husada,C
2025-10-07,109,Consumable,Gloves,3768,570,2610,17784.06,267,24,V001,False,14.112359550561798,67010338.080000006,Warning,T003,RSUD Bhakti Dharma Husada,C
2025-10-08,107,Consumable,Surgical Mask,2461,815,997,17668.57,75,23,V001,False,32.81333333333333,43482350.769999996,Safe,T003,RSUD Bhakti Dharma Husada,C
2025-10-09,101,Equipment,X-ray Machine,1731,10,2799,18018.37,38,11,V001,False,45.55263157894737,31189798.47,Safe,T003,RSUD Bhakti Dharma Husada,C
2025-10-10,103,Equipment,Gloves,3522,468,3138,19614.11,280,12,V003,False,12.57857142857143,69080895.42,Safe,T003,RSUD Bhakti Dharma Husada,C
2025-10-11,105,Equipment,Surgical Mask,1136,635,5470,6648.92,423,8,V001,False,2.685579196217494,7553173.12,Warning,T003,RSUD Bhakti Dharma Husada,C
2025-10-12,107,Consumable,Surgical Mask,3722,886,4647,18580.26,158,28,V001,False,23.556962025316455,69155727.72,Warning,T003,RSUD Bhakti Dharma Husada,C
2025-10-13,103,Consumable,Surgical Mask,3066,14,1402,18951.23,84,1,V002,False,36.5,58104471.18,Safe,T003,RSUD Bhakti Dharma Husada,C
2025-10-14,106,Equipment,X-ray Machine,3751,617,3227,12963.82,346,23,V003,False,10.841040462427745,48627288.82,Warning,T003,RSUD Bhakti Dharma Husada,C
2025-10-15,106,Consumable,X-ray Machine,2940,966,3040,13291.98,405,1,V003,False,7.2592592592592595,39078421.199999996,Safe,T003,RSUD Bhakti Dharma Husada,C
2025-10-16,107,Consumable,IV Drip,2483,649,800,7171.49,268,3,V003,False,9.264925373134329,17806809.669999998,Safe,T003,RSUD Bhakti Dharma Husada,C
2025-10-17,109,Equipment,Gloves,1167,532,2366,14906.21,266,23,V001,False,4.387218045112782,17395547.07,Warning,T003,RSUD Bhakti Dharma Husada,C
2025-10-18,101,Equipment,IV Drip,3976,807,3281,12051.42,357,16,V001,False,11.137254901960784,47916445.92,Warning,T003,RSUD Bhakti Dharma Husada,C
2025-10-19,109,Consumable,Gloves,3928,875,1346,15726.49,187,9,V001,False,21.005347593582886,61773652.72,Safe,T003,RSUD Bhakti Dharma Husada,C
2025-10-20,106,Consumable,Ventilator,477,883,1652,3070.7,372,16,V001,True,1.282258064516129,1464723.9,Critical,T003,RSUD Bhakti Dharma Husada,C
2025-10-21,100,Consumable,IV Drip,2320,250,3828,16291.95,254,25,V002,False,9.133858267716535,37797324.0,Warning,T003,RSUD Bhakti Dharma Husada,C
2025-10-22,103,Consumable,Surgical Mask,3754,535,2408,14467.77,227,23,V001,False,16.537444933920703,54312008.58,Warning,T003,RSUD Bhakti Dharma Husada,C
2025-10-23,108,Equipment,Ventilator,272,285,2617,10919.13,219,20,V001,True,1.2420091324200913,2970003.36,Critical,T003,RSUD Bhakti Dharma Husada,C
2025-10-24,104,Equipment,Ventilator,1851,51,5293,5194.7,49,15,V002,False,37.775510204081634,9615389.7,Safe,T003,RSUD Bhakti Dharma Husada,C
2025-10-25,101,Equipment,Ventilator,422,214,1810,1953.94,424,3,V001,False,0.9952830188679245,824562.68,Warning,T003,RSUD Bhakti Dharma Husada,C
2025-10-26,104,Equipment,Gloves,3841,438,3334,9696.92,173,4,V001,False,22.202312138728324,37245869.72,Safe,T003,RSUD Bhakti Dharma Husada,C
2025-10-27,105,Consumable,X-ray Machine,79,61,5214,2892.86,313,2,V002,False,0.2523961661341853,228535.94,Warning,T003,RSUD Bhakti Dharma Husada,C
2025-10-28,100,Consumable,X-ray Machine,3272,117,516,15235.58,70,11,V001,False,46.74285714285714,49850817.76,Safe,T003,RSUD Bhakti Dharma Husada,C
2025-10-29,103,Equipment,Ventilator,2238,154,2411,18491.22,146,5,V001,False,15.32876712328767,41383350.36,Safe,T003,RSUD Bhakti Dharma Husada,C
2025-10-30,101,Consumable,X-ray Machine,2898,514,3909,16406.52,417,1,V001,False,6.9496402877697845,47546094.96,Safe,T003,RSUD Bhakti Dharma Husada,C
2025-10-31,104,Consumable,Surgical Mask,2491,764,5823,6609.51,337,25,V003,False,7.3916913946587535,16464289.41,Warning,T003,RSUD Bhakti Dharma Husada,C
2025-11-01,104,Equipment,X-ray Machine,2454,943,2557,2920.51,354,19,V001,False,6.932203389830509,7166931.540000001,Warning,T003,RSUD Bhakti Dharma Husada,C
2025-11-02,104,Consumable,Gloves,3899,536,2429,158.76,177,7,V001,False,22.028248587570623,619005.24,Safe,T003,RSUD Bhakti Dharma Husada,C
2025-11-03,100,Consumable,Ventilator,2276,686,1600,13273.33,42,24,V001,False,54.19047619047619,30210099.08,Safe,T003,RSUD Bhakti Dharma Husada,C
2025-11-04,100,Consumable,IV Drip,892,124,2228,3752.65,107,13,V003,False,8.336448598130842,3347363.8000000003,Warning,T003,RSUD Bhakti Dharma Husada,C
2025-11-05,108,Equipment,Surgical Mask,3448,142,5851,14331.23,308,16,V002,False,11.194805194805195,49414081.04,Warning,T003,RSUD Bhakti Dharma Husada,C
2025-11-06,104,Consumable,IV Drip,4197,313,2448,11508.87,157,27,V002,False,26.73248407643312,48302727.39,Warning,T003,RSUD Bhakti Dharma Husada,C
2025-11-07,106,Equipment,Ventilator,2074,906,2282,9400.61,429,24,V001,False,4.834498834498834,19496865.14,Warning,T003,RSUD Bhakti Dharma Husada,C
2025-11-08,109,Equipment,Ventilator,3460,827,3393,15350.9,251,25,V002,False,13.784860557768924,53114114.0,Warning,T003,RSUD Bhakti Dharma Husada,C
2025-11-09,103,Consumable,IV Drip,3057,943,5451,19621.33,244,17,V001,False,12.528688524590164,59982405.81,Warning,T003,RSUD Bhakti Dharma Husada,C
2025-11-10,103,Equipment,Ventilator,3204,264,3502,2572.32,231,19,V003,False,13.87012987012987,8241713.28,Warning,T003,RSUD Bhakti Dharma Husada,C
2025-11-11,102,Equipment,Ventilator,2440,469,3181,11010.6,392,14,V002,False,6.224489795918367,26865864.0,Warning,T003,RSUD Bhakti Dharma Husada,C
2025-11-12,101,Consumable,Ventilator,3815,822,3983,6264.8,437,2,V003,False,8.729977116704806,23900212.0,Safe,T003,RSUD Bhakti Dharma Husada,C
2025-11-13,102,Consumable,X-ray Machine,255,591,2399,559.59,165,23,V002,True,1.5454545454545454,142695.45,Critical,T003,RSUD Bhakti Dharma Husada,C
2025-11-14,101,Consumable,X-ray Machine,3159,370,4749,587.41,161,4,V003,False,19.62111801242236,1855628.19,Safe,T003,RSUD Bhakti Dharma Husada,C
2025-11-15,103,Consumable,Gloves,2271,504,2060,11552.65,355,27,V003,False,6.397183098591549,26236068.15,Warning,T003,RSUD Bhakti Dharma Husada,C
2025-11-16,104,Consumable,IV Drip,1373,794,4345,1658.77,261,7,V001,False,5.260536398467433,2277491.21,Warning,T003,RSUD Bhakti Dharma Husada,C
2025-11-17,101,Equipment,Surgical Mask,161,282,5654,879.04,220,8,V001,True,0.7318181818181818,141525.44,Critical,T003,RSUD Bhakti Dharma Husada,C
2025-11-18,101,Equipment,IV Drip,1918,788,576,3457.98,37,26,V002,False,51.83783783783784,6632405.64,Safe,T003,RSUD Bhakti Dharma Husada,C
2025-11-19,100,Equipment,IV Drip,320,527,3759,9197.56,152,21,V003,True,2.1052631578947367,2943219.1999999997,Critical,T003,RSUD Bhakti Dharma Husada,C
2025-11-20,107,Consumable,Gloves,3138,929,4127,10015.6,220,17,V002,False,14.263636363636364,31428952.8,Warning,T003,RSUD Bhakti Dharma Husada,C
2025-11-21,108,Equipment,X-ray Machine,608,953,1475,18305.37,353,25,V001,True,1.7223796033994334,11129664.959999999,Critical,T003,RSUD Bhakti Dharma Husada,C
2025-11-22,104,Equipment,Surgical Mask,461,589,1327,8393.67,370,3,V003,True,1.2459459459459459,3869481.87,Critical,T003,RSUD Bhakti Dharma Husada,C
2025-11-23,103,Consumable,Surgical Mask,741,176,3849,2156.02,142,29,V001,False,5.21830985915493,1597610.82,Warning,T003,RSUD Bhakti Dharma Husada,C
2025-11-24,105,Equipment,Gloves,331,284,2048,4618.7,392,11,V002,False,0.8443877551020408,1528789.7,Warning,T003,RSUD Bhakti Dharma Husada,C
2025-11-25,106,Consumable,Ventilator,1930,104,3428,18908.2,167,20,V003,False,11.55688622754491,36492826.0,Warning,T003,RSUD Bhakti Dharma Husada,C
2025-11-26,103,Consumable,IV Drip,1233,474,1145,11903.24,16,3,V001,False,77.0625,14676694.92,Safe,T003,RSUD Bhakti Dharma Husada,C
2025-11-27,102,Consumable,IV Drip,459,809,2160,7107.17,114,25,V003,True,4.026315789473684,3262191.0300000003,Critical,T003,RSUD Bhakti Dharma Husada,C
2025-11-28,109,Consumable,Surgical Mask,794,436,2827,17854.28,240,1,V003,False,3.308333333333333,14176298.319999998,Safe,T003,RSUD Bhakti Dharma Husada,C
2025-11-29,108,Equipment,IV Drip,3511,57,3363,6011.83,270,7,V002,False,13.003703703703703,21107535.13,Safe,T003,RSUD Bhakti Dharma Husada,C
2025-11-30,101,Equipment,Surgical Mask,766,287,2542,17621.95,402,14,V001,False,1.9054726368159205,13498413.700000001,Warning,T003,RSUD Bhakti Dharma Husada,C
2025-12-01,104,Equipment,X-ray Machine,1995,65,4346,2423.11,203,7,V003,False,9.827586206896552,4834104.45,Safe,T003,RSUD Bhakti Dharma Husada,C
2025-12-02,100,Equipment,X-ray Machine,2250,340,568,18764.62,405,26,V002,False,5.555555555555555,42220395.0,Warning,T003,RSUD Bhakti Dharma Husada,C
2025-12-03,108,Equipment,Surgical Mask,787,118,5821,18753.76,208,28,V001,False,3.7836538461538463,14759209.12,Warning,T003,RSUD Bhakti Dharma Husada,C
2025-12-04,103,Consumable,Gloves,3273,41,5539,6905.72,344,16,V002,False,9.51453488372093,22602421.560000002,Warning,T003,RSUD Bhakti Dharma Husada,C
2025-12-05,109,Equipment,IV Drip,1354,605,3278,351.47,248,6,V001,False,5.459677419354839,475890.38000000006,Warning,T003,RSUD Bhakti Dharma Husada,C
2025-12-06,105,Consumable,Surgical Mask,2596,76,5071,7061.15,200,14,V003,False,12.98,18330745.4,Warning,T003,RSUD Bhakti Dharma Husada,C
2025-12-07,105,Equipment,Gloves,3825,157,1796,3616.63,352,10,V002,False,10.866477272727273,13833609.75,Safe,T003,RSUD Bhakti Dharma Husada,C
2025-12-08,101,Equipment,X-ray Machine,1328,169,2262,5321.71,5,24,V001,False,265.6,7067230.88,Safe,T003,RSUD Bhakti Dharma Husada,C
2025-12-09,107,Equipment,IV Drip,1621,892,5745,12513.84,177,20,V002,False,9.158192090395481,20284934.64,Warning,T003,RSUD Bhakti Dharma Husada,C
2025-12-10,108,Equipment,IV Drip,918,797,1552,8862.24,406,23,V003,False,2.2610837438423643,8135536.319999999,Warning,T003,RSUD Bhakti Dharma Husada,C
2025-12-11,106,Equipment,X-ray Machine,1227,817,4880,14726.39,223,25,V003,False,5.502242152466367,18069280.529999997,Warning,T003,RSUD Bhakti Dharma Husada,C
2025-12-12,104,Consumable,Ventilator,4176,945,3173,12740.92,382,14,V001,False,10.93193717277487,53206081.92,Warning,T003,RSUD Bhakti Dharma Husada,C
2025-12-13,107,Consumable,Surgical Mask,3140,583,3149,6011.49,440,22,V001,False,7.136363636363637,18876078.599999998,Warning,T003,RSUD Bhakti Dharma Husada,C
2025-12-14,103,Equipment,Gloves,1835,619,1657,6477.87,418,14,V001,False,4.389952153110048,11886891.45,Warning,T003,RSUD Bhakti Dharma Husada,C
2025-12-15,105,Equipment,Gloves,3081,950,2102,15963.03,295,3,V003,False,10.44406779661017,49182095.43,Safe,T003,RSUD Bhakti Dharma Husada,C
2025-12-16,103,Consumable,Ventilator,2173,254,1215,10643.49,382,25,V002,False,5.68848167539267,23128303.77,Warning,T003,RSUD Bhakti Dharma Husada,C
2025-12-17,106,Consumable,Gloves,4202,758,3137,2548.05,253,10,V001,False,16.608695652173914,10706906.100000001,Safe,T003,RSUD Bhakti Dharma Husada,C
2025-12-18,104,Equipment,Gloves,1116,448,3244,11734.67,194,2,V002,False,5.752577319587629,13095891.72,Safe,T003,RSUD Bhakti Dharma Husada,C
2025-12-19,107,Equipment,IV Drip,906,744,2577,2760.01,163,27,V003,False,5.558282208588957,2500569.06,Warning,T003,RSUD Bhakti Dharma Husada,C
2025-12-20,103,Equipment,Surgical Mask,3548,132,5045,17374.23,341,14,V002,False,10.404692082111437,61643768.04,Warning,T003,RSUD Bhakti Dharma Husada,C
2025-12-21,100,Equipment,IV Drip,2983,497,5937,2585.84,136,21,V001,False,21.933823529411764,7713560.720000001,Safe,T003,RSUD Bhakti Dharma Husada,C
2025-12-22,105,Consumable,X-ray Machine,3920,200,5084,13388.33,38,1,V001,False,103.15789473684211,52482253.6,Safe,T003,RSUD Bhakti Dharma Husada,C
2025-12-23,109,Consumable,IV Drip,1475,214,3726,17936.26,237,26,V001,False,6.223628691983122,26455983.499999996,Warning,T003,RSUD Bhakti Dharma Husada,C
2025-12-24,103,Consumable,Ventilator,2876,922,1499,1962.92,109,29,V003,False,26.38532110091743,5645357.92,Warning,T003,RSUD Bhakti Dharma Husada,C
2025-12-25,107,Consumable,Surgical Mask,1148,90,2971,10604.88,186,15,V003,False,6.172043010752688,12174402.239999998,Warning,T003,RSUD Bhakti Dharma Husada,C
2025-12-26,105,Consumable,Ventilator,3190,520,605,19161.84,47,5,V003,False,67.87234042553192,61126269.6,Safe,T003,RSUD Bhakti Dharma Husada,C
2025-12-27,105,Consumable,Surgical Mask,2567,144,4973,5559.22,151,8,V002,False,17.0,14270517.74,Safe,T003,RSUD Bhakti Dharma Husada,C
2025-12-28,108,Equipment,Surgical Mask,3905,462,4856,5621.72,22,17,V001,False,177.5,21952816.6,Safe,T003,RSUD Bhakti Dharma Husada,C
2025-12-29,100,Equipment,Surgical Mask,2112,823,2932,9401.31,29,10,V003,False,72.82758620689656,19855566.72,Safe,T003,RSUD Bhakti Dharma Husada,C
2025-12-30,108,Consumable,Gloves,1232,990,767,18954.09,134,13,V003,False,9.194029850746269,23351438.88,Warning,T003,RSUD Bhakti Dharma Husada,C
2025-12-31,103,Consumable,IV Drip,2337,516,679,16020.37,132,18,V001,False,17.704545454545453,37439604.690000005,Warning,T003,RSUD Bhakti Dharma Husada,C
2026-01-01,106,Consumable,Gloves,1766,680,1111,5424.08,263,5,V001,False,6.714828897338403,9578925.28,Safe,T003,RSUD Bhakti Dharma Husada,C
2026-01-02,109,Consumable,Gloves,1352,598,1464,4632.09,433,17,V001,False,3.1224018475750577,6262585.680000001,Warning,T003,RSUD Bhakti Dharma Husada,C
2026-01-03,103,Equipment,IV Drip,2451,901,1232,3972.74,192,17,V002,False,12.765625,9737185.74,Warning,T003,RSUD Bhakti Dharma Husada,C
2026-01-04,102,Equipment,Ventilator,1111,703,5508,8594.8,80,26,V002,False,13.8875,9548822.799999999,Warning,T003,RSUD Bhakti Dharma Husada,C
2026-01-05,107,Consumable,Surgical Mask,136,427,5480,16158.21,433,17,V003,True,0.3140877598152425,2197516.56,Critical,T003,RSUD Bhakti Dharma Husada,C
2026-01-06,100,Consumable,Ventilator,2310,612,1594,3046.47,83,4,V002,False,27.83132530120482,7037345.699999999,Safe,T003,RSUD Bhakti Dharma Husada,C
2026-01-07,103,Equipment,Ventilator,938,412,3308,12341.39,271,9,V003,False,3.4612546125461257,11576223.82,Warning,T003,RSUD Bhakti Dharma Husada,C
2026-01-08,100,Consumable,X-ray Machine,3390,144,2643,9446.07,321,23,V001,False,10.560747663551401,32022177.3,Warning,T003,RSUD Bhakti Dharma Husada,C
2026-01-09,103,Equipment,Gloves,1568,642,1526,12926.59,420,3,V002,False,3.7333333333333334,20268893.12,Safe,T003,RSUD Bhakti Dharma Husada,C
2026-01-10,106,Equipment,Surgical Mask,151,140,5104,8070.0,136,1,V003,False,1.1102941176470589,1218570.0,Safe,T003,RSUD Bhakti Dharma Husada,C
2026-01-11,101,Consumable,IV Drip,1645,164,3814,15196.56,435,26,V003,False,3.781609195402299,24998341.2,Warning,T003,RSUD Bhakti Dharma Husada,C
2026-01-12,109,Consumable,Ventilator,2038,248,4405,6420.49,374,7,V002,False,5.449197860962567,13084958.62,Warning,T003,RSUD Bhakti Dharma Husada,C
2026-01-13,102,Equipment,X-ray Machine,1114,291,2773,14443.49,161,22,V003,False,6.919254658385094,16090047.86,Warning,T003,RSUD Bhakti Dharma Husada,C
2026-01-14,109,Equipment,X-ray Machine,3414,535,1946,19193.19,248,29,V001,False,13.766129032258064,65525550.66,Warning,T003,RSUD Bhakti Dharma Husada,C
2026-01-15,104,Consumable,Ventilator,2316,969,3128,11585.05,71,23,V003,False,32.61971830985915,26830975.799999997,Safe,T003,RSUD Bhakti Dharma Husada,C
2026-01-16,109,Equipment,Ventilator,2597,741,2386,12691.4,7,28,V001,False,371.0,32959565.8,Safe,T003,RSUD Bhakti Dharma Husada,C
2026-01-17,101,Consumable,X-ray Machine,1999,584,5615,10496.26,11,26,V002,False,181.72727272727272,20982023.740000002,Safe,T003,RSUD Bhakti Dharma Husada,C
2026-01-18,103,Consumable,Gloves,2654,67,2883,9719.26,173,18,V002,False,15.341040462427745,25794916.04,Warning,T003,RSUD Bhakti Dharma Husada,C
2026-01-19,102,Equipment,X-ray Machine,3321,303,5747,3371.35,183,5,V003,False,18.147540983606557,11196253.35,Safe,T003,RSUD Bhakti Dharma Husada,C
2026-01-20,104,Equipment,X-ray Machine,2134,951,4873,13751.14,398,5,V002,False,5.36180904522613,29344932.759999998,Safe,T003,RSUD Bhakti Dharma Husada,C
2026-01-21,109,Consumable,X-ray Machine,1425,415,4461,12123.63,284,3,V002,False,5.017605633802817,17276172.75,Safe,T003,RSUD Bhakti Dharma Husada,C
2026-01-22,107,Consumable,Gloves,901,117,5991,11057.94,35,26,V001,False,25.742857142857144,9963203.940000001,Warning,T003,RSUD Bhakti Dharma Husada,C
2026-01-23,104,Equipment,Gloves,1107,514,1626,6128.89,153,12,V001,False,7.235294117647059,6784681.23,Warning,T003,RSUD Bhakti Dharma Husada,C
2026-01-24,109,Consumable,Gloves,1072,847,4868,7890.13,424,11,V002,False,2.5283018867924527,8458219.36,Warning,T003,RSUD Bhakti Dharma Husada,C
2026-01-25,104,Consumable,IV Drip,3578,827,2550,8664.16,404,3,V002,False,8.856435643564357,31000364.48,Safe,T003,RSUD Bhakti Dharma Husada,C
2026-01-26,101,Consumable,IV Drip,1434,35,1201,13149.87,32,12,V003,False,44.8125,18856913.580000002,Safe,T003,RSUD Bhakti Dharma Husada,C
2026-01-27,102,Equipment,IV Drip,1524,278,5730,14518.01,189,13,V001,False,8.063492063492063,22125447.240000002,Warning,T003,RSUD Bhakti Dharma Husada,C
2026-01-28,107,Equipment,IV Drip,2546,574,2836,6259.41,384,21,V002,False,6.630208333333333,15936457.86,Warning,T003,RSUD Bhakti Dharma Husada,C
2026-01-29,102,Equipment,Surgical Mask,2634,848,731,12294.92,393,10,V003,False,6.702290076335878,32384819.28,Warning,T003,RSUD Bhakti Dharma Husada,C
2026-01-30,103,Consumable,Surgical Mask,1550,953,4273,7407.8,64,27,V001,False,24.21875,11482090.0,Warning,T003,RSUD Bhakti Dharma Husada,C
2026-01-31,109,Equipment,Surgical Mask,1114,775,885,9704.49,119,4,V003,False,9.361344537815127,10810801.86,Safe,T003,RSUD Bhakti Dharma Husada,C
2026-02-01,107,Equipment,Ventilator,1720,83,3864,1638.81,382,20,V002,False,4.50261780104712,2818753.1999999997,Warning,T003,RSUD Bhakti Dharma Husada,C
2026-02-02,106,Consumable,Surgical Mask,2315,916,4429,11573.76,342,7,V002,False,6.769005847953216,26793254.400000002,Warning,T003,RSUD Bhakti Dharma Husada,C
2026-02-03,106,Consumable,Ventilator,2802,594,764,17928.89,83,28,V002,False,33.75903614457831,50236749.78,Safe,T003,RSUD Bhakti Dharma Husada,C
2026-02-04,102,Equipment,X-ray Machine,1513,484,3407,19068.13,415,11,V001,False,3.6457831325301204,28850080.69,Warning,T003,RSUD Bhakti Dharma Husada,C
2026-02-05,103,Equipment,Surgical Mask,269,154,1524,6693.04,151,17,V001,False,1.781456953642384,1800427.76,Warning,T003,RSUD Bhakti Dharma Husada,C
2026-02-06,106,Equipment,Gloves,1682,361,663,3402.94,193,9,V002,False,8.715025906735752,5723745.08,Warning,T003,RSUD Bhakti Dharma Husada,C
2026-02-07,100,Equipment,IV Drip,2470,872,5810,19532.82,254,26,V003,False,9.724409448818898,48246065.4,Warning,T003,RSUD Bhakti Dharma Husada,C
2026-02-08,108,Consumable,Ventilator,3461,776,3496,15934.2,231,6,V002,False,14.982683982683982,55148266.2,Safe,T003,RSUD Bhakti Dharma Husada,C
2026-02-09,100,Equipment,X-ray Machine,847,239,2186,5863.88,97,16,V002,False,8.731958762886597,4966706.36,Warning,T003,RSUD Bhakti Dharma Husada,C
2026-02-10,107,Equipment,Surgical Mask,3564,304,4213,90.3,377,27,V001,False,9.453580901856764,321829.2,Warning,T003,RSUD Bhakti Dharma Husada,C
2026-02-11,106,Consumable,IV Drip,699,186,2385,5284.45,344,6,V003,False,2.0319767441860463,3693830.55,Warning,T003,RSUD Bhakti Dharma Husada,C
2026-02-12,105,Consumable,Gloves,3076,710,2807,19098.93,405,19,V003,False,7.595061728395062,58748308.68,Warning,T003,RSUD Bhakti Dharma Husada,C
2024-10-01,105,Consumable,Ventilator,1079,264,1018,4467.55,81,17,V001,False,13.320987654320987,4820486.45,Warning,T004,RSUD Eka Candrarini,C
2024-10-02,100,Equipment,Ventilator,1741,656,3556,5832.29,41,12,V001,False,42.46341463414634,10154016.89,Safe,T004,RSUD Eka Candrarini,C
2024-10-03,103,Equipment,Surgical Mask,1660,384,5562,16062.98,352,6,V001,False,4.715909090909091,26664546.8,Warning,T004,RSUD Eka Candrarini,C
2024-10-04,103,Consumable,Surgical Mask,1427,438,1131,744.1,155,15,V002,False,9.206451612903226,1061830.7,Warning,T004,RSUD Eka Candrarini,C
2024-10-05,107,Equipment,IV Drip,1687,338,1013,15426.53,118,12,V003,False,14.296610169491526,26024556.11,Safe,T004,RSUD Eka Candrarini,C
2024-10-06,109,Equipment,IV Drip,1581,402,1715,15246.06,290,26,V002,False,5.451724137931034,24104020.86,Warning,T004,RSUD Eka Candrarini,C
2024-10-07,103,Consumable,IV Drip,271,210,3765,1631.28,155,24,V003,False,1.7483870967741935,442076.88,Warning,T004,RSUD Eka Candrarini,C
2024-10-08,105,Equipment,IV Drip,86,502,2161,16620.81,193,11,V002,True,0.44559585492227977,1429389.6600000001,Critical,T004,RSUD Eka Candrarini,C
2024-10-09,102,Consumable,Ventilator,553,751,1801,3441.26,12,20,V001,True,46.083333333333336,1903016.78,Critical,T004,RSUD Eka Candrarini,C
2024-10-10,104,Equipment,Gloves,1714,28,1314,2729.08,314,5,V002,False,5.45859872611465,4677643.12,Safe,T004,RSUD Eka Candrarini,C
2024-10-11,107,Equipment,Surgical Mask,2416,12,2292,3328.44,121,21,V001,False,19.96694214876033,8041511.04,Warning,T004,RSUD Eka Candrarini,C
2024-10-12,106,Consumable,Surgical Mask,3157,207,4298,55.66,190,8,V003,False,16.61578947368421,175718.62,Safe,T004,RSUD Eka Candrarini,C
2024-10-13,108,Consumable,X-ray Machine,2309,231,3736,10669.37,183,2,V001,False,12.617486338797814,24635575.330000002,Safe,T004,RSUD Eka Candrarini,C
2024-10-14,108,Consumable,Gloves,552,515,4238,7379.83,172,24,V002,False,3.2093023255813953,4073666.16,Warning,T004,RSUD Eka Candrarini,C
2024-10-15,101,Consumable,Gloves,3303,239,2184,2865.49,148,24,V003,False,22.31756756756757,9464713.469999999,Warning,T004,RSUD Eka Candrarini,C
2024-10-16,106,Equipment,Surgical Mask,2426,622,4936,17374.64,311,25,V002,False,7.80064308681672,42150876.64,Warning,T004,RSUD Eka Candrarini,C
2024-10-17,107,Equipment,Gloves,326,372,3426,10124.28,80,26,V002,True,4.075,3300515.2800000003,Critical,T004,RSUD Eka Candrarini,C
2024-10-18,107,Consumable,X-ray Machine,1687,167,3633,6974.49,132,6,V002,False,12.780303030303031,11765964.629999999,Safe,T004,RSUD Eka Candrarini,C
2024-10-19,108,Consumable,Ventilator,323,165,2450,10654.65,374,23,V001,False,0.8636363636363636,3441451.9499999997,Warning,T004,RSUD Eka Candrarini,C
2024-10-20,101,Equipment,IV Drip,3022,667,3215,16184.33,44,18,V003,False,68.68181818181819,48909045.26,Safe,T004,RSUD Eka Candrarini,C
2024-10-21,105,Equipment,X-ray Machine,160,452,3288,3419.11,344,17,V002,True,0.46511627906976744,547057.6,Critical,T004,RSUD Eka Candrarini,C
2024-10-22,109,Consumable,IV Drip,2038,405,2109,17313.6,280,17,V001,False,7.2785714285714285,35285116.8,Warning,T004,RSUD Eka Candrarini,C
2024-10-23,108,Consumable,Surgical Mask,1544,315,3900,11709.1,294,1,V002,False,5.2517006802721085,18078850.400000002,Safe,T004,RSUD Eka Candrarini,C
2024-10-24,109,Consumable,Ventilator,1763,338,1419,12310.83,311,19,V003,False,5.668810289389068,21703993.29,Warning,T004,RSUD Eka Candrarini,C
2024-10-25,104,Equipment,X-ray Machine,1911,354,4914,11771.05,256,4,V001,False,7.46484375,22494476.549999997,Safe,T004,RSUD Eka Candrarini,C
2024-10-26,103,Consumable,Gloves,1470,525,4644,4426.77,23,2,V002,False,63.91304347826087,6507351.9,Safe,T004,RSUD Eka Candrarini,C
2024-10-27,100,Equipment,Ventilator,584,634,2523,3695.18,320,7,V002,True,1.825,2157985.12,Critical,T004,RSUD Eka Candrarini,C
2024-10-28,103,Consumable,X-ray Machine,3002,21,1823,9547.31,7,21,V001,False,428.85714285714283,28661024.619999997,Safe,T004,RSUD Eka Candrarini,C
2024-10-29,105,Consumable,Ventilator,530,835,1153,7127.18,50,1,V003,True,10.6,3777405.4000000004,Critical,T004,RSUD Eka Candrarini,C
2024-10-30,100,Equipment,Surgical Mask,990,444,1004,4817.11,82,9,V003,False,12.073170731707316,4768938.899999999,Safe,T004,RSUD Eka Candrarini,C
2024-10-31,102,Consumable,Gloves,3430,665,867,11625.6,352,25,V003,False,9.744318181818182,39875808.0,Warning,T004,RSUD Eka Candrarini,C
2024-11-01,103,Consumable,IV Drip,2250,963,1517,17123.76,199,7,V001,False,11.306532663316583,38528460.0,Safe,T004,RSUD Eka Candrarini,C
2024-11-02,108,Consumable,IV Drip,611,141,1277,11138.18,188,12,V001,False,3.25,6805427.98,Warning,T004,RSUD Eka Candrarini,C
2024-11-03,101,Equipment,IV Drip,1592,896,3727,18130.51,178,5,V002,False,8.9438202247191,28863771.919999998,Safe,T004,RSUD Eka Candrarini,C
2024-11-04,103,Equipment,X-ray Machine,3434,966,1497,14336.04,38,22,V001,False,90.36842105263158,49229961.36,Safe,T004,RSUD Eka Candrarini,C
2024-11-05,103,Consumable,Ventilator,486,945,5657,18008.8,280,6,V002,True,1.7357142857142858,8752276.799999999,Critical,T004,RSUD Eka Candrarini,C
2024-11-06,103,Consumable,Gloves,97,520,4602,4034.61,49,8,V001,True,1.9795918367346939,391357.17,Critical,T004,RSUD Eka Candrarini,C
2024-11-07,107,Consumable,Gloves,1639,991,3886,11746.94,69,24,V003,False,23.753623188405797,19253234.66,Warning,T004,RSUD Eka Candrarini,C
2024-11-08,100,Equipment,X-ray Machine,2622,167,5193,7093.88,38,26,V003,False,69.0,18600153.36,Safe,T004,RSUD Eka Candrarini,C
2024-11-09,101,Consumable,Gloves,3363,959,5623,14874.23,133,20,V001,False,25.285714285714285,50022035.49,Safe,T004,RSUD Eka Candrarini,C
2024-11-10,109,Consumable,Gloves,2270,77,4318,8997.87,356,11,V001,False,6.376404494382022,20425164.900000002,Warning,T004,RSUD Eka Candrarini,C
2024-11-11,109,Equipment,Ventilator,1894,578,3839,8243.92,118,6,V003,False,16.050847457627118,15613984.48,Safe,T004,RSUD Eka Candrarini,C
2024-11-12,100,Consumable,Ventilator,1712,213,2961,2860.0,54,6,V003,False,31.703703703703702,4896320.0,Safe,T004,RSUD Eka Candrarini,C
2024-11-13,104,Equipment,Ventilator,2031,385,5319,7091.41,20,5,V001,False,101.55,14402653.709999999,Safe,T004,RSUD Eka Candrarini,C
2024-11-14,107,Consumable,X-ray Machine,1020,89,5902,13356.24,360,29,V003,False,2.8333333333333335,13623364.799999999,Warning,T004,RSUD Eka Candrarini,C
2024-11-15,103,Consumable,X-ray Machine,306,311,4676,10175.7,299,11,V001,True,1.0234113712374582,3113764.2,Critical,T004,RSUD Eka Candrarini,C
2024-11-16,102,Equipment,X-ray Machine,1212,612,1687,10382.88,284,26,V001,False,4.267605633802817,12584050.559999999,Warning,T004,RSUD Eka Candrarini,C
2024-11-17,107,Equipment,Gloves,178,89,2088,12963.49,207,13,V001,False,0.8599033816425121,2307501.2199999997,Warning,T004,RSUD Eka Candrarini,C
2024-11-18,102,Consumable,IV Drip,1504,235,5509,5517.11,95,17,V001,False,15.83157894736842,8297733.4399999995,Warning,T004,RSUD Eka Candrarini,C
2024-11-19,100,Consumable,Gloves,3295,21,5808,4415.31,103,26,V001,False,31.990291262135923,14548446.450000001,Safe,T004,RSUD Eka Candrarini,C
2024-11-20,100,Equipment,Ventilator,1656,513,1469,19355.19,30,6,V001,False,55.2,32052194.639999997,Safe,T004,RSUD Eka Candrarini,C
2024-11-21,104,Equipment,IV Drip,2075,143,4695,2757.06,310,14,V002,False,6.693548387096774,5720899.5,Warning,T004,RSUD Eka Candrarini,C
2024-11-22,105,Equipment,Surgical Mask,2610,936,5517,1620.42,210,12,V001,False,12.428571428571429,4229296.2,Safe,T004,RSUD Eka Candrarini,C
2024-11-23,105,Consumable,IV Drip,2689,196,2163,14073.16,250,23,V001,False,10.756,37842727.24,Warning,T004,RSUD Eka Candrarini,C
2024-11-24,106,Consumable,Ventilator,1514,590,3726,12942.68,31,11,V002,False,48.83870967741935,19595217.52,Safe,T004,RSUD Eka Candrarini,C
2024-11-25,108,Consumable,Ventilator,1530,325,1063,7419.78,98,8,V003,False,15.612244897959183,11352263.4,Safe,T004,RSUD Eka Candrarini,C
2024-11-26,104,Consumable,Ventilator,150,554,835,1536.19,260,1,V001,True,0.5769230769230769,230428.5,Critical,T004,RSUD Eka Candrarini,C
2024-11-27,101,Consumable,Ventilator,339,815,2831,5590.96,355,25,V001,True,0.9549295774647887,1895335.44,Critical,T004,RSUD Eka Candrarini,C
2024-11-28,104,Equipment,Surgical Mask,1413,181,2680,1244.96,215,17,V002,False,6.572093023255814,1759128.48,Warning,T004,RSUD Eka Candrarini,C
2024-11-29,109,Consumable,IV Drip,895,647,3930,19782.43,320,28,V003,False,2.796875,17705274.85,Warning,T004,RSUD Eka Candrarini,C
2024-11-30,108,Consumable,Surgical Mask,755,326,2651,13908.3,253,24,V001,False,2.984189723320158,10500766.5,Warning,T004,RSUD Eka Candrarini,C
2024-12-01,101,Consumable,Gloves,874,567,2789,8638.15,286,25,V001,False,3.055944055944056,7549743.1,Warning,T004,RSUD Eka Candrarini,C
2024-12-02,101,Consumable,IV Drip,2822,295,2985,18394.64,239,29,V002,False,11.807531380753138,51909674.08,Warning,T004,RSUD Eka Candrarini,C
2024-12-03,107,Consumable,Gloves,2354,260,4363,11309.13,249,25,V003,False,9.453815261044177,26621692.02,Warning,T004,RSUD Eka Candrarini,C
2024-12-04,109,Equipment,Gloves,2419,165,5600,14225.64,270,26,V003,False,8.959259259259259,34411823.16,Warning,T004,RSUD Eka Candrarini,C
2024-12-05,109,Equipment,Gloves,2547,753,2058,10135.64,246,21,V003,False,10.353658536585366,25815475.08,Warning,T004,RSUD Eka Candrarini,C
2024-12-06,103,Equipment,Ventilator,3410,805,1872,16529.65,77,15,V003,False,44.285714285714285,56366106.50000001,Safe,T004,RSUD Eka Candrarini,C
2024-12-07,106,Equipment,IV Drip,717,39,4578,19648.94,352,1,V002,False,2.0369318181818183,14088289.979999999,Safe,T004,RSUD Eka Candrarini,C
2024-12-08,107,Equipment,X-ray Machine,894,136,5626,8242.85,355,15,V002,False,2.5183098591549298,7369107.9,Warning,T004,RSUD Eka Candrarini,C
2024-12-09,102,Consumable,IV Drip,3238,82,1409,2946.37,220,4,V001,False,14.718181818181819,9540346.06,Safe,T004,RSUD Eka Candrarini,C
2024-12-10,100,Consumable,Ventilator,1842,85,1729,8037.19,225,23,V001,False,8.186666666666667,14804503.979999999,Warning,T004,RSUD Eka Candrarini,C
2024-12-11,103,Equipment,IV Drip,3470,107,4741,15954.34,333,16,V002,False,10.42042042042042,55361559.8,Warning,T004,RSUD Eka Candrarini,C
2024-12-12,105,Equipment,Ventilator,1079,216,978,4.23,124,9,V003,False,8.701612903225806,4564.17,Warning,T004,RSUD Eka Candrarini,C
2024-12-13,109,Equipment,IV Drip,2672,560,2310,19091.92,121,4,V001,False,22.082644628099175,51013610.239999995,Safe,T004,RSUD Eka Candrarini,C
2024-12-14,104,Equipment,IV Drip,843,277,1252,13250.46,248,5,V001,False,3.399193548387097,11170137.78,Warning,T004,RSUD Eka Candrarini,C
2024-12-15,104,Equipment,Gloves,1198,468,5750,6213.3,182,21,V003,False,6.582417582417582,7443533.4,Warning,T004,RSUD Eka Candrarini,C
2024-12-16,106,Equipment,Surgical Mask,1200,768,527,9796.68,192,15,V001,False,6.25,11756016.0,Warning,T004,RSUD Eka Candrarini,C
2024-12-17,104,Equipment,IV Drip,2431,867,892,5281.82,367,29,V002,False,6.623978201634878,12840104.42,Warning,T004,RSUD Eka Candrarini,C
2024-12-18,104,Equipment,X-ray Machine,164,42,4319,8718.91,301,5,V002,False,0.5448504983388704,1429901.24,Warning,T004,RSUD Eka Candrarini,C
2024-12-19,103,Consumable,Surgical Mask,2682,700,5827,12764.56,315,28,V001,False,8.514285714285714,34234549.92,Warning,T004,RSUD Eka Candrarini,C
2024-12-20,104,Consumable,X-ray Machine,1602,50,715,13481.71,186,18,V002,False,8.612903225806452,21597699.419999998,Warning,T004,RSUD Eka Candrarini,C
2024-12-21,104,Consumable,IV Drip,3436,208,3379,6455.81,291,28,V001,False,11.807560137457045,22182163.16,Warning,T004,RSUD Eka Candrarini,C
2024-12-22,108,Equipment,Ventilator,1970,296,3730,459.81,30,20,V001,False,65.66666666666667,905825.7,Safe,T004,RSUD Eka Candrarini,C
2024-12-23,104,Equipment,IV Drip,1208,672,3408,7544.2,316,25,V002,False,3.8227848101265822,9113393.6,Warning,T004,RSUD Eka Candrarini,C
2024-12-24,103,Equipment,Gloves,240,133,4482,7507.87,195,25,V002,False,1.2307692307692308,1801888.8,Warning,T004,RSUD Eka Candrarini,C
2024-12-25,107,Equipment,Ventilator,2871,597,3745,8240.78,319,4,V002,False,9.0,23659279.380000003,Safe,T004,RSUD Eka Candrarini,C
2024-12-26,105,Consumable,X-ray Machine,1689,301,4856,19314.53,44,19,V001,False,38.38636363636363,32622241.169999998,Safe,T004,RSUD Eka Candrarini,C
2024-12-27,105,Consumable,IV Drip,3140,478,5480,19401.95,363,2,V002,False,8.650137741046832,60922123.0,Safe,T004,RSUD Eka Candrarini,C
2024-12-28,100,Equipment,IV Drip,2751,974,5246,2974.71,98,13,V003,False,28.071428571428573,8183427.21,Safe,T004,RSUD Eka Candrarini,C
2024-12-29,101,Consumable,Ventilator,1004,585,5992,18268.7,3,21,V001,False,334.6666666666667,18341774.8,Safe,T004,RSUD Eka Candrarini,C
2024-12-30,105,Equipment,IV Drip,2890,782,563,19569.2,9,8,V001,False,321.1111111111111,56554988.0,Safe,T004,RSUD Eka Candrarini,C
2024-12-31,109,Equipment,Surgical Mask,2743,699,4870,5133.32,291,23,V003,False,9.426116838487973,14080696.76,Warning,T004,RSUD Eka Candrarini,C
2025-01-01,103,Equipment,X-ray Machine,788,894,4056,14820.61,83,13,V003,True,9.493975903614459,11678640.68,Critical,T004,RSUD Eka Candrarini,C
2025-01-02,100,Equipment,IV Drip,1924,167,2748,3509.51,141,25,V001,False,13.645390070921986,6752297.24,Warning,T004,RSUD Eka Candrarini,C
2025-01-03,105,Equipment,IV Drip,2692,713,4715,9439.58,106,16,V003,False,25.39622641509434,25411349.36,Safe,T004,RSUD Eka Candrarini,C
2025-01-04,100,Consumable,Ventilator,483,839,2862,12144.29,265,1,V002,True,1.8226415094339623,5865692.07,Critical,T004,RSUD Eka Candrarini,C
2025-01-05,101,Consumable,Gloves,2661,613,4285,3592.18,318,2,V002,False,8.367924528301886,9558790.98,Safe,T004,RSUD Eka Candrarini,C
2025-01-06,102,Consumable,X-ray Machine,2929,633,3969,10943.91,230,14,V001,False,12.734782608695653,32054712.39,Warning,T004,RSUD Eka Candrarini,C
2025-01-07,104,Consumable,Surgical Mask,1089,221,5265,14776.76,193,2,V001,False,5.642487046632124,16091891.64,Safe,T004,RSUD Eka Candrarini,C
2025-01-08,102,Equipment,Surgical Mask,170,370,3138,13348.52,41,4,V002,True,4.146341463414634,2269248.4,Critical,T004,RSUD Eka Candrarini,C
2025-01-09,100,Consumable,Ventilator,837,100,577,12615.11,41,8,V001,False,20.414634146341463,10558847.07,Safe,T004,RSUD Eka Candrarini,C
2025-01-10,103,Consumable,Surgical Mask,1951,548,4514,2409.08,84,25,V002,False,23.226190476190474,4700115.08,Warning,T004,RSUD Eka Candrarini,C
2025-01-11,102,Consumable,Gloves,3064,595,5296,19127.81,258,5,V003,False,11.875968992248062,58607609.84,Safe,T004,RSUD Eka Candrarini,C
2025-01-12,100,Consumable,IV Drip,976,956,1088,2818.77,150,7,V003,False,6.506666666666667,2751119.52,Warning,T004,RSUD Eka Candrarini,C
2025-01-13,107,Equipment,X-ray Machine,990,233,5849,12244.95,141,28,V003,False,7.0212765957446805,12122500.5,Warning,T004,RSUD Eka Candrarini,C
2025-01-14,105,Equipment,IV Drip,1772,872,4241,2591.06,242,27,V001,False,7.322314049586777,4591358.32,Warning,T004,RSUD Eka Candrarini,C
2025-01-15,109,Equipment,Ventilator,980,795,4671,10794.3,362,3,V003,False,2.707182320441989,10578414.0,Warning,T004,RSUD Eka Candrarini,C
2025-01-16,100,Equipment,IV Drip,1898,721,2525,17348.74,202,14,V002,False,9.396039603960396,32927908.520000003,Warning,T004,RSUD Eka Candrarini,C
2025-01-17,102,Equipment,Gloves,1461,834,2405,12605.89,331,7,V002,False,4.413897280966768,18417205.29,Warning,T004,RSUD Eka Candrarini,C
2025-01-18,107,Consumable,Surgical Mask,374,813,2444,18171.78,23,16,V002,True,16.26086956521739,6796245.72,Critical,T004,RSUD Eka Candrarini,C
2025-01-19,102,Equipment,X-ray Machine,1574,211,4399,13171.06,256,26,V002,False,6.1484375,20731248.439999998,Warning,T004,RSUD Eka Candrarini,C
2025-01-20,109,Consumable,Gloves,1554,742,5268,9108.27,62,17,V002,False,25.06451612903226,14154251.58,Safe,T004,RSUD Eka Candrarini,C
2025-01-21,102,Consumable,Ventilator,1526,825,992,9337.51,114,17,V003,False,13.385964912280702,14249040.26,Warning,T004,RSUD Eka Candrarini,C
2025-01-22,103,Equipment,X-ray Machine,97,58,5874,4233.14,315,19,V002,False,0.30793650793650795,410614.58,Warning,T004,RSUD Eka Candrarini,C
2025-01-23,103,Equipment,IV Drip,560,385,4292,19077.24,314,10,V003,False,1.78343949044586,10683254.4,Warning,T004,RSUD Eka Candrarini,C
2025-01-24,102,Equipment,Ventilator,2264,977,5606,6218.86,293,26,V002,False,7.726962457337884,14079499.04,Warning,T004,RSUD Eka Candrarini,C
2025-01-25,103,Equipment,IV Drip,144,639,4192,7999.22,19,1,V001,True,7.578947368421052,1151887.68,Critical,T004,RSUD Eka Candrarini,C
2025-01-26,104,Equipment,Gloves,1111,589,1638,596.28,26,16,V003,False,42.73076923076923,662467.08,Safe,T004,RSUD Eka Candrarini,C
2025-01-27,101,Consumable,Gloves,1654,645,4607,7760.43,79,22,V001,False,20.936708860759495,12835751.22,Warning,T004,RSUD Eka Candrarini,C
2025-01-28,102,Consumable,Ventilator,2983,721,2819,2334.56,332,17,V003,False,8.984939759036145,6963992.4799999995,Warning,T004,RSUD Eka Candrarini,C
2025-01-29,109,Equipment,Surgical Mask,1346,328,5901,3828.92,269,11,V003,False,5.003717472118959,5153726.32,Warning,T004,RSUD Eka Candrarini,C
2025-01-30,101,Consumable,Ventilator,3179,978,5385,15790.87,344,5,V001,False,9.241279069767442,50199175.730000004,Safe,T004,RSUD Eka Candrarini,C
2025-01-31,104,Consumable,Surgical Mask,1642,303,2698,9444.07,115,8,V002,False,14.278260869565218,15507162.94,Safe,T004,RSUD Eka Candrarini,C
2025-02-01,106,Equipment,Ventilator,2539,15,1262,16754.86,166,24,V002,False,15.295180722891565,42540589.54,Warning,T004,RSUD Eka Candrarini,C
2025-02-02,108,Equipment,Ventilator,73,619,2383,6457.32,4,18,V002,True,18.25,471384.36,Critical,T004,RSUD Eka Candrarini,C
2025-02-03,102,Equipment,X-ray Machine,956,65,4704,7664.23,181,9,V002,False,5.281767955801105,7327003.88,Warning,T004,RSUD Eka Candrarini,C
2025-02-04,103,Consumable,Surgical Mask,2274,486,5052,16642.78,325,7,V003,False,6.996923076923077,37845681.72,Warning,T004,RSUD Eka Candrarini,C
2025-02-05,100,Consumable,Surgical Mask,48,440,1359,1353.1,308,14,V002,True,0.15584415584415584,64948.799999999996,Critical,T004,RSUD Eka Candrarini,C
2025-02-06,100,Equipment,Gloves,740,48,5072,16408.54,340,6,V003,False,2.176470588235294,12142319.600000001,Warning,T004,RSUD Eka Candrarini,C
2025-02-07,106,Equipment,IV Drip,2682,571,3291,4108.2,179,18,V003,False,14.983240223463687,11018192.4,Warning,T004,RSUD Eka Candrarini,C
2025-02-08,100,Consumable,Gloves,3409,274,4699,13098.78,29,6,V003,False,117.55172413793103,44653741.02,Safe,T004,RSUD Eka Candrarini,C
2025-02-09,106,Consumable,Surgical Mask,181,644,599,10657.62,289,5,V001,True,0.6262975778546713,1929029.2200000002,Critical,T004,RSUD Eka Candrarini,C
2025-02-10,103,Consumable,X-ray Machine,1928,203,4989,15785.82,237,3,V001,False,8.135021097046414,30435060.96,Safe,T004,RSUD Eka Candrarini,C
2025-02-11,103,Equipment,Surgical Mask,1598,332,1386,15330.07,155,23,V002,False,10.30967741935484,24497451.86,Warning,T004,RSUD Eka Candrarini,C
2025-02-12,108,Equipment,IV Drip,1536,72,1320,11508.29,56,29,V003,False,27.428571428571427,17676733.44,Warning,T004,RSUD Eka Candrarini,C
2025-02-13,108,Consumable,IV Drip,1663,26,3871,11614.0,172,27,V002,False,9.668604651162791,19314082.0,Warning,T004,RSUD Eka Candrarini,C
2025-02-14,108,Equipment,Ventilator,1026,199,3397,14687.35,372,18,V001,False,2.7580645161290325,15069221.1,Warning,T004,RSUD Eka Candrarini,C
2025-02-15,102,Consumable,X-ray Machine,3483,204,2318,12211.46,326,28,V001,False,10.684049079754601,42532515.18,Warning,T004,RSUD Eka Candrarini,C
2025-02-16,103,Equipment,Gloves,1354,277,1962,11180.05,22,2,V001,False,61.54545454545455,15137787.7,Safe,T004,RSUD Eka Candrarini,C
2025-02-17,102,Consumable,X-ray Machine,870,425,1855,9954.16,300,28,V003,False,2.9,8660119.2,Warning,T004,RSUD Eka Candrarini,C
2025-02-18,100,Equipment,Ventilator,1341,404,3520,19150.22,146,8,V001,False,9.184931506849315,25680445.020000003,Safe,T004,RSUD Eka Candrarini,C
2025-02-19,108,Equipment,Surgical Mask,106,30,2817,4425.19,28,14,V001,False,3.7857142857142856,469070.13999999996,Warning,T004,RSUD Eka Candrarini,C
2025-02-20,108,Equipment,IV Drip,1175,110,1468,8742.17,102,26,V002,False,11.519607843137255,10272049.75,Warning,T004,RSUD Eka Candrarini,C
2025-02-21,103,Equipment,Surgical Mask,1544,792,732,8376.04,350,6,V002,False,4.411428571428571,12932605.760000002,Warning,T004,RSUD Eka Candrarini,C
2025-02-22,108,Consumable,Surgical Mask,670,642,3717,11731.33,120,5,V002,False,5.583333333333333,7859991.1,Safe,T004,RSUD Eka Candrarini,C
2025-02-23,102,Consumable,Ventilator,99,62,5790,13675.82,129,27,V002,False,0.7674418604651163,1353906.18,Warning,T004,RSUD Eka Candrarini,C
2025-02-24,108,Consumable,Gloves,1324,465,3872,4455.81,32,18,V001,False,41.375,5899492.44,Safe,T004,RSUD Eka Candrarini,C
2025-02-25,104,Equipment,Surgical Mask,3310,679,3798,11237.37,348,16,V001,False,9.511494252873563,37195694.7,Warning,T004,RSUD Eka Candrarini,C
2025-02-26,103,Equipment,IV Drip,1048,911,2239,18407.82,214,22,V003,False,4.897196261682243,19291395.36,Warning,T004,RSUD Eka Candrarini,C
2025-02-27,100,Equipment,IV Drip,2078,280,3403,4687.32,287,8,V001,False,7.2404181184668985,9740250.959999999,Warning,T004,RSUD Eka Candrarini,C
2025-02-28,104,Equipment,Gloves,803,636,5434,2216.52,137,9,V002,False,5.861313868613139,1779865.56,Warning,T004,RSUD Eka Candrarini,C
2025-03-01,103,Consumable,Gloves,1351,760,4130,5585.01,232,19,V003,False,5.823275862068965,7545348.510000001,Warning,T004,RSUD Eka Candrarini,C
2025-03-02,106,Consumable,Ventilator,3000,985,543,11055.04,89,21,V003,False,33.70786516853933,33165120.000000004,Safe,T004,RSUD Eka Candrarini,C
2025-03-03,109,Consumable,X-ray Machine,1989,829,1077,9049.9,128,26,V001,False,15.5390625,18000251.099999998,Warning,T004,RSUD Eka Candrarini,C
2025-03-04,108,Consumable,IV Drip,909,42,3522,8807.99,187,8,V001,False,4.86096256684492,8006462.91,Warning,T004,RSUD Eka Candrarini,C
2025-03-05,100,Consumable,Surgical Mask,2764,417,4953,13084.14,312,3,V003,False,8.85897435897436,36164562.96,Safe,T004,RSUD Eka Candrarini,C
2025-03-06,108,Consumable,Ventilator,3405,771,2669,18329.75,65,9,V003,False,52.38461538461539,62412798.75,Safe,T004,RSUD Eka Candrarini,C
2025-03-07,105,Equipment,Gloves,2554,869,5795,3717.66,44,19,V003,False,58.04545454545455,9494903.639999999,Safe,T004,RSUD Eka Candrarini,C
2025-03-08,109,Equipment,Surgical Mask,755,784,3744,6971.8,374,18,V001,True,2.018716577540107,5263709.0,Critical,T004,RSUD Eka Candrarini,C
2025-03-09,100,Consumable,X-ray Machine,1236,723,3325,7703.61,18,9,V002,False,68.66666666666667,9521661.959999999,Safe,T004,RSUD Eka Candrarini,C
2025-03-10,109,Equipment,Gloves,2773,130,1015,3067.83,94,8,V003,False,29.5,8507092.59,Safe,T004,RSUD Eka Candrarini,C
2025-03-11,106,Consumable,X-ray Machine,1698,75,1917,17810.15,244,2,V001,False,6.959016393442623,30241634.700000003,Safe,T004,RSUD Eka Candrarini,C
2025-03-12,105,Consumable,X-ray Machine,2368,85,4719,18648.9,49,4,V003,False,48.326530612244895,44160595.2,Safe,T004,RSUD Eka Candrarini,C
2025-03-13,103,Equipment,IV Drip,421,865,3055,19984.16,302,27,V001,True,1.3940397350993377,8413331.36,Critical,T004,RSUD Eka Candrarini,C
2025-03-14,101,Consumable,IV Drip,270,518,5654,4744.54,149,22,V001,True,1.8120805369127517,1281025.8,Critical,T004,RSUD Eka Candrarini,C
2025-03-15,108,Equipment,X-ray Machine,2778,720,4050,1435.5,52,16,V001,False,53.42307692307692,3987819.0,Safe,T004,RSUD Eka Candrarini,C
2025-03-16,100,Consumable,IV Drip,2752,818,5914,2967.9,153,25,V001,False,17.986928104575163,8167660.8,Warning,T004,RSUD Eka Candrarini,C
2025-03-17,104,Consumable,Gloves,498,710,2754,16417.4,361,18,V003,True,1.3795013850415512,8175865.200000001,Critical,T004,RSUD Eka Candrarini,C
2025-03-18,109,Consumable,X-ray Machine,904,46,3410,18593.6,157,20,V002,False,5.75796178343949,16808614.4,Warning,T004,RSUD Eka Candrarini,C
2025-03-19,106,Consumable,X-ray Machine,593,918,4006,7118.28,290,26,V003,True,2.0448275862068965,4221140.04,Critical,T004,RSUD Eka Candrarini,C
2025-03-20,105,Equipment,Ventilator,1296,941,641,19249.94,152,2,V003,False,8.526315789473685,24947922.24,Safe,T004,RSUD Eka Candrarini,C
2025-03-21,107,Consumable,Ventilator,2462,72,1355,15939.13,318,11,V002,False,7.7421383647798745,39242138.059999995,Warning,T004,RSUD Eka Candrarini,C
2025-03-22,108,Consumable,Ventilator,2094,463,1305,7070.18,125,19,V001,False,16.752,14804956.92,Warning,T004,RSUD Eka Candrarini,C
2025-03-23,108,Equipment,Ventilator,2078,840,4433,17019.13,329,8,V002,False,6.316109422492401,35365752.14,Warning,T004,RSUD Eka Candrarini,C
2025-03-24,109,Equipment,Surgical Mask,2691,452,4321,12820.29,190,12,V003,False,14.163157894736843,34499400.39,Safe,T004,RSUD Eka Candrarini,C
2025-03-25,102,Consumable,Ventilator,214,598,3918,8929.95,78,6,V001,True,2.7435897435897436,1911009.3,Critical,T004,RSUD Eka Candrarini,C
2025-03-26,108,Consumable,Gloves,969,540,582,9038.79,186,27,V003,False,5.209677419354839,8758587.510000002,Warning,T004,RSUD Eka Candrarini,C
2025-03-27,106,Equipment,Surgical Mask,1117,394,4554,19242.41,97,9,V001,False,11.515463917525773,21493771.97,Safe,T004,RSUD Eka Candrarini,C
2025-03-28,106,Consumable,Gloves,1209,11,5114,5860.81,200,6,V003,False,6.045,7085719.29,Safe,T004,RSUD Eka Candrarini,C
2025-03-29,109,Equipment,Ventilator,2941,734,2110,13394.06,57,20,V001,False,51.59649122807018,39391930.46,Safe,T004,RSUD Eka Candrarini,C
2025-03-30,101,Consumable,X-ray Machine,320,727,3061,16084.3,322,3,V003,True,0.9937888198757764,5146976.0,Critical,T004,RSUD Eka Candrarini,C
2025-03-31,106,Equipment,Surgical Mask,1002,612,4029,7707.98,40,22,V001,False,25.05,7723395.96,Safe,T004,RSUD Eka Candrarini,C
2025-04-01,108,Consumable,X-ray Machine,1163,122,4772,9286.07,158,5,V002,False,7.360759493670886,10799699.41,Safe,T004,RSUD Eka Candrarini,C
2025-04-02,108,Equipment,Gloves,1371,117,754,12845.61,268,25,V003,False,5.115671641791045,17611331.310000002,Warning,T004,RSUD Eka Candrarini,C
2025-04-03,103,Equipment,Gloves,3009,159,5767,11755.83,272,2,V002,False,11.0625,35373292.47,Safe,T004,RSUD Eka Candrarini,C
2025-04-04,102,Equipment,Surgical Mask,2421,600,3381,14664.65,132,1,V001,False,18.34090909090909,35503117.65,Safe,T004,RSUD Eka Candrarini,C
2025-04-05,103,Consumable,Gloves,2288,279,2535,17113.0,148,25,V001,False,15.45945945945946,39154544.0,Warning,T004,RSUD Eka Candrarini,C
2025-04-06,106,Equipment,Surgical Mask,2946,77,2264,10835.1,368,14,V002,False,8.005434782608695,31920204.6,Warning,T004,RSUD Eka Candrarini,C
2025-04-07,103,Consumable,Gloves,1130,883,1431,19188.41,37,16,V001,False,30.54054054054054,21682903.3,Safe,T004,RSUD Eka Candrarini,C
2025-04-08,106,Equipment,X-ray Machine,2130,411,2813,5623.07,317,25,V001,False,6.719242902208202,11977139.1,Warning,T004,RSUD Eka Candrarini,C
2025-04-09,105,Equipment,IV Drip,3250,271,5341,1335.6,28,5,V001,False,116.07142857142857,4340700.0,Safe,T004,RSUD Eka Candrarini,C
2025-04-10,107,Consumable,Ventilator,1722,36,513,7687.38,292,1,V002,False,5.897260273972603,13237668.36,Safe,T004,RSUD Eka Candrarini,C
2025-04-11,100,Consumable,Ventilator,2974,713,5033,19281.88,189,5,V003,False,15.735449735449736,57344311.120000005,Safe,T004,RSUD Eka Candrarini,C
2025-04-12,108,Consumable,IV Drip,2372,421,5580,15278.79,374,29,V003,False,6.342245989304812,36241289.88,Warning,T004,RSUD Eka Candrarini,C
2025-04-13,104,Equipment,IV Drip,253,759,1278,3938.24,153,19,V003,True,1.65359477124183,996374.72,Critical,T004,RSUD Eka Candrarini,C
2025-04-14,106,Equipment,Surgical Mask,953,947,4717,19594.12,30,24,V001,False,31.766666666666666,18673196.36,Safe,T004,RSUD Eka Candrarini,C
2025-04-15,105,Consumable,Gloves,296,535,1823,14048.5,166,21,V001,True,1.783132530120482,4158356.0,Critical,T004,RSUD Eka Candrarini,C
2025-04-16,108,Consumable,X-ray Machine,618,823,4185,15984.82,177,5,V002,True,3.4915254237288136,9878618.76,Critical,T004,RSUD Eka Candrarini,C
2025-04-17,102,Consumable,Ventilator,1486,442,4764,1077.86,143,6,V002,False,10.391608391608392,1601699.96,Safe,T004,RSUD Eka Candrarini,C
2025-04-18,103,Consumable,IV Drip,2866,578,1768,14453.29,130,15,V002,False,22.046153846153846,41423129.14,Safe,T004,RSUD Eka Candrarini,C
2025-04-19,109,Consumable,IV Drip,2113,68,5379,9672.78,345,23,V002,False,6.12463768115942,20438584.14,Warning,T004,RSUD Eka Candrarini,C
2025-04-20,107,Consumable,IV Drip,3005,27,1538,15898.63,224,16,V001,False,13.415178571428571,47775383.15,Warning,T004,RSUD Eka Candrarini,C
2025-04-21,105,Equipment,Gloves,699,224,3017,14321.3,121,20,V002,False,5.776859504132231,10010588.7,Warning,T004,RSUD Eka Candrarini,C
2025-04-22,103,Consumable,X-ray Machine,1788,873,500,3528.79,290,13,V002,False,6.165517241379311,6309476.52,Warning,T004,RSUD Eka Candrarini,C
2025-04-23,104,Consumable,IV Drip,2934,995,5911,18374.44,178,8,V002,False,16.48314606741573,53910606.95999999,Safe,T004,RSUD Eka Candrarini,C
2025-04-24,105,Consumable,X-ray Machine,2927,230,3970,11554.34,132,1,V003,False,22.174242424242426,33819553.18,Safe,T004,RSUD Eka Candrarini,C
2025-04-25,103,Consumable,Ventilator,1615,215,2298,7714.83,122,26,V001,False,13.237704918032787,12459450.45,Warning,T004,RSUD Eka Candrarini,C
2025-04-26,103,Equipment,Surgical Mask,858,401,1100,4554.51,224,21,V002,False,3.830357142857143,3907769.58,Warning,T004,RSUD Eka Candrarini,C
2025-04-27,107,Consumable,Surgical Mask,1511,292,4074,15670.89,224,21,V001,False,6.745535714285714,23678714.79,Warning,T004,RSUD Eka Candrarini,C
2025-04-28,109,Consumable,Ventilator,878,283,5623,19414.06,274,27,V002,False,3.204379562043796,17045544.68,Warning,T004,RSUD Eka Candrarini,C
2025-04-29,109,Consumable,Surgical Mask,3269,718,1848,14710.54,152,6,V003,False,21.50657894736842,48088755.260000005,Safe,T004,RSUD Eka Candrarini,C
2025-04-30,109,Equipment,IV Drip,3256,565,1625,12197.47,320,11,V003,False,10.175,39714962.32,Warning,T004,RSUD Eka Candrarini,C
2025-05-01,107,Equipment,Gloves,1546,441,2447,19006.75,190,25,V001,False,8.136842105263158,29384435.5,Warning,T004,RSUD Eka Candrarini,C
2025-05-02,103,Consumable,Surgical Mask,510,744,5222,14231.58,175,12,V002,True,2.914285714285714,7258105.8,Critical,T004,RSUD Eka Candrarini,C
2025-05-03,102,Equipment,Ventilator,916,135,2525,9129.72,35,22,V003,False,26.17142857142857,8362823.52,Safe,T004,RSUD Eka Candrarini,C
2025-05-04,103,Consumable,Gloves,1366,358,925,6433.42,366,29,V002,False,3.73224043715847,8788051.72,Warning,T004,RSUD Eka Candrarini,C
2025-05-05,109,Consumable,Ventilator,2126,515,5377,3774.51,348,7,V002,False,6.109195402298851,8024608.260000001,Warning,T004,RSUD Eka Candrarini,C
2025-05-06,107,Consumable,IV Drip,451,850,1637,17473.68,82,2,V003,True,5.5,7880629.68,Critical,T004,RSUD Eka Candrarini,C
2025-05-07,107,Equipment,Ventilator,1075,708,2949,14457.92,164,21,V003,False,6.554878048780488,15542264.0,Warning,T004,RSUD Eka Candrarini,C
2025-05-08,105,Consumable,IV Drip,106,805,862,19561.59,80,14,V003,True,1.325,2073528.54,Critical,T004,RSUD Eka Candrarini,C
2025-05-09,101,Consumable,Surgical Mask,1732,16,1470,1504.53,31,16,V001,False,55.87096774193548,2605845.96,Safe,T004,RSUD Eka Candrarini,C
2025-05-10,102,Consumable,Gloves,3031,913,4919,6294.82,82,16,V001,False,36.96341463414634,19079599.419999998,Safe,T004,RSUD Eka Candrarini,C
2025-05-11,102,Equipment,X-ray Machine,1492,703,5903,8129.55,277,12,V001,False,5.386281588447654,12129288.6,Warning,T004,RSUD Eka Candrarini,C
2025-05-12,108,Equipment,Gloves,725,897,4528,19250.87,253,22,V001,True,2.8656126482213438,13956880.75,Critical,T004,RSUD Eka Candrarini,C
2025-05-13,101,Equipment,X-ray Machine,401,514,5251,11815.94,321,4,V003,True,1.249221183800623,4738191.94,Critical,T004,RSUD Eka Candrarini,C
2025-05-14,105,Consumable,Surgical Mask,1903,36,1246,13601.84,262,10,V003,False,7.263358778625954,25884301.52,Warning,T004,RSUD Eka Candrarini,C
2025-05-15,108,Consumable,Ventilator,2283,645,4262,5417.61,337,23,V003,False,6.774480712166172,12368403.629999999,Warning,T004,RSUD Eka Candrarini,C
2025-05-16,104,Equipment,IV Drip,1721,725,840,5150.14,48,25,V002,False,35.854166666666664,8863390.940000001,Safe,T004,RSUD Eka Candrarini,C
2025-05-17,100,Consumable,IV Drip,2811,815,1064,6855.76,34,24,V003,False,82.67647058823529,19271541.36,Safe,T004,RSUD Eka Candrarini,C
2025-05-18,102,Equipment,IV Drip,2309,103,2445,1680.4,286,5,V003,False,8.073426573426573,3880043.6,Safe,T004,RSUD Eka Candrarini,C
2025-05-19,105,Equipment,Surgical Mask,2866,443,4768,18790.34,98,29,V003,False,29.244897959183675,53853114.44,Safe,T004,RSUD Eka Candrarini,C
2025-05-20,105,Consumable,Surgical Mask,2864,542,4677,8103.52,17,27,V003,False,168.47058823529412,23208481.28,Safe,T004,RSUD Eka Candrarini,C
2025-05-21,100,Consumable,X-ray Machine,3312,487,1145,4010.43,286,24,V003,False,11.58041958041958,13282544.16,Warning,T004,RSUD Eka Candrarini,C
2025-05-22,108,Consumable,Gloves,2283,897,1211,6876.61,307,25,V001,False,7.436482084690554,15699300.629999999,Warning,T004,RSUD Eka Candrarini,C
2025-05-23,101,Consumable,Gloves,3402,450,4851,3916.18,322,18,V001,False,10.565217391304348,13322844.36,Warning,T004,RSUD Eka Candrarini,C
2025-05-24,101,Consumable,Ventilator,2507,967,3921,5117.16,255,21,V003,False,9.831372549019608,12828720.12,Warning,T004,RSUD Eka Candrarini,C
2025-05-25,100,Consumable,X-ray Machine,1996,449,606,15152.04,167,6,V002,False,11.952095808383234,30243471.840000004,Safe,T004,RSUD Eka Candrarini,C
2025-05-26,103,Consumable,Surgical Mask,1726,742,1254,4760.82,346,22,V002,False,4.988439306358382,8217175.319999999,Warning,T004,RSUD Eka Candrarini,C
2025-05-27,108,Consumable,Surgical Mask,1117,161,2127,13977.02,294,15,V002,False,3.7993197278911564,15612331.34,Warning,T004,RSUD Eka Candrarini,C
2025-05-28,108,Equipment,IV Drip,574,707,5780,11867.51,159,20,V002,True,3.610062893081761,6811950.74,Critical,T004,RSUD Eka Candrarini,C
2025-05-29,104,Consumable,X-ray Machine,1016,659,1437,2902.09,171,9,V003,False,5.941520467836257,2948523.44,Warning,T004,RSUD Eka Candrarini,C
2025-05-30,104,Equipment,X-ray Machine,88,650,3782,15274.29,232,4,V002,True,0.3793103448275862,1344137.52,Critical,T004,RSUD Eka Candrarini,C
2025-05-31,100,Consumable,Surgical Mask,1411,624,5009,17057.52,239,6,V001,False,5.903765690376569,24068160.72,Warning,T004,RSUD Eka Candrarini,C
2025-06-01,109,Equipment,X-ray Machine,2221,413,4582,19119.77,310,4,V002,False,7.164516129032258,42465009.17,Safe,T004,RSUD Eka Candrarini,C
2025-06-02,103,Consumable,IV Drip,2841,465,5984,19180.01,160,21,V002,False,17.75625,54490408.41,Warning,T004,RSUD Eka Candrarini,C
2025-06-03,107,Consumable,IV Drip,2898,60,3197,14127.56,7,7,V002,False,414.0,40941668.879999995,Safe,T004,RSUD Eka Candrarini,C
2025-06-04,103,Consumable,Surgical Mask,2636,560,4650,5827.25,344,2,V002,False,7.662790697674419,15360631.0,Safe,T004,RSUD Eka Candrarini,C
2025-06-05,102,Equipment,Surgical Mask,1659,973,3452,758.71,224,26,V001,False,7.40625,1258699.8900000001,Warning,T004,RSUD Eka Candrarini,C
2025-06-06,101,Consumable,X-ray Machine,2750,774,2709,7804.91,314,10,V002,False,8.757961783439491,21463502.5,Warning,T004,RSUD Eka Candrarini,C
2025-06-07,101,Equipment,X-ray Machine,3084,424,1029,14662.67,131,13,V001,False,23.541984732824428,45219674.28,Safe,T004,RSUD Eka Candrarini,C
2025-06-08,102,Equipment,Gloves,676,559,5093,18812.8,334,24,V002,False,2.0239520958083834,12717452.799999999,Warning,T004,RSUD Eka Candrarini,C
2025-06-09,101,Consumable,X-ray Machine,3317,962,2979,2271.25,153,23,V001,False,21.679738562091504,7533736.25,Warning,T004,RSUD Eka Candrarini,C
2025-06-10,104,Consumable,X-ray Machine,2286,904,4100,10845.07,190,6,V003,False,12.031578947368422,24791830.02,Safe,T004,RSUD Eka Candrarini,C
2025-06-11,102,Consumable,Ventilator,1736,655,3634,9495.74,151,3,V001,False,11.496688741721854,16484604.639999999,Safe,T004,RSUD Eka Candrarini,C
2025-06-12,105,Equipment,Surgical Mask,500,69,5435,915.04,88,26,V001,False,5.681818181818182,457520.0,Warning,T004,RSUD Eka Candrarini,C
2025-06-13,105,Consumable,X-ray Machine,939,986,4594,13013.72,234,28,V002,True,4.012820512820513,12219883.08,Critical,T004,RSUD Eka Candrarini,C
2025-06-14,105,Equipment,Ventilator,140,484,1610,17451.66,352,15,V001,True,0.3977272727272727,2443232.4,Critical,T004,RSUD Eka Candrarini,C
2025-06-15,102,Equipment,X-ray Machine,2586,455,3055,9237.32,184,20,V001,False,14.054347826086957,23887709.52,Warning,T004,RSUD Eka Candrarini,C
2025-06-16,105,Equipment,Surgical Mask,905,809,1789,10465.55,52,6,V001,False,17.403846153846153,9471322.75,Safe,T004,RSUD Eka Candrarini,C
2025-06-17,107,Consumable,Gloves,3352,976,4514,3556.21,228,27,V002,False,14.701754385964913,11920415.92,Warning,T004,RSUD Eka Candrarini,C
2025-06-18,107,Equipment,IV Drip,1147,355,5248,2422.81,6,25,V003,False,191.16666666666666,2778963.07,Safe,T004,RSUD Eka Candrarini,C
2025-06-19,106,Consumable,Surgical Mask,1709,213,5708,12277.15,187,29,V003,False,9.13903743315508,20981649.349999998,Warning,T004,RSUD Eka Candrarini,C
2025-06-20,101,Consumable,Surgical Mask,2110,667,1897,14328.34,235,29,V002,False,8.97872340425532,30232797.4,Warning,T004,RSUD Eka Candrarini,C
2025-06-21,106,Consumable,Ventilator,1759,41,2954,5750.42,64,4,V003,False,27.484375,10114988.78,Safe,T004,RSUD Eka Candrarini,C
2025-06-22,107,Consumable,Ventilator,564,681,3105,9989.26,65,16,V002,True,8.676923076923076,5633942.64,Critical,T004,RSUD Eka Candrarini,C
2025-06-23,102,Consumable,Ventilator,2649,94,2325,19161.21,245,2,V002,False,10.812244897959184,50758045.29,Safe,T004,RSUD Eka Candrarini,C
2025-06-24,103,Equipment,Gloves,2631,100,1202,666.95,15,26,V001,False,175.4,1754745.4500000002,Safe,T004,RSUD Eka Candrarini,C
2025-06-25,101,Consumable,Ventilator,960,49,3385,4716.65,129,23,V002,False,7.441860465116279,4527984.0,Warning,T004,RSUD Eka Candrarini,C
2025-06-26,109,Consumable,Surgical Mask,1983,767,5233,2061.51,245,11,V003,False,8.093877551020409,4087974.3300000005,Warning,T004,RSUD Eka Candrarini,C
2025-06-27,105,Consumable,Ventilator,252,188,5696,16439.94,265,8,V002,False,0.9509433962264151,4142864.88,Warning,T004,RSUD Eka Candrarini,C
2025-06-28,109,Equipment,X-ray Machine,1884,596,1181,19844.87,268,9,V001,False,7.029850746268656,37387735.08,Warning,T004,RSUD Eka Candrarini,C
2025-06-29,109,Equipment,X-ray Machine,2739,304,2944,3195.0,257,18,V001,False,10.657587548638132,8751105.0,Warning,T004,RSUD Eka Candrarini,C
2025-06-30,102,Consumable,IV Drip,246,590,4281,15038.14,272,26,V003,True,0.9044117647058824,3699382.44,Critical,T004,RSUD Eka Candrarini,C
2025-07-01,100,Equipment,X-ray Machine,1415,389,2269,5747.94,208,8,V003,False,6.802884615384615,8133335.1,Warning,T004,RSUD Eka Candrarini,C
2025-07-02,109,Consumable,IV Drip,972,561,3237,6575.23,184,20,V003,False,5.282608695652174,6391123.56,Warning,T004,RSUD Eka Candrarini,C
2025-07-03,101,Equipment,X-ray Machine,1410,137,4405,18597.0,105,8,V001,False,13.428571428571429,26221770.0,Safe,T004,RSUD Eka Candrarini,C
2025-07-04,109,Consumable,Gloves,860,217,2942,14250.61,129,10,V002,False,6.666666666666667,12255524.6,Warning,T004,RSUD Eka Candrarini,C
2025-07-05,100,Equipment,IV Drip,2628,23,4794,16241.58,51,21,V002,False,51.529411764705884,42682872.24,Safe,T004,RSUD Eka Candrarini,C
2025-07-06,106,Equipment,X-ray Machine,1909,173,2655,9095.5,169,2,V001,False,11.29585798816568,17363309.5,Safe,T004,RSUD Eka Candrarini,C
2025-07-07,100,Consumable,IV Drip,3345,496,5318,6545.59,310,18,V002,False,10.790322580645162,21894998.55,Warning,T004,RSUD Eka Candrarini,C
2025-07-08,104,Equipment,IV Drip,326,901,5223,2766.57,304,25,V002,True,1.0723684210526316,901901.8200000001,Critical,T004,RSUD Eka Candrarini,C
2025-07-09,108,Consumable,X-ray Machine,1310,405,5050,12507.75,158,29,V002,False,8.291139240506329,16385152.5,Warning,T004,RSUD Eka Candrarini,C
2025-07-10,104,Equipment,Surgical Mask,2414,369,3482,13596.86,244,11,V001,False,9.89344262295082,32822820.040000003,Warning,T004,RSUD Eka Candrarini,C
2025-07-11,103,Consumable,Ventilator,2969,341,5310,18607.98,180,13,V002,False,16.494444444444444,55247092.62,Safe,T004,RSUD Eka Candrarini,C
2025-07-12,103,Consumable,IV Drip,1242,832,4339,2503.52,357,16,V003,False,3.4789915966386555,3109371.84,Warning,T004,RSUD Eka Candrarini,C
2025-07-13,108,Equipment,IV Drip,394,430,4955,14741.34,194,3,V001,True,2.0309278350515463,5808087.96,Critical,T004,RSUD Eka Candrarini,C
2025-07-14,108,Consumable,IV Drip,2537,92,2332,10931.03,122,1,V001,False,20.795081967213115,27732023.110000003,Safe,T004,RSUD Eka Candrarini,C
2025-07-15,107,Consumable,Ventilator,1724,213,540,9146.87,319,25,V002,False,5.4043887147335425,15769203.88,Warning,T004,RSUD Eka Candrarini,C
2025-07-16,100,Consumable,IV Drip,2268,701,4690,15058.49,273,22,V003,False,8.307692307692308,34152655.32,Warning,T004,RSUD Eka Candrarini,C
2025-07-17,103,Equipment,IV Drip,1800,172,4591,12145.71,78,6,V001,False,23.076923076923077,21862278.0,Safe,T004,RSUD Eka Candrarini,C
2025-07-18,108,Consumable,X-ray Machine,762,964,2646,2055.54,188,20,V002,True,4.053191489361702,1566321.48,Critical,T004,RSUD Eka Candrarini,C
2025-07-19,107,Equipment,Surgical Mask,893,90,5167,8383.42,129,1,V001,False,6.922480620155039,7486394.0600000005,Safe,T004,RSUD Eka Candrarini,C
2025-07-20,107,Consumable,Gloves,2661,550,3149,19913.41,39,18,V001,False,68.23076923076923,52989584.01,Safe,T004,RSUD Eka Candrarini,C
2025-07-21,101,Consumable,Gloves,109,403,2447,15351.22,364,24,V001,True,0.29945054945054944,1673282.98,Critical,T004,RSUD Eka Candrarini,C
2025-07-22,108,Consumable,Ventilator,3081,879,1196,15251.73,263,15,V003,False,11.714828897338403,46990580.129999995,Warning,T004,RSUD Eka Candrarini,C
2025-07-23,104,Equipment,Gloves,1167,18,5550,18444.16,350,21,V003,False,3.334285714285714,21524334.72,Warning,T004,RSUD Eka Candrarini,C
2025-07-24,107,Consumable,Surgical Mask,2316,155,1811,14587.84,329,27,V003,False,7.03951367781155,33785437.44,Warning,T004,RSUD Eka Candrarini,C
2025-07-25,100,Consumable,Gloves,2194,762,3364,16959.77,348,5,V003,False,6.304597701149425,37209735.38,Safe,T004,RSUD Eka Candrarini,C
2025-07-26,104,Equipment,Surgical Mask,337,246,2674,8021.97,190,5,V003,False,1.7736842105263158,2703403.89,Warning,T004,RSUD Eka Candrarini,C
2025-07-27,109,Equipment,Surgical Mask,588,230,4983,8003.19,231,13,V003,False,2.5454545454545454,4705875.72,Warning,T004,RSUD Eka Candrarini,C
2025-07-28,100,Equipment,X-ray Machine,3163,675,4916,19140.66,322,13,V002,False,9.822981366459627,60541907.58,Warning,T004,RSUD Eka Candrarini,C
2025-07-29,106,Consumable,Gloves,1448,360,5099,15149.99,175,5,V003,False,8.274285714285714,21937185.52,Safe,T004,RSUD Eka Candrarini,C
2025-07-30,104,Equipment,IV Drip,2752,133,2203,9426.57,262,16,V003,False,10.50381679389313,25941920.64,Warning,T004,RSUD Eka Candrarini,C
2025-07-31,102,Consumable,Ventilator,2412,111,5632,9792.19,100,6,V001,False,24.12,23618762.28,Safe,T004,RSUD Eka Candrarini,C
2025-08-01,104,Equipment,IV Drip,2808,709,3400,332.31,139,23,V001,False,20.201438848920862,933126.48,Warning,T004,RSUD Eka Candrarini,C
2025-08-02,106,Equipment,Gloves,616,389,4031,4595.06,325,25,V003,False,1.8953846153846154,2830556.9600000004,Warning,T004,RSUD Eka Candrarini,C
2025-08-03,103,Equipment,Gloves,2748,69,4966,9426.31,283,14,V003,False,9.710247349823321,25903499.88,Warning,T004,RSUD Eka Candrarini,C
2025-08-04,103,Equipment,IV Drip,2781,196,5539,5876.33,368,21,V001,False,7.557065217391305,16342073.73,Warning,T004,RSUD Eka Candrarini,C
2025-08-05,107,Equipment,X-ray Machine,1589,284,4909,19636.33,304,21,V001,False,5.2269736842105265,31202128.37,Warning,T004,RSUD Eka Candrarini,C
2025-08-06,108,Consumable,Gloves,540,534,2697,2310.89,205,27,V001,False,2.6341463414634148,1247880.5999999999,Warning,T004,RSUD Eka Candrarini,C
2025-08-07,105,Consumable,X-ray Machine,1637,907,4448,10111.41,40,29,V001,False,40.925,16552378.17,Safe,T004,RSUD Eka Candrarini,C
2025-08-08,100,Equipment,Ventilator,174,293,1024,198.75,352,8,V001,True,0.4943181818181818,34582.5,Critical,T004,RSUD Eka Candrarini,C
2025-08-09,108,Consumable,Gloves,218,532,1157,5450.73,146,15,V001,True,1.4931506849315068,1188259.14,Critical,T004,RSUD Eka Candrarini,C
2025-08-10,105,Equipment,IV Drip,2488,973,2147,4489.01,304,24,V001,False,8.18421052631579,11168656.88,Warning,T004,RSUD Eka Candrarini,C
2025-08-11,104,Consumable,X-ray Machine,2956,967,2997,12101.98,370,21,V002,False,7.989189189189189,35773452.879999995,Warning,T004,RSUD Eka Candrarini,C
2025-08-12,107,Consumable,Ventilator,1744,794,1817,17744.44,331,6,V003,False,5.268882175226586,30946303.36,Warning,T004,RSUD Eka Candrarini,C
2025-08-13,104,Equipment,Surgical Mask,363,293,1291,11329.09,307,8,V003,False,1.1824104234527688,4112459.67,Warning,T004,RSUD Eka Candrarini,C
2025-08-14,101,Equipment,Ventilator,1336,646,5505,12882.23,225,5,V001,False,5.937777777777778,17210659.28,Safe,T004,RSUD Eka Candrarini,C
2025-08-15,103,Consumable,X-ray Machine,867,784,636,5598.83,256,16,V003,False,3.38671875,4854185.61,Warning,T004,RSUD Eka Candrarini,C
2025-08-16,103,Consumable,Gloves,234,522,2758,6177.68,178,10,V001,True,1.3146067415730338,1445577.12,Critical,T004,RSUD Eka Candrarini,C
2025-08-17,109,Consumable,Gloves,714,17,4353,9980.36,144,6,V002,False,4.958333333333333,7125977.04,Warning,T004,RSUD Eka Candrarini,C
2025-08-18,102,Equipment,Surgical Mask,1112,675,3962,11371.41,12,26,V002,False,92.66666666666667,12645007.92,Safe,T004,RSUD Eka Candrarini,C
2025-08-19,105,Equipment,X-ray Machine,1763,77,911,10926.81,266,2,V003,False,6.62781954887218,19263966.029999997,Safe,T004,RSUD Eka Candrarini,C
2025-08-20,102,Consumable,Gloves,1266,837,3737,5201.3,211,21,V002,False,6.0,6584845.8,Warning,T004,RSUD Eka Candrarini,C
2025-08-21,103,Consumable,Gloves,2869,770,919,2919.89,259,1,V001,False,11.077220077220078,8377164.409999999,Safe,T004,RSUD Eka Candrarini,C
2025-08-22,105,Consumable,X-ray Machine,1112,382,4238,7367.76,271,2,V002,False,4.1033210332103325,8192949.12,Safe,T004,RSUD Eka Candrarini,C
2025-08-23,107,Consumable,Ventilator,113,521,1472,15682.5,69,20,V001,True,1.6376811594202898,1772122.5,Critical,T004,RSUD Eka Candrarini,C
2025-08-24,102,Consumable,IV Drip,1280,430,2849,11922.86,238,10,V003,False,5.378151260504202,15261260.8,Warning,T004,RSUD Eka Candrarini,C
2025-08-25,107,Consumable,Ventilator,3318,438,4420,3637.87,99,3,V001,False,33.515151515151516,12070452.66,Safe,T004,RSUD Eka Candrarini,C
2025-08-26,101,Equipment,X-ray Machine,3475,735,3886,4664.74,303,17,V003,False,11.468646864686468,16209971.5,Warning,T004,RSUD Eka Candrarini,C
2025-08-27,106,Equipment,Ventilator,1422,635,3314,18083.89,106,24,V003,False,13.415094339622641,25715291.58,Warning,T004,RSUD Eka Candrarini,C
2025-08-28,105,Equipment,Gloves,1812,768,1246,7924.06,86,27,V001,False,21.069767441860463,14358396.72,Warning,T004,RSUD Eka Candrarini,C
2025-08-29,100,Equipment,X-ray Machine,2922,521,1468,17074.09,226,19,V003,False,12.929203539823009,49890490.98,Warning,T004,RSUD Eka Candrarini,C
2025-08-30,100,Equipment,Gloves,1314,210,3012,19549.43,248,26,V003,False,5.298387096774194,25687951.02,Warning,T004,RSUD Eka Candrarini,C
2025-08-31,103,Equipment,Gloves,251,633,3817,7157.67,296,27,V002,True,0.847972972972973,1796575.17,Critical,T004,RSUD Eka Candrarini,C
2025-09-01,101,Equipment,Gloves,2741,176,3441,258.85,144,11,V002,False,19.03472222222222,709507.8500000001,Safe,T004,RSUD Eka Candrarini,C
2025-09-02,109,Equipment,Ventilator,2444,948,5566,14555.91,358,17,V001,False,6.826815642458101,35574644.04,Warning,T004,RSUD Eka Candrarini,C
2025-09-03,109,Consumable,IV Drip,2755,686,2435,9709.02,280,18,V001,False,9.839285714285714,26748350.1,Warning,T004,RSUD Eka Candrarini,C
2025-09-04,106,Consumable,Surgical Mask,3040,78,986,17748.49,131,9,V003,False,23.206106870229007,53955409.6,Safe,T004,RSUD Eka Candrarini,C
2025-09-05,106,Consumable,IV Drip,124,101,5452,3385.0,168,29,V002,False,0.7380952380952381,419740.0,Warning,T004,RSUD Eka Candrarini,C
2025-09-06,107,Consumable,Surgical Mask,155,791,3380,4865.33,354,18,V003,True,0.4378531073446328,754126.15,Critical,T004,RSUD Eka Candrarini,C
2025-09-07,108,Consumable,X-ray Machine,810,663,4558,9433.1,298,27,V001,False,2.7181208053691277,7640811.0,Warning,T004,RSUD Eka Candrarini,C
2025-09-08,108,Consumable,IV Drip,2946,947,3464,2715.95,52,18,V001,False,56.65384615384615,8001188.699999999,Safe,T004,RSUD Eka Candrarini,C
2025-09-09,107,Consumable,Surgical Mask,2327,338,5603,7207.0,130,6,V002,False,17.9,16770689.0,Safe,T004,RSUD Eka Candrarini,C
2025-09-10,100,Equipment,Gloves,905,656,3747,311.77,367,10,V003,False,2.465940054495913,282151.85,Warning,T004,RSUD Eka Candrarini,C
2025-09-11,108,Consumable,X-ray Machine,3420,360,2994,16035.71,102,7,V002,False,33.529411764705884,54842128.199999996,Safe,T004,RSUD Eka Candrarini,C
2025-09-12,106,Equipment,IV Drip,2073,150,4949,2014.53,224,13,V001,False,9.254464285714286,4176120.69,Warning,T004,RSUD Eka Candrarini,C
2025-09-13,108,Consumable,Ventilator,3018,620,3596,11917.36,83,7,V001,False,36.36144578313253,35966592.480000004,Safe,T004,RSUD Eka Candrarini,C
2025-09-14,109,Equipment,X-ray Machine,2714,909,3270,5245.0,301,16,V002,False,9.016611295681063,14234930.0,Warning,T004,RSUD Eka Candrarini,C
2025-09-15,108,Consumable,Gloves,2453,242,5948,600.78,134,25,V002,False,18.30597014925373,1473713.3399999999,Warning,T004,RSUD Eka Candrarini,C
2025-09-16,103,Equipment,Gloves,2701,538,3771,2194.35,222,2,V003,False,12.166666666666666,5926939.35,Safe,T004,RSUD Eka Candrarini,C
2025-09-17,106,Equipment,Gloves,2766,271,797,13984.45,27,15,V002,False,102.44444444444444,38680988.7,Safe,T004,RSUD Eka Candrarini,C
2025-09-18,101,Consumable,Surgical Mask,2752,562,1847,17821.3,272,6,V003,False,10.117647058823529,49044217.6,Safe,T004,RSUD Eka Candrarini,C
2025-09-19,107,Equipment,IV Drip,1717,449,3699,1094.03,214,10,V001,False,8.023364485981308,1878449.51,Warning,T004,RSUD Eka Candrarini,C
2025-09-20,104,Equipment,X-ray Machine,1644,935,4203,5629.09,88,6,V002,False,18.681818181818183,9254223.96,Safe,T004,RSUD Eka Candrarini,C
2025-09-21,109,Consumable,IV Drip,1989,703,4831,7968.93,62,7,V002,False,32.08064516129032,15850201.770000001,Safe,T004,RSUD Eka Candrarini,C
2025-09-22,102,Equipment,IV Drip,230,288,5644,19573.66,28,12,V003,True,8.214285714285714,4501941.8,Critical,T004,RSUD Eka Candrarini,C
2025-09-23,100,Consumable,Surgical Mask,837,367,4168,8853.64,2,26,V003,False,418.5,7410496.68,Safe,T004,RSUD Eka Candrarini,C
2025-09-24,108,Consumable,Surgical Mask,2773,545,4002,16497.31,350,17,V003,False,7.922857142857143,45747040.63,Warning,T004,RSUD Eka Candrarini,C
2025-09-25,102,Consumable,Gloves,2572,261,5140,5622.76,215,20,V001,False,11.962790697674418,14461738.72,Warning,T004,RSUD Eka Candrarini,C
2025-09-26,107,Equipment,IV Drip,2351,900,5398,9363.66,26,27,V002,False,90.42307692307692,22013964.66,Safe,T004,RSUD Eka Candrarini,C
2025-09-27,108,Equipment,Surgical Mask,3482,942,1360,16517.32,280,24,V002,False,12.435714285714285,57513308.24,Warning,T004,RSUD Eka Candrarini,C
2025-09-28,104,Consumable,Gloves,606,757,728,15373.96,3,19,V003,True,202.0,9316619.76,Critical,T004,RSUD Eka Candrarini,C
2025-09-29,104,Consumable,X-ray Machine,1210,197,5446,4771.7,314,26,V001,False,3.8535031847133756,5773757.0,Warning,T004,RSUD Eka Candrarini,C
2025-09-30,101,Equipment,Surgical Mask,1893,44,1579,5054.72,129,17,V002,False,14.674418604651162,9568584.96,Warning,T004,RSUD Eka Candrarini,C
2025-10-01,107,Consumable,Surgical Mask,1450,976,3095,10969.69,260,10,V001,False,5.576923076923077,15906050.5,Warning,T004,RSUD Eka Candrarini,C
2025-10-02,106,Consumable,X-ray Machine,602,400,855,18760.33,2,11,V003,False,301.0,11293718.66,Safe,T004,RSUD Eka Candrarini,C
2025-10-03,109,Equipment,X-ray Machine,393,354,5849,2399.0,266,10,V003,False,1.4774436090225564,942807.0,Warning,T004,RSUD Eka Candrarini,C
2025-10-04,104,Consumable,Surgical Mask,2100,598,2903,15441.35,331,10,V001,False,6.3444108761329305,32426835.0,Warning,T004,RSUD Eka Candrarini,C
2025-10-05,101,Equipment,X-ray Machine,3415,27,5410,14752.14,230,8,V001,False,14.847826086956522,50378558.1,Safe,T004,RSUD Eka Candrarini,C
2025-10-06,105,Equipment,X-ray Machine,2232,617,591,17015.59,78,27,V001,False,28.615384615384617,37978796.88,Safe,T004,RSUD Eka Candrarini,C
2025-10-07,109,Consumable,Gloves,3103,570,2610,17784.06,223,24,V001,False,13.914798206278027,55183938.18000001,Warning,T004,RSUD Eka Candrarini,C
2025-10-08,107,Consumable,Surgical Mask,2026,815,997,17668.57,62,23,V001,False,32.67741935483871,35796522.82,Safe,T004,RSUD Eka Candrarini,C
2025-10-09,101,Equipment,X-ray Machine,1426,10,2799,18018.37,32,11,V001,False,44.5625,25694195.619999997,Safe,T004,RSUD Eka Candrarini,C
2025-10-10,103,Equipment,Gloves,2900,468,3138,19614.11,233,12,V003,False,12.446351931330472,56880919.0,Safe,T004,RSUD Eka Candrarini,C
2025-10-11,105,Equipment,Surgical Mask,935,635,5470,6648.92,352,8,V001,False,2.65625,6216740.2,Warning,T004,RSUD Eka Candrarini,C
2025-10-12,107,Consumable,Surgical Mask,3065,886,4647,18580.26,132,28,V001,False,23.21969696969697,56948496.9,Warning,T004,RSUD Eka Candrarini,C
2025-10-13,103,Consumable,Surgical Mask,2525,14,1402,18951.23,70,1,V002,False,36.07142857142857,47851855.75,Safe,T004,RSUD Eka Candrarini,C
2025-10-14,106,Equipment,X-ray Machine,3089,617,3227,12963.82,288,23,V003,False,10.725694444444445,40045239.98,Warning,T004,RSUD Eka Candrarini,C
2025-10-15,106,Consumable,X-ray Machine,2421,966,3040,13291.98,338,1,V003,False,7.162721893491124,32179883.58,Safe,T004,RSUD Eka Candrarini,C
2025-10-16,107,Consumable,IV Drip,2045,649,800,7171.49,224,3,V003,False,9.129464285714286,14665697.049999999,Safe,T004,RSUD Eka Candrarini,C
2025-10-17,109,Equipment,Gloves,961,532,2366,14906.21,221,23,V001,False,4.34841628959276,14324867.809999999,Warning,T004,RSUD Eka Candrarini,C
2025-10-18,101,Equipment,IV Drip,3275,807,3281,12051.42,298,16,V001,False,10.98993288590604,39468400.5,Warning,T004,RSUD Eka Candrarini,C
2025-10-19,109,Consumable,Gloves,3235,875,1346,15726.49,156,9,V001,False,20.737179487179485,50875195.15,Safe,T004,RSUD Eka Candrarini,C
2025-10-20,106,Consumable,Ventilator,393,883,1652,3070.7,310,16,V001,True,1.267741935483871,1206785.0999999999,Critical,T004,RSUD Eka Candrarini,C
2025-10-21,100,Consumable,IV Drip,1910,250,3828,16291.95,212,25,V002,False,9.00943396226415,31117624.5,Warning,T004,RSUD Eka Candrarini,C
2025-10-22,103,Consumable,Surgical Mask,3091,535,2408,14467.77,189,23,V001,False,16.354497354497354,44719877.07,Warning,T004,RSUD Eka Candrarini,C
2025-10-23,108,Equipment,Ventilator,224,285,2617,10919.13,182,20,V001,True,1.2307692307692308,2445885.1199999996,Critical,T004,RSUD Eka Candrarini,C
2025-10-24,104,Equipment,Ventilator,1525,51,5293,5194.7,40,15,V002,False,38.125,7921917.5,Safe,T004,RSUD Eka Candrarini,C
2025-10-25,101,Equipment,Ventilator,348,214,1810,1953.94,353,3,V001,False,0.9858356940509915,679971.12,Warning,T004,RSUD Eka Candrarini,C
2025-10-26,104,Equipment,Gloves,3163,438,3334,9696.92,144,4,V001,False,21.96527777777778,30671357.96,Safe,T004,RSUD Eka Candrarini,C
2025-10-27,105,Consumable,X-ray Machine,65,61,5214,2892.86,261,2,V002,False,0.24904214559386972,188035.9,Warning,T004,RSUD Eka Candrarini,C
2025-10-28,100,Consumable,X-ray Machine,2694,117,516,15235.58,58,11,V001,False,46.44827586206897,41044652.52,Safe,T004,RSUD Eka Candrarini,C
2025-10-29,103,Equipment,Ventilator,1843,154,2411,18491.22,122,5,V001,False,15.10655737704918,34079318.46,Safe,T004,RSUD Eka Candrarini,C
2025-10-30,101,Consumable,X-ray Machine,2387,514,3909,16406.52,347,1,V001,False,6.878962536023055,39162363.24,Safe,T004,RSUD Eka Candrarini,C
2025-10-31,104,Consumable,Surgical Mask,2052,764,5823,6609.51,280,25,V003,False,7.328571428571428,13562714.52,Warning,T004,RSUD Eka Candrarini,C
2025-11-01,104,Equipment,X-ray Machine,2021,943,2557,2920.51,295,19,V001,False,6.850847457627118,5902350.710000001,Warning,T004,RSUD Eka Candrarini,C
2025-11-02,104,Consumable,Gloves,3211,536,2429,158.76,148,7,V001,False,21.695945945945947,509778.36,Safe,T004,RSUD Eka Candrarini,C
2025-11-03,100,Consumable,Ventilator,1875,686,1600,13273.33,35,24,V001,False,53.57142857142857,24887493.75,Safe,T004,RSUD Eka Candrarini,C
2025-11-04,100,Consumable,IV Drip,735,124,2228,3752.65,89,13,V003,False,8.258426966292134,2758197.75,Warning,T004,RSUD Eka Candrarini,C
2025-11-05,108,Equipment,Surgical Mask,2840,142,5851,14331.23,256,16,V002,False,11.09375,40700693.199999996,Warning,T004,RSUD Eka Candrarini,C
2025-11-06,104,Consumable,IV Drip,3457,313,2448,11508.87,130,27,V002,False,26.592307692307692,39786163.59,Warning,T004,RSUD Eka Candrarini,C
2025-11-07,106,Equipment,Ventilator,1708,906,2282,9400.61,358,24,V001,False,4.770949720670391,16056241.88,Warning,T004,RSUD Eka Candrarini,C
2025-11-08,109,Equipment,Ventilator,2849,827,3393,15350.9,209,25,V002,False,13.631578947368421,43734714.1,Warning,T004,RSUD Eka Candrarini,C
2025-11-09,103,Consumable,IV Drip,2517,943,5451,19621.33,203,17,V001,False,12.399014778325123,49386887.61000001,Warning,T004,RSUD Eka Candrarini,C
2025-11-10,103,Equipment,Ventilator,2639,264,3502,2572.32,193,19,V003,False,13.67357512953368,6788352.48,Warning,T004,RSUD Eka Candrarini,C
2025-11-11,102,Equipment,Ventilator,2010,469,3181,11010.6,326,14,V002,False,6.1656441717791415,22131306.0,Warning,T004,RSUD Eka Candrarini,C
2025-11-12,101,Consumable,Ventilator,3142,822,3983,6264.8,364,2,V003,False,8.631868131868131,19684001.6,Safe,T004,RSUD Eka Candrarini,C
2025-11-13,102,Consumable,X-ray Machine,210,591,2399,559.59,137,23,V002,True,1.532846715328467,117513.90000000001,Critical,T004,RSUD Eka Candrarini,C
2025-11-14,101,Consumable,X-ray Machine,2601,370,4749,587.41,134,4,V003,False,19.41044776119403,1527853.41,Safe,T004,RSUD Eka Candrarini,C
2025-11-15,103,Consumable,Gloves,1870,504,2060,11552.65,296,27,V003,False,6.3175675675675675,21603455.5,Warning,T004,RSUD Eka Candrarini,C
2025-11-16,104,Consumable,IV Drip,1130,794,4345,1658.77,218,7,V001,False,5.18348623853211,1874410.1,Warning,T004,RSUD Eka Candrarini,C
2025-11-17,101,Equipment,Surgical Mask,132,282,5654,879.04,184,8,V001,True,0.717391304347826,116033.28,Critical,T004,RSUD Eka Candrarini,C
2025-11-18,101,Equipment,IV Drip,1579,788,576,3457.98,31,26,V002,False,50.935483870967744,5460150.42,Safe,T004,RSUD Eka Candrarini,C
2025-11-19,100,Equipment,IV Drip,264,527,3759,9197.56,127,21,V003,True,2.078740157480315,2428155.84,Critical,T004,RSUD Eka Candrarini,C
2025-11-20,107,Consumable,Gloves,2584,929,4127,10015.6,183,17,V002,False,14.120218579234972,25880310.400000002,Warning,T004,RSUD Eka Candrarini,C
2025-11-21,108,Equipment,X-ray Machine,500,953,1475,18305.37,294,25,V001,True,1.7006802721088434,9152685.0,Critical,T004,RSUD Eka Candrarini,C
2025-11-22,104,Equipment,Surgical Mask,379,589,1327,8393.67,308,3,V003,True,1.2305194805194806,3181200.93,Critical,T004,RSUD Eka Candrarini,C
2025-11-23,103,Consumable,Surgical Mask,610,176,3849,2156.02,118,29,V001,False,5.169491525423729,1315172.2,Warning,T004,RSUD Eka Candrarini,C
2025-11-24,105,Equipment,Gloves,272,284,2048,4618.7,326,11,V002,True,0.8343558282208589,1256286.4,Critical,T004,RSUD Eka Candrarini,C
2025-11-25,106,Consumable,Ventilator,1590,104,3428,18908.2,140,20,V003,False,11.357142857142858,30064038.0,Warning,T004,RSUD Eka Candrarini,C
2025-11-26,103,Consumable,IV Drip,1016,474,1145,11903.24,14,3,V001,False,72.57142857142857,12093691.84,Safe,T004,RSUD Eka Candrarini,C
2025-11-27,102,Consumable,IV Drip,378,809,2160,7107.17,95,25,V003,True,3.9789473684210526,2686510.2600000002,Critical,T004,RSUD Eka Candrarini,C
2025-11-28,109,Consumable,Surgical Mask,654,436,2827,17854.28,200,1,V003,False,3.27,11676699.12,Safe,T004,RSUD Eka Candrarini,C
2025-11-29,108,Equipment,IV Drip,2892,57,3363,6011.83,225,7,V002,False,12.853333333333333,17386212.36,Safe,T004,RSUD Eka Candrarini,C
2025-11-30,101,Equipment,Surgical Mask,631,287,2542,17621.95,335,14,V001,False,1.8835820895522388,11119450.450000001,Warning,T004,RSUD Eka Candrarini,C
2025-12-01,104,Equipment,X-ray Machine,1643,65,4346,2423.11,170,7,V003,False,9.66470588235294,3981169.73,Safe,T004,RSUD Eka Candrarini,C
2025-12-02,100,Equipment,X-ray Machine,1853,340,568,18764.62,338,26,V002,False,5.482248520710059,34770840.86,Warning,T004,RSUD Eka Candrarini,C
2025-12-03,108,Equipment,Surgical Mask,648,118,5821,18753.76,173,28,V001,False,3.745664739884393,12152436.479999999,Warning,T004,RSUD Eka Candrarini,C
2025-12-04,103,Consumable,Gloves,2696,41,5539,6905.72,286,16,V002,False,9.426573426573427,18617821.12,Warning,T004,RSUD Eka Candrarini,C
2025-12-05,109,Equipment,IV Drip,1115,605,3278,351.47,207,6,V001,False,5.386473429951691,391889.05000000005,Warning,T004,RSUD Eka Candrarini,C
2025-12-06,105,Consumable,Surgical Mask,2138,76,5071,7061.15,166,14,V003,False,12.879518072289157,15096738.7,Warning,T004,RSUD Eka Candrarini,C
2025-12-07,105,Equipment,Gloves,3150,157,1796,3616.63,293,10,V002,False,10.750853242320819,11392384.5,Safe,T004,RSUD Eka Candrarini,C
2025-12-08,101,Equipment,X-ray Machine,1093,169,2262,5321.71,4,24,V001,False,273.25,5816629.03,Safe,T004,RSUD Eka Candrarini,C
2025-12-09,107,Equipment,IV Drip,1335,892,5745,12513.84,148,20,V002,False,9.02027027027027,16705976.4,Warning,T004,RSUD Eka Candrarini,C
2025-12-10,108,Equipment,IV Drip,756,797,1552,8862.24,338,23,V003,True,2.2366863905325443,6699853.4399999995,Critical,T004,RSUD Eka Candrarini,C
2025-12-11,106,Equipment,X-ray Machine,1011,817,4880,14726.39,186,25,V003,False,5.435483870967742,14888380.29,Warning,T004,RSUD Eka Candrarini,C
2025-12-12,104,Consumable,Ventilator,3439,945,3173,12740.92,319,14,V001,False,10.780564263322884,43816023.88,Warning,T004,RSUD Eka Candrarini,C
2025-12-13,107,Consumable,Surgical Mask,2586,583,3149,6011.49,367,22,V001,False,7.046321525885559,15545713.139999999,Warning,T004,RSUD Eka Candrarini,C
2025-12-14,103,Equipment,Gloves,1511,619,1657,6477.87,349,14,V001,False,4.329512893982808,9788061.57,Warning,T004,RSUD Eka Candrarini,C
2025-12-15,105,Equipment,Gloves,2538,950,2102,15963.03,246,3,V003,False,10.317073170731707,40514170.14,Safe,T004,RSUD Eka Candrarini,C
2025-12-16,103,Consumable,Ventilator,1789,254,1215,10643.49,319,25,V002,False,5.608150470219436,19041203.61,Warning,T004,RSUD Eka Candrarini,C
2025-12-17,106,Consumable,Gloves,3460,758,3137,2548.05,211,10,V001,False,16.398104265402843,8816253.0,Safe,T004,RSUD Eka Candrarini,C
2025-12-18,104,Equipment,Gloves,919,448,3244,11734.67,162,2,V002,False,5.672839506172839,10784161.73,Safe,T004,RSUD Eka Candrarini,C
2025-12-19,107,Equipment,IV Drip,746,744,2577,2760.01,136,27,V003,False,5.485294117647059,2058967.4600000002,Warning,T004,RSUD Eka Candrarini,C
2025-12-20,103,Equipment,Surgical Mask,2922,132,5045,17374.23,284,14,V002,False,10.288732394366198,50767500.06,Warning,T004,RSUD Eka Candrarini,C
2025-12-21,100,Equipment,IV Drip,2456,497,5937,2585.84,113,21,V001,False,21.734513274336283,6350823.04,Safe,T004,RSUD Eka Candrarini,C
2025-12-22,105,Consumable,X-ray Machine,3228,200,5084,13388.33,32,1,V001,False,100.875,43217529.24,Safe,T004,RSUD Eka Candrarini,C
2025-12-23,109,Consumable,IV Drip,1214,214,3726,17936.26,197,26,V001,False,6.16243654822335,21774619.639999997,Warning,T004,RSUD Eka Candrarini,C
2025-12-24,103,Consumable,Ventilator,2369,922,1499,1962.92,91,29,V003,False,26.032967032967033,4650157.48,Warning,T004,RSUD Eka Candrarini,C
2025-12-25,107,Consumable,Surgical Mask,946,90,2971,10604.88,155,15,V003,False,6.103225806451613,10032216.479999999,Warning,T004,RSUD Eka Candrarini,C
2025-12-26,105,Consumable,Ventilator,2627,520,605,19161.84,39,5,V003,False,67.35897435897436,50338153.68,Safe,T004,RSUD Eka Candrarini,C
2025-12-27,105,Consumable,Surgical Mask,2114,144,4973,5559.22,126,8,V002,False,16.77777777777778,11752191.08,Safe,T004,RSUD Eka Candrarini,C
2025-12-28,108,Equipment,Surgical Mask,3216,462,4856,5621.72,19,17,V001,False,169.26315789473685,18079451.52,Safe,T004,RSUD Eka Candrarini,C
2025-12-29,100,Equipment,Surgical Mask,1740,823,2932,9401.31,24,10,V003,False,72.5,16358279.399999999,Safe,T004,RSUD Eka Candrarini,C
2025-12-30,108,Consumable,Gloves,1015,990,767,18954.09,112,13,V003,False,9.0625,19238401.35,Warning,T004,RSUD Eka Candrarini,C
2025-12-31,103,Consumable,IV Drip,1924,516,679,16020.37,110,18,V001,False,17.490909090909092,30823191.880000003,Warning,T004,RSUD Eka Candrarini,C
2026-01-01,106,Consumable,Gloves,1455,680,1111,5424.08,219,5,V001,False,6.6438356164383565,7892036.399999999,Safe,T004,RSUD Eka Candrarini,C
2026-01-02,109,Consumable,Gloves,1114,598,1464,4632.09,361,17,V001,False,3.085872576177285,5160148.26,Warning,T004,RSUD Eka Candrarini,C
2026-01-03,103,Equipment,IV Drip,2018,901,1232,3972.74,160,17,V002,False,12.6125,8016989.319999999,Warning,T004,RSUD Eka Candrarini,C
2026-01-04,102,Equipment,Ventilator,915,703,5508,8594.8,67,26,V002,False,13.656716417910447,7864241.999999999,Warning,T004,RSUD Eka Candrarini,C
2026-01-05,107,Consumable,Surgical Mask,112,427,5480,16158.21,361,17,V003,True,0.31024930747922436,1809719.52,Critical,T004,RSUD Eka Candrarini,C
2026-01-06,100,Consumable,Ventilator,1903,612,1594,3046.47,69,4,V002,False,27.579710144927535,5797432.409999999,Safe,T004,RSUD Eka Candrarini,C
2026-01-07,103,Equipment,Ventilator,773,412,3308,12341.39,226,9,V003,False,3.420353982300885,9539894.469999999,Warning,T004,RSUD Eka Candrarini,C
2026-01-08,100,Consumable,X-ray Machine,2792,144,2643,9446.07,268,23,V001,False,10.417910447761194,26373427.439999998,Warning,T004,RSUD Eka Candrarini,C
2026-01-09,103,Equipment,Gloves,1292,642,1526,12926.59,350,3,V002,False,3.6914285714285713,16701154.28,Safe,T004,RSUD Eka Candrarini,C
2026-01-10,106,Equipment,Surgical Mask,125,140,5104,8070.0,113,1,V003,True,1.1061946902654867,1008750.0,Critical,T004,RSUD Eka Candrarini,C
2026-01-11,101,Consumable,IV Drip,1354,164,3814,15196.56,362,26,V003,False,3.7403314917127073,20576142.24,Warning,T004,RSUD Eka Candrarini,C
2026-01-12,109,Consumable,Ventilator,1679,248,4405,6420.49,312,7,V002,False,5.381410256410256,10780002.709999999,Warning,T004,RSUD Eka Candrarini,C
2026-01-13,102,Equipment,X-ray Machine,917,291,2773,14443.49,134,22,V003,False,6.843283582089552,13244680.33,Warning,T004,RSUD Eka Candrarini,C
2026-01-14,109,Equipment,X-ray Machine,2812,535,1946,19193.19,206,29,V001,False,13.650485436893204,53971250.279999994,Warning,T004,RSUD Eka Candrarini,C
2026-01-15,104,Consumable,Ventilator,1907,969,3128,11585.05,59,23,V003,False,32.32203389830509,22092690.349999998,Safe,T004,RSUD Eka Candrarini,C
2026-01-16,109,Equipment,Ventilator,2138,741,2386,12691.4,6,28,V001,False,356.3333333333333,27134213.2,Safe,T004,RSUD Eka Candrarini,C
2026-01-17,101,Consumable,X-ray Machine,1646,584,5615,10496.26,9,26,V002,False,182.88888888888889,17276843.96,Safe,T004,RSUD Eka Candrarini,C
2026-01-18,103,Consumable,Gloves,2185,67,2883,9719.26,144,18,V002,False,15.17361111111111,21236583.1,Warning,T004,RSUD Eka Candrarini,C
2026-01-19,102,Equipment,X-ray Machine,2735,303,5747,3371.35,152,5,V003,False,17.99342105263158,9220642.25,Safe,T004,RSUD Eka Candrarini,C
2026-01-20,104,Equipment,X-ray Machine,1758,951,4873,13751.14,332,5,V002,False,5.295180722891566,24174504.119999997,Safe,T004,RSUD Eka Candrarini,C
2026-01-21,109,Consumable,X-ray Machine,1174,415,4461,12123.63,236,3,V002,False,4.97457627118644,14233141.62,Safe,T004,RSUD Eka Candrarini,C
2026-01-22,107,Consumable,Gloves,742,117,5991,11057.94,29,26,V001,False,25.586206896551722,8204991.48,Warning,T004,RSUD Eka Candrarini,C
2026-01-23,104,Equipment,Gloves,911,514,1626,6128.89,128,12,V001,False,7.1171875,5583418.79,Warning,T004,RSUD Eka Candrarini,C
2026-01-24,109,Consumable,Gloves,883,847,4868,7890.13,353,11,V002,False,2.501416430594901,6966984.79,Warning,T004,RSUD Eka Candrarini,C
2026-01-25,104,Consumable,IV Drip,2946,827,2550,8664.16,337,3,V002,False,8.741839762611276,25524615.36,Safe,T004,RSUD Eka Candrarini,C
2026-01-26,101,Consumable,IV Drip,1181,35,1201,13149.87,26,12,V003,False,45.42307692307692,15529996.47,Safe,T004,RSUD Eka Candrarini,C
2026-01-27,102,Equipment,IV Drip,1255,278,5730,14518.01,158,13,V001,False,7.943037974683544,18220102.55,Warning,T004,RSUD Eka Candrarini,C
2026-01-28,107,Equipment,IV Drip,2096,574,2836,6259.41,320,21,V002,False,6.55,13119723.36,Warning,T004,RSUD Eka Candrarini,C
2026-01-29,102,Equipment,Surgical Mask,2169,848,731,12294.92,328,10,V003,False,6.612804878048781,26667681.48,Warning,T004,RSUD Eka Candrarini,C
2026-01-30,103,Consumable,Surgical Mask,1276,953,4273,7407.8,53,27,V001,False,24.07547169811321,9452352.8,Warning,T004,RSUD Eka Candrarini,C
2026-01-31,109,Equipment,Surgical Mask,917,775,885,9704.49,99,4,V003,False,9.262626262626263,8899017.33,Safe,T004,RSUD Eka Candrarini,C
2026-02-01,107,Equipment,Ventilator,1416,83,3864,1638.81,319,20,V002,False,4.438871473354232,2320554.96,Warning,T004,RSUD Eka Candrarini,C
2026-02-02,106,Consumable,Surgical Mask,1907,916,4429,11573.76,285,7,V002,False,6.6912280701754385,22071160.32,Warning,T004,RSUD Eka Candrarini,C
2026-02-03,106,Consumable,Ventilator,2308,594,764,17928.89,69,28,V002,False,33.44927536231884,41379878.12,Safe,T004,RSUD Eka Candrarini,C
2026-02-04,102,Equipment,X-ray Machine,1246,484,3407,19068.13,346,11,V001,False,3.601156069364162,23758889.98,Warning,T004,RSUD Eka Candrarini,C
2026-02-05,103,Equipment,Surgical Mask,222,154,1524,6693.04,126,17,V001,False,1.7619047619047619,1485854.88,Warning,T004,RSUD Eka Candrarini,C
2026-02-06,106,Equipment,Gloves,1385,361,663,3402.94,160,9,V002,False,8.65625,4713071.9,Warning,T004,RSUD Eka Candrarini,C
2026-02-07,100,Equipment,IV Drip,2034,872,5810,19532.82,212,26,V003,False,9.59433962264151,39729755.88,Warning,T004,RSUD Eka Candrarini,C
2026-02-08,108,Consumable,Ventilator,2850,776,3496,15934.2,193,6,V002,False,14.766839378238341,45412470.0,Safe,T004,RSUD Eka Candrarini,C
2026-02-09,100,Equipment,X-ray Machine,698,239,2186,5863.88,81,16,V002,False,8.617283950617283,4092988.24,Warning,T004,RSUD Eka Candrarini,C
2026-02-10,107,Equipment,Surgical Mask,2935,304,4213,90.3,314,27,V001,False,9.347133757961783,265030.5,Warning,T004,RSUD Eka Candrarini,C
2026-02-11,106,Consumable,IV Drip,575,186,2385,5284.45,286,6,V003,False,2.0104895104895104,3038558.75,Warning,T004,RSUD Eka Candrarini,C
2026-02-12,105,Consumable,Gloves,2533,710,2807,19098.93,338,19,V003,False,7.494082840236686,48377589.69,Warning,T004,RSUD Eka Candrarini,C
