tenant_id,item_id,vendor_id,current_stock,min_required,max_capacity,avg_usage_per_day,restock_lead_time,days_until_stockout,stock_status,needs_reorder,inventory_date
T001,1,1,2159,264,1018,146,17,14.787671232876713,Warning,False,2024-10-01
T001,1,1,3482,656,3556,74,12,47.054054054054056,Safe,False,2024-10-02
T001,2,1,3319,384,5562,634,6,5.235015772870662,Warning,False,2024-10-03
T001,2,2,2853,438,1131,279,15,10.225806451612904,Warning,False,2024-10-04
T001,3,3,3374,338,1013,213,12,15.84037558685446,Safe,False,2024-10-05
T001,3,2,3161,402,1715,521,26,6.067178502879079,Warning,False,2024-10-06
T001,3,3,542,210,3765,279,24,1.9426523297491038,Warning,False,2024-10-07
T001,3,2,172,502,2161,347,11,0.4956772334293948,Critical,True,2024-10-08
T001,1,1,1106,751,1801,22,20,50.27272727272727,Safe,False,2024-10-09
T001,4,2,3427,28,1314,564,5,6.076241134751773,Safe,False,2024-10-10
T001,2,1,4831,12,2292,217,21,22.262672811059907,Safe,False,2024-10-11
T001,2,3,6314,207,4298,343,8,18.408163265306122,Safe,False,2024-10-12
T001,5,1,4617,231,3736,329,2,14.033434650455927,Safe,False,2024-10-13
T001,4,2,1105,515,4238,310,24,3.564516129032258,Warning,False,2024-10-14
T001,4,3,6607,239,2184,267,24,24.745318352059925,Safe,False,2024-10-15
T001,2,2,4851,622,4936,560,25,8.6625,Warning,False,2024-10-16
T001,4,2,652,372,3426,143,26,4.559440559440559,Warning,False,2024-10-17
T001,5,2,3374,167,3633,238,6,14.176470588235293,Safe,False,2024-10-18
T001,1,1,647,165,2450,674,23,0.9599406528189911,Warning,False,2024-10-19
T001,3,3,6044,667,3215,80,18,75.55,Safe,False,2024-10-20
T001,5,2,319,452,3288,618,17,0.5161812297734628,Critical,True,2024-10-21
T001,3,1,4077,405,2109,505,17,8.073267326732672,Warning,False,2024-10-22
T001,2,2,3088,315,3900,529,1,5.837429111531191,Safe,False,2024-10-23
T001,1,3,3527,338,1419,560,19,6.298214285714286,Warning,False,2024-10-24
T001,5,1,3822,354,4914,462,4,8.272727272727273,Safe,False,2024-10-25
T001,4,2,2940,525,4644,42,2,70.0,Safe,False,2024-10-26
T001,1,2,1169,634,2523,575,7,2.0330434782608697,Warning,False,2024-10-27
T001,5,1,6005,21,1823,12,21,500.4166666666667,Safe,False,2024-10-28
T001,1,3,1060,835,1153,89,1,11.910112359550562,Safe,False,2024-10-29
T001,2,3,1981,444,1004,148,9,13.385135135135135,Safe,False,2024-10-30
T001,4,3,6860,665,867,634,25,10.82018927444795,Warning,False,2024-10-31
T001,3,1,4501,963,1517,358,7,12.572625698324023,Safe,False,2024-11-01
T001,3,1,1222,141,1277,338,12,3.6153846153846154,Warning,False,2024-11-02
T001,3,2,3185,896,3727,321,5,9.922118380062305,Safe,False,2024-11-03
T001,5,1,6868,966,1497,68,22,101.0,Safe,False,2024-11-04
T001,1,2,972,945,5657,504,6,1.9285714285714286,Warning,False,2024-11-05
T001,4,1,195,520,4602,88,8,2.215909090909091,Critical,True,2024-11-06
T001,4,3,3277,991,3886,124,24,26.427419354838708,Safe,False,2024-11-07
T001,5,3,5243,167,5193,69,26,75.98550724637681,Safe,False,2024-11-08
T001,4,1,6726,959,5623,239,20,28.14225941422594,Safe,False,2024-11-09
T001,4,1,4540,77,4318,640,11,7.09375,Warning,False,2024-11-10
T001,1,3,3788,578,3839,213,6,17.784037558685448,Safe,False,2024-11-11
T001,1,3,3423,213,2961,97,6,35.28865979381443,Safe,False,2024-11-12
T001,1,1,4063,385,5319,36,5,112.86111111111111,Safe,False,2024-11-13
T001,5,3,2040,89,5902,648,29,3.1481481481481484,Warning,False,2024-11-14
T001,5,1,612,311,4676,539,11,1.1354359925788498,Warning,False,2024-11-15
T001,5,1,2425,612,1687,510,26,4.754901960784314,Warning,False,2024-11-16
T001,4,1,357,89,2088,373,13,0.9571045576407506,Warning,False,2024-11-17
T001,3,1,3009,235,5509,171,17,17.596491228070175,Safe,False,2024-11-18
T001,4,1,6590,21,5808,185,26,35.62162162162162,Safe,False,2024-11-19
T001,1,1,3312,513,1469,54,6,61.333333333333336,Safe,False,2024-11-20
T001,3,2,4150,143,4695,559,14,7.4239713774597496,Warning,False,2024-11-21
T001,2,1,5219,936,5517,378,12,13.806878306878307,Safe,False,2024-11-22
T001,3,1,5379,196,2163,451,23,11.926829268292684,Warning,False,2024-11-23
T001,1,2,3028,590,3726,55,11,55.054545454545455,Safe,False,2024-11-24
T001,1,3,3060,325,1063,176,8,17.386363636363637,Safe,False,2024-11-25
T001,1,1,301,554,835,467,1,0.6445396145610278,Critical,True,2024-11-26
T001,1,1,678,815,2831,639,25,1.0610328638497653,Critical,True,2024-11-27
T001,2,2,2825,181,2680,387,17,7.299741602067184,Warning,False,2024-11-28
T001,3,3,1789,647,3930,575,28,3.111304347826087,Warning,False,2024-11-29
T001,2,1,1509,326,2651,455,24,3.3164835164835167,Warning,False,2024-11-30
T001,4,1,1747,567,2789,514,25,3.3988326848249026,Warning,False,2024-12-01
T001,3,2,5645,295,2985,431,29,13.097447795823665,Warning,False,2024-12-02
T001,4,3,4708,260,4363,448,25,10.508928571428571,Warning,False,2024-12-03
T001,4,3,4838,165,5600,486,26,9.954732510288066,Warning,False,2024-12-04
T001,4,3,5093,753,2058,443,21,11.496613995485328,Warning,False,2024-12-05
T001,1,3,6821,805,1872,139,15,49.07194244604317,Safe,False,2024-12-06
T001,3,2,1434,39,4578,634,1,2.2618296529968456,Safe,False,2024-12-07
T001,5,2,1788,136,5626,639,15,2.7981220657276995,Warning,False,2024-12-08
T001,3,1,6475,82,1409,397,4,16.309823677581864,Safe,False,2024-12-09
T001,1,1,3685,85,1729,405,23,9.098765432098766,Warning,False,2024-12-10
T001,3,2,6940,107,4741,599,16,11.585976627712855,Warning,False,2024-12-11
T001,1,3,2159,216,978,223,9,9.681614349775785,Safe,False,2024-12-12
T001,3,1,5344,560,2310,217,4,24.62672811059908,Safe,False,2024-12-13
T001,3,1,1686,277,1252,446,5,3.780269058295964,Warning,False,2024-12-14
T001,4,3,2395,468,5750,327,21,7.324159021406728,Warning,False,2024-12-15
T001,2,1,2400,768,527,346,15,6.936416184971098,Warning,False,2024-12-16
T001,3,2,4862,867,892,660,29,7.366666666666666,Warning,False,2024-12-17
T001,5,2,328,42,4319,541,5,0.6062846580406654,Warning,False,2024-12-18
T001,2,1,5365,700,5827,567,28,9.462081128747796,Warning,False,2024-12-19
T001,5,2,3203,50,715,335,18,9.561194029850746,Warning,False,2024-12-20
T001,3,1,6873,208,3379,524,28,13.116412213740459,Warning,False,2024-12-21
T001,1,1,3941,296,3730,54,20,72.98148148148148,Safe,False,2024-12-22
T001,3,2,2416,672,3408,570,25,4.23859649122807,Warning,False,2024-12-23
T001,4,2,480,133,4482,351,25,1.3675213675213675,Warning,False,2024-12-24
T001,1,2,5741,597,3745,574,4,10.001742160278745,Safe,False,2024-12-25
T001,5,1,3378,301,4856,80,19,42.225,Safe,False,2024-12-26
T001,3,2,6279,478,5480,653,2,9.615620214395099,Safe,False,2024-12-27
T001,3,3,5502,974,5246,176,13,31.261363636363637,Safe,False,2024-12-28
T001,1,1,2008,585,5992,5,21,401.6,Safe,False,2024-12-29
T001,3,1,5781,782,563,16,8,361.3125,Safe,False,2024-12-30
T001,2,3,5487,699,4870,524,23,10.471374045801527,Warning,False,2024-12-31
T001,5,3,1576,894,4056,150,13,10.506666666666666,Warning,False,2025-01-01
T001,3,1,3847,167,2748,254,25,15.145669291338583,Warning,False,2025-01-02
T001,3,3,5384,713,4715,190,16,28.33684210526316,Safe,False,2025-01-03
T001,1,2,966,839,2862,477,1,2.0251572327044025,Safe,False,2025-01-04
T001,4,2,5321,613,4285,572,2,9.302447552447552,Safe,False,2025-01-05
T001,5,1,5858,633,3969,414,14,14.14975845410628,Safe,False,2025-01-06
T001,2,1,2178,221,5265,347,2,6.276657060518732,Safe,False,2025-01-07
T001,2,2,340,370,3138,74,4,4.594594594594595,Critical,True,2025-01-08
T001,1,1,1674,100,577,74,8,22.62162162162162,Safe,False,2025-01-09
T001,2,2,3902,548,4514,151,25,25.841059602649008,Safe,False,2025-01-10
T001,4,3,6128,595,5296,464,5,13.206896551724139,Safe,False,2025-01-11
T001,3,3,1953,956,1088,270,7,7.233333333333333,Safe,False,2025-01-12
T001,5,3,1981,233,5849,254,28,7.799212598425197,Warning,False,2025-01-13
T001,3,1,3545,872,4241,435,27,8.149425287356323,Warning,False,2025-01-14
T001,1,3,1960,795,4671,652,3,3.0061349693251533,Safe,False,2025-01-15
T001,3,2,3797,721,2525,364,14,10.43131868131868,Warning,False,2025-01-16
T001,4,2,2922,834,2405,595,7,4.9109243697478995,Warning,False,2025-01-17
T001,2,2,748,813,2444,42,16,17.80952380952381,Critical,True,2025-01-18
T001,5,2,3149,211,4399,462,26,6.816017316017316,Warning,False,2025-01-19
T001,4,2,3108,742,5268,111,17,28.0,Safe,False,2025-01-20
T001,1,3,3052,825,992,205,17,14.887804878048781,Warning,False,2025-01-21
T001,5,2,195,58,5874,567,19,0.3439153439153439,Warning,False,2025-01-22
T001,3,3,1120,385,4292,564,10,1.9858156028368794,Warning,False,2025-01-23
T001,1,2,4529,977,5606,528,26,8.577651515151516,Warning,False,2025-01-24
T001,3,1,287,639,4192,34,1,8.441176470588236,Critical,True,2025-01-25
T001,4,3,2222,589,1638,47,16,47.276595744680854,Safe,False,2025-01-26
T001,4,1,3308,645,4607,142,22,23.295774647887324,Safe,False,2025-01-27
T001,1,3,5965,721,2819,597,17,9.991624790619765,Warning,False,2025-01-28
T001,2,3,2692,328,5901,485,11,5.550515463917526,Warning,False,2025-01-29
T001,1,1,6357,978,5385,618,5,10.28640776699029,Safe,False,2025-01-30
T001,2,2,3283,303,2698,207,8,15.859903381642512,Safe,False,2025-01-31
T001,1,2,5078,15,1262,300,24,16.926666666666666,Warning,False,2025-02-01
T001,1,2,146,619,2383,8,18,18.25,Critical,True,2025-02-02
T001,5,2,1912,65,4704,325,9,5.883076923076923,Warning,False,2025-02-03
T001,2,3,4547,486,5052,585,7,7.772649572649573,Safe,False,2025-02-04
T001,2,2,97,440,1359,554,14,0.17509025270758122,Critical,True,2025-02-05
T001,4,3,1480,48,5072,612,6,2.418300653594771,Warning,False,2025-02-06
T001,3,3,5363,571,3291,323,18,16.603715170278637,Warning,False,2025-02-07
T001,4,3,6818,274,4699,53,6,128.64150943396226,Safe,False,2025-02-08
T001,2,1,361,644,599,520,5,0.6942307692307692,Critical,True,2025-02-09
T001,5,1,3856,203,4989,427,3,9.030444964871194,Safe,False,2025-02-10
T001,2,2,3196,332,1386,279,23,11.455197132616487,Warning,False,2025-02-11
T001,3,3,3072,72,1320,100,29,30.72,Safe,False,2025-02-12
T001,3,2,3326,26,3871,309,27,10.763754045307444,Warning,False,2025-02-13
T001,1,1,2052,199,3397,670,18,3.062686567164179,Warning,False,2025-02-14
T001,5,1,6966,204,2318,587,28,11.867120954003408,Warning,False,2025-02-15
T001,4,1,2708,277,1962,39,2,69.43589743589743,Safe,False,2025-02-16
T001,5,3,1740,425,1855,540,28,3.2222222222222223,Warning,False,2025-02-17
T001,1,1,2682,404,3520,263,8,10.197718631178708,Safe,False,2025-02-18
T001,2,1,213,30,2817,50,14,4.26,Warning,False,2025-02-19
T001,3,2,2349,110,1468,184,26,12.766304347826088,Warning,False,2025-02-20
T001,2,2,3088,792,732,629,6,4.909379968203497,Warning,False,2025-02-21
T001,2,2,1340,642,3717,216,5,6.203703703703703,Safe,False,2025-02-22
T001,1,2,197,62,5790,232,27,0.8491379310344828,Warning,False,2025-02-23
T001,4,1,2647,465,3872,57,18,46.43859649122807,Safe,False,2025-02-24
T001,2,1,6621,679,3798,626,16,10.57667731629393,Warning,False,2025-02-25
T001,3,3,2096,911,2239,385,22,5.444155844155844,Warning,False,2025-02-26
T001,3,1,4155,280,3403,517,8,8.036750483558993,Safe,False,2025-02-27
T001,4,2,1606,636,5434,247,9,6.502024291497976,Warning,False,2025-02-28
T001,4,3,2702,760,4130,417,19,6.479616306954436,Warning,False,2025-03-01
T001,1,3,6000,985,543,161,21,37.267080745341616,Safe,False,2025-03-02
T001,5,1,3979,829,1077,231,26,17.225108225108226,Warning,False,2025-03-03
T001,3,1,1819,42,3522,336,8,5.413690476190476,Warning,False,2025-03-04
T001,2,3,5529,417,4953,562,3,9.838078291814947,Safe,False,2025-03-05
T001,1,3,6810,771,2669,117,9,58.205128205128204,Safe,False,2025-03-06
T001,4,3,5109,869,5795,78,19,65.5,Safe,False,2025-03-07
T001,2,1,1509,784,3744,674,18,2.2388724035608307,Warning,False,2025-03-08
T001,5,2,2472,723,3325,32,9,77.25,Safe,False,2025-03-09
T001,4,3,5545,130,1015,169,8,32.81065088757396,Safe,False,2025-03-10
T001,5,1,3396,75,1917,439,2,7.735763097949886,Safe,False,2025-03-11
T001,5,3,4736,85,4719,88,4,53.81818181818182,Safe,False,2025-03-12
T001,3,1,841,865,3055,543,27,1.5488029465930018,Critical,True,2025-03-13
T001,3,1,539,518,5654,269,22,2.003717472118959,Warning,False,2025-03-14
T001,5,1,5557,720,4050,93,16,59.75268817204301,Safe,False,2025-03-15
T001,3,1,5503,818,5914,275,25,20.01090909090909,Warning,False,2025-03-16
T001,4,3,997,710,2754,649,18,1.5362095531587057,Warning,False,2025-03-17
T001,5,2,1807,46,3410,282,20,6.407801418439717,Warning,False,2025-03-18
T001,5,3,1186,918,4006,522,26,2.2720306513409962,Warning,False,2025-03-19
T001,1,3,2591,941,641,274,2,9.456204379562044,Safe,False,2025-03-20
T001,1,2,4924,72,1355,572,11,8.608391608391608,Warning,False,2025-03-21
T001,1,1,4187,463,1305,225,19,18.608888888888888,Warning,False,2025-03-22
T001,1,2,4157,840,4433,593,8,7.010118043844857,Warning,False,2025-03-23
T001,2,3,5382,452,4321,342,12,15.736842105263158,Safe,False,2025-03-24
T001,1,1,427,598,3918,140,6,3.05,Critical,True,2025-03-25
T001,4,3,1939,540,582,335,27,5.7880597014925375,Warning,False,2025-03-26
T001,2,1,2234,394,4554,174,9,12.839080459770114,Safe,False,2025-03-27
T001,4,3,2418,11,5114,359,6,6.735376044568246,Safe,False,2025-03-28
T001,1,1,5881,734,2110,103,20,57.09708737864078,Safe,False,2025-03-29
T001,5,3,640,727,3061,579,3,1.1053540587219344,Critical,True,2025-03-30
T001,2,1,2003,612,4029,72,22,27.819444444444443,Safe,False,2025-03-31
T001,5,2,2325,122,4772,284,5,8.18661971830986,Safe,False,2025-04-01
T001,4,3,2743,117,754,482,25,5.690871369294606,Warning,False,2025-04-02
T001,4,2,6017,159,5767,489,2,12.304703476482617,Safe,False,2025-04-03
T001,2,1,4843,600,3381,238,1,20.34873949579832,Safe,False,2025-04-04
T001,4,1,4575,279,2535,267,25,17.134831460674157,Warning,False,2025-04-05
T001,2,2,5893,77,2264,662,14,8.901812688821753,Warning,False,2025-04-06
T001,4,1,2261,883,1431,66,16,34.25757575757576,Safe,False,2025-04-07
T001,5,1,4260,411,2813,571,25,7.4605954465849385,Warning,False,2025-04-08
T001,3,1,6500,271,5341,50,5,130.0,Safe,False,2025-04-09
T001,1,2,3444,36,513,525,1,6.56,Safe,False,2025-04-10
T001,1,3,5949,713,5033,340,5,17.49705882352941,Safe,False,2025-04-11
T001,3,3,4745,421,5580,672,29,7.061011904761905,Warning,False,2025-04-12
T001,3,3,507,759,1278,275,19,1.8436363636363637,Critical,True,2025-04-13
T001,2,1,1907,947,4717,54,24,35.31481481481482,Safe,False,2025-04-14
T001,4,1,592,535,1823,300,21,1.9733333333333334,Warning,False,2025-04-15
T001,5,2,1236,823,4185,319,5,3.8746081504702192,Warning,False,2025-04-16
T001,1,2,2972,442,4764,258,6,11.51937984496124,Safe,False,2025-04-17
T001,3,2,5732,578,1768,235,15,24.391489361702128,Safe,False,2025-04-18
T001,3,2,4225,68,5379,621,23,6.8035426731078905,Warning,False,2025-04-19
T001,3,1,6010,27,1538,404,16,14.876237623762377,Warning,False,2025-04-20
T001,4,2,1397,224,3017,217,20,6.43778801843318,Warning,False,2025-04-21
T001,5,2,3576,873,500,521,13,6.863723608445298,Warning,False,2025-04-22
T001,3,2,5869,995,5911,320,8,18.340625,Safe,False,2025-04-23
T001,5,3,5853,230,3970,238,1,24.592436974789916,Safe,False,2025-04-24
T001,1,1,3230,215,2298,220,26,14.681818181818182,Warning,False,2025-04-25
T001,2,2,1715,401,1100,404,21,4.2450495049504955,Warning,False,2025-04-26
T001,2,1,3023,292,4074,404,21,7.482673267326732,Warning,False,2025-04-27
T001,1,2,1757,283,5623,493,27,3.563894523326572,Warning,False,2025-04-28
T001,2,3,6538,718,1848,274,6,23.861313868613138,Safe,False,2025-04-29
T001,3,3,6513,565,1625,576,11,11.307291666666666,Safe,False,2025-04-30
T001,4,1,3091,441,2447,342,25,9.038011695906432,Warning,False,2025-05-01
T001,2,2,1021,744,5222,315,12,3.2412698412698413,Warning,False,2025-05-02
T001,1,3,1831,135,2525,63,22,29.063492063492063,Safe,False,2025-05-03
T001,4,2,2731,358,925,659,29,4.144157814871017,Warning,False,2025-05-04
T001,1,2,4252,515,5377,626,7,6.792332268370607,Warning,False,2025-05-05
T001,3,3,902,850,1637,148,2,6.094594594594595,Safe,False,2025-05-06
T001,1,3,2150,708,2949,296,21,7.263513513513513,Warning,False,2025-05-07
T001,3,3,211,805,862,143,14,1.4755244755244756,Critical,True,2025-05-08
T001,2,1,3464,16,1470,55,16,62.981818181818184,Safe,False,2025-05-09
T001,4,1,6062,913,4919,147,16,41.23809523809524,Safe,False,2025-05-10
T001,5,1,2985,703,5903,498,12,5.993975903614458,Warning,False,2025-05-11
T001,4,1,1450,897,4528,455,22,3.1868131868131866,Warning,False,2025-05-12
T001,5,3,802,514,5251,578,4,1.3875432525951557,Warning,False,2025-05-13
T001,2,3,3805,36,1246,471,10,8.07855626326964,Warning,False,2025-05-14
T001,1,3,4565,645,4262,606,23,7.533003300330033,Warning,False,2025-05-15
T001,3,2,3441,725,840,86,25,40.01162790697674,Safe,False,2025-05-16
T001,3,3,5622,815,1064,61,24,92.1639344262295,Safe,False,2025-05-17
T001,3,3,4619,103,2445,516,5,8.9515503875969,Safe,False,2025-05-18
T001,2,3,5732,443,4768,177,29,32.38418079096045,Safe,False,2025-05-19
T001,2,3,5729,542,4677,31,27,184.80645161290323,Safe,False,2025-05-20
T001,5,3,6625,487,1145,514,24,12.88910505836576,Warning,False,2025-05-21
T001,4,1,4565,897,1211,552,25,8.269927536231885,Warning,False,2025-05-22
T001,4,1,6804,450,4851,579,18,11.751295336787564,Warning,False,2025-05-23
T001,1,3,5015,967,3921,459,21,10.925925925925926,Warning,False,2025-05-24
T001,5,2,3991,449,606,301,6,13.259136212624584,Safe,False,2025-05-25
T001,2,2,3452,742,1254,624,22,5.532051282051282,Warning,False,2025-05-26
T001,2,2,2234,161,2127,529,15,4.223062381852552,Warning,False,2025-05-27
T001,3,2,1148,707,5780,286,20,4.013986013986014,Warning,False,2025-05-28
T001,5,3,2031,659,1437,308,9,6.5941558441558445,Warning,False,2025-05-29
T001,5,2,175,650,3782,418,4,0.41866028708133973,Critical,True,2025-05-30
T001,2,1,2822,624,5009,431,6,6.547563805104408,Safe,False,2025-05-31
T001,5,2,4442,413,4582,559,4,7.946332737030412,Safe,False,2025-06-01
T001,3,2,5683,465,5984,288,21,19.73263888888889,Warning,False,2025-06-02
T001,3,2,5796,60,3197,12,7,483.0,Safe,False,2025-06-03
T001,2,2,5271,560,4650,620,2,8.501612903225807,Safe,False,2025-06-04
T001,2,1,3318,973,3452,402,26,8.253731343283581,Warning,False,2025-06-05
T001,5,2,5499,774,2709,566,10,9.715547703180212,Warning,False,2025-06-06
T001,5,1,6168,424,1029,236,13,26.135593220338983,Safe,False,2025-06-07
T001,4,2,1351,559,5093,602,24,2.244186046511628,Warning,False,2025-06-08
T001,5,1,6635,962,2979,275,23,24.12727272727273,Safe,False,2025-06-09
T001,5,3,4572,904,4100,343,6,13.329446064139942,Safe,False,2025-06-10
T001,1,1,3472,655,3634,271,3,12.811808118081181,Safe,False,2025-06-11
T001,2,1,1000,69,5435,159,26,6.289308176100629,Warning,False,2025-06-12
T001,5,2,1877,986,4594,421,28,4.458432304038005,Warning,False,2025-06-13
T001,1,1,280,484,1610,634,15,0.4416403785488959,Critical,True,2025-06-14
T001,5,1,5172,455,3055,331,20,15.625377643504532,Warning,False,2025-06-15
T001,2,1,1810,809,1789,93,6,19.462365591397848,Safe,False,2025-06-16
T001,4,2,6703,976,4514,410,27,16.348780487804877,Warning,False,2025-06-17
T001,3,3,2293,355,5248,11,25,208.45454545454547,Safe,False,2025-06-18
T001,2,3,3419,213,5708,336,29,10.175595238095237,Warning,False,2025-06-19
T001,2,2,4221,667,1897,423,29,9.97872340425532,Warning,False,2025-06-20
T001,1,3,3518,41,2954,116,4,30.32758620689655,Safe,False,2025-06-21
T001,1,2,1127,681,3105,117,16,9.632478632478632,Warning,False,2025-06-22
T001,1,2,5298,94,2325,441,2,12.013605442176871,Safe,False,2025-06-23
T001,4,1,5261,100,1202,27,26,194.85185185185185,Safe,False,2025-06-24
T001,1,2,1921,49,3385,232,23,8.280172413793103,Warning,False,2025-06-25
T001,2,3,3966,767,5233,441,11,8.993197278911564,Warning,False,2025-06-26
T001,1,2,504,188,5696,477,8,1.0566037735849056,Warning,False,2025-06-27
T001,5,1,3769,596,1181,483,9,7.803312629399586,Warning,False,2025-06-28
T001,5,1,5478,304,2944,463,18,11.831533477321814,Warning,False,2025-06-29
T001,3,3,491,590,4281,489,26,1.0040899795501022,Critical,True,2025-06-30
T001,5,3,2829,389,2269,375,8,7.544,Warning,False,2025-07-01
T001,3,3,1945,561,3237,331,20,5.876132930513595,Warning,False,2025-07-02
T001,5,1,2820,137,4405,189,8,14.920634920634921,Safe,False,2025-07-03
T001,4,2,1719,217,2942,232,10,7.4094827586206895,Warning,False,2025-07-04
T001,3,2,5256,23,4794,92,21,57.130434782608695,Safe,False,2025-07-05
T001,5,1,3818,173,2655,304,2,12.55921052631579,Safe,False,2025-07-06
T001,3,2,6691,496,5318,559,18,11.9695885509839,Warning,False,2025-07-07
T001,3,2,652,901,5223,548,25,1.1897810218978102,Critical,True,2025-07-08
T001,5,2,2621,405,5050,284,29,9.22887323943662,Warning,False,2025-07-09
T001,2,1,4829,369,3482,440,11,10.975,Warning,False,2025-07-10
T001,1,2,5939,341,5310,324,13,18.330246913580247,Safe,False,2025-07-11
T001,3,3,2485,832,4339,643,16,3.864696734059098,Warning,False,2025-07-12
T001,3,1,788,430,4955,348,3,2.264367816091954,Warning,False,2025-07-13
T001,3,1,5074,92,2332,219,1,23.168949771689498,Safe,False,2025-07-14
T001,1,2,3448,213,540,574,25,6.006968641114983,Warning,False,2025-07-15
T001,3,3,4536,701,4690,491,22,9.238289205702648,Warning,False,2025-07-16
T001,3,1,3601,172,4591,140,6,25.72142857142857,Safe,False,2025-07-17
T001,5,2,1525,964,2646,338,20,4.511834319526627,Warning,False,2025-07-18
T001,2,1,1786,90,5167,232,1,7.698275862068965,Safe,False,2025-07-19
T001,4,1,5321,550,3149,70,18,76.01428571428572,Safe,False,2025-07-20
T001,4,1,218,403,2447,656,24,0.3323170731707317,Critical,True,2025-07-21
T001,1,3,6163,879,1196,474,15,13.00210970464135,Warning,False,2025-07-22
T001,4,3,2334,18,5550,630,21,3.704761904761905,Warning,False,2025-07-23
T001,2,3,4631,155,1811,593,27,7.809443507588533,Warning,False,2025-07-24
T001,4,3,4388,762,3364,626,5,7.0095846645367414,Safe,False,2025-07-25
T001,2,3,673,246,2674,342,5,1.9678362573099415,Warning,False,2025-07-26
T001,2,3,1176,230,4983,416,13,2.826923076923077,Warning,False,2025-07-27
T001,5,2,6325,675,4916,580,13,10.905172413793103,Warning,False,2025-07-28
T001,4,3,2895,360,5099,315,5,9.19047619047619,Safe,False,2025-07-29
T001,3,3,5505,133,2203,473,16,11.638477801268499,Warning,False,2025-07-30
T001,1,1,4824,111,5632,180,6,26.8,Safe,False,2025-07-31
T001,3,1,5617,709,3400,250,23,22.468,Warning,False,2025-08-01
T001,4,3,1232,389,4031,585,25,2.105982905982906,Warning,False,2025-08-02
T001,4,3,5496,69,4966,509,14,10.797642436149312,Warning,False,2025-08-03
T001,3,1,5562,196,5539,663,21,8.389140271493213,Warning,False,2025-08-04
T001,5,1,3178,284,4909,547,21,5.809872029250457,Warning,False,2025-08-05
T001,4,1,1079,534,2697,369,27,2.924119241192412,Warning,False,2025-08-06
T001,5,1,3273,907,4448,73,29,44.83561643835616,Safe,False,2025-08-07
T001,1,1,347,293,1024,634,8,0.5473186119873817,Warning,False,2025-08-08
T001,4,1,437,532,1157,263,15,1.661596958174905,Critical,True,2025-08-09
T001,3,1,4976,973,2147,547,24,9.09689213893967,Warning,False,2025-08-10
T001,5,2,5912,967,2997,667,21,8.863568215892053,Warning,False,2025-08-11
T001,1,3,3487,794,1817,595,6,5.860504201680672,Warning,False,2025-08-12
T001,2,3,727,293,1291,552,8,1.3170289855072463,Warning,False,2025-08-13
T001,1,1,2671,646,5505,405,5,6.595061728395062,Safe,False,2025-08-14
T001,5,3,1733,784,636,460,16,3.767391304347826,Warning,False,2025-08-15
T001,4,1,468,522,2758,321,10,1.4579439252336448,Critical,True,2025-08-16
T001,4,2,1428,17,4353,259,6,5.513513513513513,Warning,False,2025-08-17
T001,2,2,2223,675,3962,22,26,101.04545454545455,Safe,False,2025-08-18
T001,5,3,3527,77,911,478,2,7.378661087866109,Safe,False,2025-08-19
T001,4,2,2531,837,3737,379,21,6.678100263852243,Warning,False,2025-08-20
T001,4,1,5739,770,919,466,1,12.315450643776824,Safe,False,2025-08-21
T001,5,2,2225,382,4238,487,2,4.568788501026694,Safe,False,2025-08-22
T001,1,1,225,521,1472,124,20,1.814516129032258,Critical,True,2025-08-23
T001,3,3,2561,430,2849,429,10,5.96969696969697,Warning,False,2025-08-24
T001,1,1,6636,438,4420,178,3,37.28089887640449,Safe,False,2025-08-25
T001,5,3,6950,735,3886,545,17,12.752293577981652,Warning,False,2025-08-26
T001,1,3,2843,635,3314,190,24,14.963157894736842,Warning,False,2025-08-27
T001,4,1,3623,768,1246,155,27,23.374193548387098,Warning,False,2025-08-28
T001,5,3,5844,521,1468,406,19,14.394088669950738,Warning,False,2025-08-29
T001,4,3,2628,210,3012,447,26,5.879194630872483,Warning,False,2025-08-30
T001,4,2,503,633,3817,532,27,0.9454887218045113,Critical,True,2025-08-31
T001,4,2,5482,176,3441,259,11,21.166023166023166,Safe,False,2025-09-01
T001,1,1,4887,948,5566,644,17,7.588509316770186,Warning,False,2025-09-02
T001,3,1,5510,686,2435,505,18,10.910891089108912,Warning,False,2025-09-03
T001,2,3,6080,78,986,236,9,25.76271186440678,Safe,False,2025-09-04
T001,3,2,248,101,5452,302,29,0.8211920529801324,Warning,False,2025-09-05
T001,2,3,309,791,3380,637,18,0.4850863422291994,Critical,True,2025-09-06
T001,5,1,1620,663,4558,537,27,3.016759776536313,Warning,False,2025-09-07
T001,3,1,5891,947,3464,94,18,62.670212765957444,Safe,False,2025-09-08
T001,2,2,4654,338,5603,235,6,19.804255319148936,Safe,False,2025-09-09
T001,4,3,1810,656,3747,660,10,2.742424242424242,Warning,False,2025-09-10
T001,5,2,6839,360,2994,184,7,37.16847826086956,Safe,False,2025-09-11
T001,3,1,4147,150,4949,402,13,10.31592039800995,Warning,False,2025-09-12
T001,1,1,6037,620,3596,150,7,40.24666666666667,Safe,False,2025-09-13
T001,5,2,5428,909,3270,541,16,10.033271719038817,Warning,False,2025-09-14
T001,4,2,4906,242,5948,242,25,20.272727272727273,Warning,False,2025-09-15
T001,4,3,5403,538,3771,400,2,13.5075,Safe,False,2025-09-16
T001,4,2,5531,271,797,49,15,112.87755102040816,Safe,False,2025-09-17
T001,2,3,5503,562,1847,490,6,11.230612244897959,Safe,False,2025-09-18
T001,3,1,3434,449,3699,385,10,8.91948051948052,Warning,False,2025-09-19
T001,5,2,3287,935,4203,159,6,20.67295597484277,Safe,False,2025-09-20
T001,3,2,3979,703,4831,111,7,35.846846846846844,Safe,False,2025-09-21
T001,3,3,461,288,5644,51,12,9.03921568627451,Warning,False,2025-09-22
T001,2,3,1674,367,4168,3,26,558.0,Safe,False,2025-09-23
T001,2,3,5547,545,4002,629,17,8.818759936406995,Warning,False,2025-09-24
T001,4,1,5145,261,5140,387,20,13.294573643410853,Warning,False,2025-09-25
T001,3,2,4703,900,5398,47,27,100.06382978723404,Safe,False,2025-09-26
T001,2,2,6964,942,1360,504,24,13.817460317460318,Warning,False,2025-09-27
T001,4,3,1211,757,728,5,19,242.2,Safe,False,2025-09-28
T001,5,1,2421,197,5446,564,26,4.292553191489362,Warning,False,2025-09-29
T001,2,2,3786,44,1579,232,17,16.31896551724138,Warning,False,2025-09-30
T001,2,1,2899,976,3095,467,10,6.207708779443255,Warning,False,2025-10-01
T001,5,3,1204,400,855,3,11,401.3333333333333,Safe,False,2025-10-02
T001,5,3,787,354,5849,479,10,1.6430062630480167,Warning,False,2025-10-03
T001,2,1,4200,598,2903,595,10,7.0588235294117645,Warning,False,2025-10-04
T001,5,1,6831,27,5410,413,8,16.53995157384988,Safe,False,2025-10-05
T001,5,1,4465,617,591,140,27,31.892857142857142,Safe,False,2025-10-06
T001,4,1,6206,570,2610,401,24,15.476309226932669,Warning,False,2025-10-07
T001,2,1,4053,815,997,112,23,36.1875,Safe,False,2025-10-08
T001,5,1,2852,10,2799,57,11,50.03508771929825,Safe,False,2025-10-09
T001,4,3,5800,468,3138,420,12,13.80952380952381,Safe,False,2025-10-10
T001,2,1,1870,635,5470,634,8,2.949526813880126,Warning,False,2025-10-11
T001,2,1,6131,886,4647,238,28,25.76050420168067,Warning,False,2025-10-12
T001,2,2,5050,14,1402,126,1,40.07936507936508,Safe,False,2025-10-13
T001,5,3,6178,617,3227,518,23,11.926640926640927,Warning,False,2025-10-14
T001,5,3,4843,966,3040,608,1,7.965460526315789,Safe,False,2025-10-15
T001,3,3,4089,649,800,402,3,10.171641791044776,Safe,False,2025-10-16
T001,4,1,1922,532,2366,398,23,4.8291457286432165,Warning,False,2025-10-17
T001,3,1,6549,807,3281,536,16,12.218283582089553,Warning,False,2025-10-18
T001,4,1,6469,875,1346,281,9,23.02135231316726,Safe,False,2025-10-19
T001,1,1,785,883,1652,558,16,1.406810035842294,Critical,True,2025-10-20
T001,3,2,3821,250,3828,381,25,10.028871391076116,Warning,False,2025-10-21
T001,2,1,6182,535,2408,340,23,18.18235294117647,Warning,False,2025-10-22
T001,1,1,448,285,2617,328,20,1.3658536585365855,Warning,False,2025-10-23
T001,1,2,3049,51,5293,73,15,41.76712328767123,Safe,False,2025-10-24
T001,1,1,696,214,1810,636,3,1.0943396226415094,Warning,False,2025-10-25
T001,4,1,6327,438,3334,259,4,24.428571428571427,Safe,False,2025-10-26
T001,5,2,130,61,5214,470,2,0.2765957446808511,Warning,False,2025-10-27
T001,5,1,5389,117,516,105,11,51.32380952380952,Safe,False,2025-10-28
T001,1,1,3686,154,2411,219,5,16.831050228310502,Safe,False,2025-10-29
T001,5,1,4774,514,3909,625,1,7.6384,Safe,False,2025-10-30
T001,2,3,4103,764,5823,505,25,8.124752475247524,Warning,False,2025-10-31
T001,5,1,4042,943,2557,531,19,7.612052730696798,Warning,False,2025-11-01
T001,4,1,6422,536,2429,266,7,24.142857142857142,Safe,False,2025-11-02
T001,1,1,3749,686,1600,63,24,59.507936507936506,Safe,False,2025-11-03
T001,3,3,1470,124,2228,161,13,9.130434782608695,Warning,False,2025-11-04
T001,2,2,5680,142,5851,462,16,12.294372294372295,Warning,False,2025-11-05
T001,3,2,6913,313,2448,235,27,29.417021276595744,Safe,False,2025-11-06
T001,1,1,3416,906,2282,644,24,5.304347826086956,Warning,False,2025-11-07
T001,1,2,5698,827,3393,377,25,15.114058355437665,Warning,False,2025-11-08
T001,3,1,5034,943,5451,366,17,13.754098360655737,Warning,False,2025-11-09
T001,1,3,5278,264,3502,347,19,15.210374639769453,Warning,False,2025-11-10
T001,1,2,4019,469,3181,587,14,6.846678023850085,Warning,False,2025-11-11
T001,1,3,6283,822,3983,656,2,9.577743902439025,Safe,False,2025-11-12
T001,5,2,420,591,2399,247,23,1.7004048582995952,Critical,True,2025-11-13
T001,5,3,5202,370,4749,242,4,21.49586776859504,Safe,False,2025-11-14
T001,4,3,3741,504,2060,532,27,7.0319548872180455,Warning,False,2025-11-15
T001,3,1,2261,794,4345,392,7,5.767857142857143,Warning,False,2025-11-16
T001,2,1,265,282,5654,331,8,0.8006042296072508,Critical,True,2025-11-17
T001,3,2,3158,788,576,55,26,57.41818181818182,Safe,False,2025-11-18
T001,3,3,528,527,3759,228,21,2.3157894736842106,Warning,False,2025-11-19
T001,4,2,5169,929,4127,329,17,15.711246200607903,Warning,False,2025-11-20
T001,5,1,1001,953,1475,529,25,1.892249527410208,Warning,False,2025-11-21
T001,2,3,759,589,1327,555,3,1.3675675675675676,Warning,False,2025-11-22
T001,2,1,1221,176,3849,213,29,5.732394366197183,Warning,False,2025-11-23
T001,4,2,545,284,2048,587,11,0.9284497444633731,Warning,False,2025-11-24
T001,1,3,3179,104,3428,251,20,12.665338645418327,Warning,False,2025-11-25
T001,3,1,2031,474,1145,24,3,84.625,Safe,False,2025-11-26
T001,3,3,756,809,2160,171,25,4.421052631578948,Critical,True,2025-11-27
T001,2,3,1308,436,2827,360,1,3.6333333333333333,Safe,False,2025-11-28
T001,3,2,5783,57,3363,405,7,14.279012345679012,Safe,False,2025-11-29
T001,2,1,1261,287,2542,603,14,2.0912106135986734,Warning,False,2025-11-30
T001,5,3,3286,65,4346,305,7,10.773770491803278,Safe,False,2025-12-01
T001,5,2,3706,340,568,608,26,6.095394736842105,Warning,False,2025-12-02
T001,2,1,1296,118,5821,312,28,4.153846153846154,Warning,False,2025-12-03
T001,4,2,5391,41,5539,516,16,10.44767441860465,Warning,False,2025-12-04
T001,3,1,2230,605,3278,373,6,5.978552278820375,Warning,False,2025-12-05
T001,2,3,4276,76,5071,300,14,14.253333333333334,Safe,False,2025-12-06
T001,4,2,6300,157,1796,528,10,11.931818181818182,Safe,False,2025-12-07
T001,5,1,2187,169,2262,8,24,273.375,Safe,False,2025-12-08
T001,3,2,2670,892,5745,266,20,10.037593984962406,Warning,False,2025-12-09
T001,3,3,1512,797,1552,609,23,2.4827586206896552,Warning,False,2025-12-10
T001,5,3,2022,817,4880,335,25,6.035820895522388,Warning,False,2025-12-11
T001,1,1,6878,945,3173,574,14,11.982578397212544,Warning,False,2025-12-12
T001,2,1,5172,583,3149,660,22,7.836363636363636,Warning,False,2025-12-13
T001,4,1,3023,619,1657,628,14,4.813694267515924,Warning,False,2025-12-14
T001,4,3,5075,950,2102,443,3,11.455981941309256,Safe,False,2025-12-15
T001,1,2,3578,254,1215,574,25,6.2334494773519165,Warning,False,2025-12-16
T001,4,1,6920,758,3137,379,10,18.258575197889183,Safe,False,2025-12-17
T001,4,2,1838,448,3244,292,2,6.294520547945205,Safe,False,2025-12-18
T001,3,3,1492,744,2577,244,27,6.114754098360656,Warning,False,2025-12-19
T001,2,2,5844,132,5045,512,14,11.4140625,Warning,False,2025-12-20
T001,3,1,4913,497,5937,204,21,24.083333333333332,Safe,False,2025-12-21
T001,5,1,6457,200,5084,57,1,113.28070175438596,Safe,False,2025-12-22
T001,3,1,2429,214,3726,355,26,6.842253521126761,Warning,False,2025-12-23
T001,1,3,4738,922,1499,163,29,29.067484662576685,Safe,False,2025-12-24
T001,2,3,1891,90,2971,279,15,6.777777777777778,Warning,False,2025-12-25
T001,1,3,5254,520,605,70,5,75.05714285714286,Safe,False,2025-12-26
T001,2,2,4228,144,4973,227,8,18.625550660792953,Safe,False,2025-12-27
T001,2,1,6432,462,4856,34,17,189.1764705882353,Safe,False,2025-12-28
T001,2,3,3479,823,2932,43,10,80.90697674418605,Safe,False,2025-12-29
T001,4,3,2030,990,767,201,13,10.099502487562189,Warning,False,2025-12-30
T001,3,1,3849,516,679,198,18,19.439393939393938,Safe,False,2025-12-31
T001,4,1,2909,680,1111,394,5,7.383248730964467,Safe,False,2026-01-01
T001,4,1,2227,598,1464,649,17,3.431432973805855,Warning,False,2026-01-02
T001,3,2,4036,901,1232,288,17,14.01388888888889,Warning,False,2026-01-03
T001,1,2,1830,703,5508,120,26,15.25,Warning,False,2026-01-04
T001,2,3,224,427,5480,649,17,0.34514637904468415,Critical,True,2026-01-05
T001,1,2,3805,612,1594,124,4,30.68548387096774,Safe,False,2026-01-06
T001,1,3,1546,412,3308,406,9,3.8078817733990147,Warning,False,2026-01-07
T001,5,1,5583,144,2643,482,23,11.58298755186722,Warning,False,2026-01-08
T001,4,2,2583,642,1526,630,3,4.1,Safe,False,2026-01-09
T001,2,3,249,140,5104,204,1,1.2205882352941178,Safe,False,2026-01-10
T001,3,3,2709,164,3814,652,26,4.154907975460123,Warning,False,2026-01-11
T001,1,2,3357,248,4405,562,7,5.973309608540926,Warning,False,2026-01-12
T001,5,3,1834,291,2773,242,22,7.578512396694215,Warning,False,2026-01-13
T001,5,1,5624,535,1946,371,29,15.159029649595688,Warning,False,2026-01-14
T001,1,3,3815,969,3128,107,23,35.654205607476634,Safe,False,2026-01-15
T001,1,1,4277,741,2386,11,28,388.8181818181818,Safe,False,2026-01-16
T001,5,2,3293,584,5615,16,26,205.8125,Safe,False,2026-01-17
T001,4,2,4371,67,2883,259,18,16.876447876447877,Warning,False,2026-01-18
T001,5,3,5470,303,5747,274,5,19.963503649635037,Safe,False,2026-01-19
T001,5,2,3515,951,4873,597,5,5.8877721943048575,Safe,False,2026-01-20
T001,5,2,2348,415,4461,425,3,5.524705882352941,Safe,False,2026-01-21
T001,4,1,1484,117,5991,53,26,28.0,Safe,False,2026-01-22
T001,4,1,1823,514,1626,230,12,7.926086956521739,Warning,False,2026-01-23
T001,4,2,1765,847,4868,636,11,2.7751572327044025,Warning,False,2026-01-24
T001,3,2,5893,827,2550,606,3,9.724422442244224,Safe,False,2026-01-25
T001,3,3,2362,35,1201,47,12,50.255319148936174,Safe,False,2026-01-26
T001,3,1,2510,278,5730,284,13,8.838028169014084,Warning,False,2026-01-27
T001,3,2,4193,574,2836,576,21,7.279513888888889,Warning,False,2026-01-28
T001,2,3,4339,848,731,590,10,7.354237288135593,Warning,False,2026-01-29
T001,2,1,2552,953,4273,96,27,26.583333333333332,Warning,False,2026-01-30
T001,2,3,1834,775,885,178,4,10.303370786516854,Safe,False,2026-01-31
T001,1,2,2832,83,3864,574,20,4.933797909407666,Warning,False,2026-02-01
T001,2,2,3814,916,4429,513,7,7.434697855750487,Safe,False,2026-02-02
T001,1,2,4616,594,764,124,28,37.225806451612904,Safe,False,2026-02-03
T001,5,1,2492,484,3407,622,11,4.006430868167203,Warning,False,2026-02-04
T001,2,1,444,154,1524,227,17,1.9559471365638768,Warning,False,2026-02-05
T001,4,2,2771,361,663,289,9,9.588235294117647,Safe,False,2026-02-06
T001,3,3,4068,872,5810,381,26,10.67716535433071,Warning,False,2026-02-07
T001,1,2,5701,776,3496,347,6,16.429394812680115,Safe,False,2026-02-08
T001,5,2,1396,239,2186,146,16,9.561643835616438,Warning,False,2026-02-09
T001,2,1,5870,304,4213,566,27,10.371024734982333,Warning,False,2026-02-10
T001,3,3,1151,186,2385,516,6,2.2306201550387597,Warning,False,2026-02-11
T001,4,3,5067,710,2807,608,19,8.333881578947368,Warning,False,2026-02-12
T002,1,1,1696,264,1018,119,17,14.252100840336135,Warning,False,2024-10-01
T002,1,1,2736,656,3556,61,12,44.85245901639344,Safe,False,2024-10-02
T002,2,1,2608,384,5562,517,6,5.044487427466151,Warning,False,2024-10-03
T002,2,2,2242,438,1131,228,15,9.833333333333334,Warning,False,2024-10-04
T002,3,3,2651,338,1013,174,12,15.235632183908047,Safe,False,2024-10-05
T002,3,2,2484,402,1715,425,26,5.844705882352941,Warning,False,2024-10-06
T002,3,3,426,210,3765,228,24,1.868421052631579,Warning,False,2024-10-07
T002,3,2,135,502,2161,283,11,0.47703180212014135,Critical,True,2024-10-08
T002,1,1,869,751,1801,18,20,48.27777777777778,Safe,False,2024-10-09
T002,4,2,2693,28,1314,460,5,5.854347826086957,Safe,False,2024-10-10
T002,2,1,3796,12,2292,177,21,21.44632768361582,Safe,False,2024-10-11
T002,2,3,4961,207,4298,279,8,17.781362007168457,Safe,False,2024-10-12
T002,5,1,3628,231,3736,268,2,13.537313432835822,Safe,False,2024-10-13
T002,4,2,868,515,4238,253,24,3.430830039525692,Warning,False,2024-10-14
T002,4,3,5191,239,2184,218,24,23.81192660550459,Warning,False,2024-10-15
T002,2,2,3812,622,4936,457,25,8.341356673960613,Warning,False,2024-10-16
T002,4,2,513,372,3426,117,26,4.384615384615385,Warning,False,2024-10-17
T002,5,2,2651,167,3633,194,6,13.664948453608247,Safe,False,2024-10-18
T002,1,1,508,165,2450,549,23,0.9253187613843351,Warning,False,2024-10-19
T002,3,3,4749,667,3215,65,18,73.06153846153846,Safe,False,2024-10-20
T002,5,2,251,452,3288,504,17,0.498015873015873,Critical,True,2024-10-21
T002,3,1,3203,405,2109,411,17,7.793187347931873,Warning,False,2024-10-22
T002,2,2,2427,315,3900,431,1,5.631090487238979,Safe,False,2024-10-23
T002,1,3,2771,338,1419,457,19,6.063457330415755,Warning,False,2024-10-24
T002,5,1,3003,354,4914,376,4,7.986702127659575,Safe,False,2024-10-25
T002,4,2,2310,525,4644,34,2,67.94117647058823,Safe,False,2024-10-26
T002,1,2,919,634,2523,469,7,1.9594882729211087,Warning,False,2024-10-27
T002,5,1,4718,21,1823,10,21,471.8,Safe,False,2024-10-28
T002,1,3,833,835,1153,73,1,11.41095890410959,Critical,True,2024-10-29
T002,2,3,1557,444,1004,121,9,12.867768595041323,Safe,False,2024-10-30
T002,4,3,5390,665,867,517,25,10.425531914893616,Warning,False,2024-10-31
T002,3,1,3537,963,1517,292,7,12.113013698630137,Safe,False,2024-11-01
T002,3,1,960,141,1277,275,12,3.4909090909090907,Warning,False,2024-11-02
T002,3,2,2502,896,3727,262,5,9.549618320610687,Safe,False,2024-11-03
T002,5,1,5397,966,1497,55,22,98.12727272727273,Safe,False,2024-11-04
T002,1,2,763,945,5657,410,6,1.8609756097560977,Critical,True,2024-11-05
T002,4,1,153,520,4602,72,8,2.125,Critical,True,2024-11-06
T002,4,3,2575,991,3886,101,24,25.495049504950494,Safe,False,2024-11-07
T002,5,3,4120,167,5193,56,26,73.57142857142857,Safe,False,2024-11-08
T002,4,1,5284,959,5623,195,20,27.097435897435897,Safe,False,2024-11-09
T002,4,1,3567,77,4318,521,11,6.846449136276392,Warning,False,2024-11-10
T002,1,3,2977,578,3839,174,6,17.10919540229885,Safe,False,2024-11-11
T002,1,3,2690,213,2961,79,6,34.050632911392405,Safe,False,2024-11-12
T002,1,1,3192,385,5319,30,5,106.4,Safe,False,2024-11-13
T002,5,3,1603,89,5902,528,29,3.0359848484848486,Warning,False,2024-11-14
T002,5,1,481,311,4676,439,11,1.0956719817767653,Warning,False,2024-11-15
T002,5,1,1905,612,1687,416,26,4.579326923076923,Warning,False,2024-11-16
T002,4,1,280,89,2088,304,13,0.9210526315789473,Warning,False,2024-11-17
T002,3,1,2364,235,5509,140,17,16.885714285714286,Warning,False,2024-11-18
T002,4,1,5178,21,5808,151,26,34.29139072847682,Safe,False,2024-11-19
T002,1,1,2603,513,1469,44,6,59.15909090909091,Safe,False,2024-11-20
T002,3,2,3260,143,4695,455,14,7.164835164835165,Warning,False,2024-11-21
T002,2,1,4101,936,5517,308,12,13.314935064935066,Safe,False,2024-11-22
T002,3,1,4226,196,2163,367,23,11.514986376021799,Warning,False,2024-11-23
T002,1,2,2379,590,3726,45,11,52.86666666666667,Safe,False,2024-11-24
T002,1,3,2405,325,1063,143,8,16.818181818181817,Safe,False,2024-11-25
T002,1,1,237,554,835,381,1,0.6220472440944882,Critical,True,2024-11-26
T002,1,1,532,815,2831,520,25,1.023076923076923,Critical,True,2024-11-27
T002,2,2,2220,181,2680,316,17,7.025316455696203,Warning,False,2024-11-28
T002,3,3,1406,647,3930,469,28,2.997867803837953,Warning,False,2024-11-29
T002,2,1,1186,326,2651,371,24,3.196765498652291,Warning,False,2024-11-30
T002,4,1,1373,567,2789,419,25,3.2768496420047732,Warning,False,2024-12-01
T002,3,2,4435,295,2985,351,29,12.635327635327636,Warning,False,2024-12-02
T002,4,3,3699,260,4363,365,25,10.134246575342466,Warning,False,2024-12-03
T002,4,3,3802,165,5600,396,26,9.6010101010101,Warning,False,2024-12-04
T002,4,3,4002,753,2058,361,21,11.085872576177286,Warning,False,2024-12-05
T002,1,3,5359,805,1872,113,15,47.424778761061944,Safe,False,2024-12-06
T002,3,2,1126,39,4578,517,1,2.1779497098646035,Safe,False,2024-12-07
T002,5,2,1405,136,5626,520,15,2.701923076923077,Warning,False,2024-12-08
T002,3,1,5088,82,1409,323,4,15.75232198142415,Safe,False,2024-12-09
T002,1,1,2895,85,1729,330,23,8.772727272727273,Warning,False,2024-12-10
T002,3,2,5453,107,4741,488,16,11.174180327868852,Warning,False,2024-12-11
T002,1,3,1696,216,978,182,9,9.31868131868132,Safe,False,2024-12-12
T002,3,1,4199,560,2310,177,4,23.72316384180791,Safe,False,2024-12-13
T002,3,1,1324,277,1252,363,5,3.647382920110193,Warning,False,2024-12-14
T002,4,3,1882,468,5750,266,21,7.075187969924812,Warning,False,2024-12-15
T002,2,1,1885,768,527,282,15,6.684397163120567,Warning,False,2024-12-16
T002,3,2,3820,867,892,538,29,7.100371747211896,Warning,False,2024-12-17
T002,5,2,257,42,4319,441,5,0.5827664399092971,Warning,False,2024-12-18
T002,2,1,4215,700,5827,462,28,9.123376623376624,Warning,False,2024-12-19
T002,5,2,2517,50,715,273,18,9.219780219780219,Warning,False,2024-12-20
T002,3,1,5400,208,3379,427,28,12.646370023419204,Warning,False,2024-12-21
T002,1,1,3097,296,3730,44,20,70.38636363636364,Safe,False,2024-12-22
T002,3,2,1899,672,3408,464,25,4.092672413793103,Warning,False,2024-12-23
T002,4,2,377,133,4482,286,25,1.3181818181818181,Warning,False,2024-12-24
T002,1,2,4511,597,3745,468,4,9.63888888888889,Safe,False,2024-12-25
T002,5,1,2654,301,4856,65,19,40.83076923076923,Safe,False,2024-12-26
T002,3,2,4934,478,5480,532,2,9.274436090225564,Safe,False,2024-12-27
T002,3,3,4323,974,5246,143,13,30.23076923076923,Safe,False,2024-12-28
T002,1,1,1577,585,5992,4,21,394.25,Safe,False,2024-12-29
T002,3,1,4542,782,563,13,8,349.38461538461536,Safe,False,2024-12-30
T002,2,3,4311,699,4870,427,23,10.096018735362998,Warning,False,2024-12-31
T002,5,3,1239,894,4056,122,13,10.155737704918034,Warning,False,2025-01-01
T002,3,1,3023,167,2748,207,25,14.603864734299517,Warning,False,2025-01-02
T002,3,3,4231,713,4715,155,16,27.296774193548387,Safe,False,2025-01-03
T002,1,2,759,839,2862,388,1,1.9561855670103092,Critical,True,2025-01-04
T002,4,2,4181,613,4285,466,2,8.972103004291846,Safe,False,2025-01-05
T002,5,1,4602,633,3969,338,14,13.615384615384615,Warning,False,2025-01-06
T002,2,1,1712,221,5265,283,2,6.049469964664311,Safe,False,2025-01-07
T002,2,2,267,370,3138,61,4,4.377049180327869,Critical,True,2025-01-08
T002,1,1,1316,100,577,61,8,21.57377049180328,Safe,False,2025-01-09
T002,2,2,3066,548,4514,123,25,24.926829268292682,Warning,False,2025-01-10
T002,4,3,4815,595,5296,378,5,12.738095238095237,Safe,False,2025-01-11
T002,3,3,1535,956,1088,220,7,6.9772727272727275,Warning,False,2025-01-12
T002,5,3,1557,233,5849,207,28,7.521739130434782,Warning,False,2025-01-13
T002,3,1,2785,872,4241,354,27,7.867231638418079,Warning,False,2025-01-14
T002,1,3,1540,795,4671,531,3,2.9001883239171375,Warning,False,2025-01-15
T002,3,2,2983,721,2525,297,14,10.043771043771043,Warning,False,2025-01-16
T002,4,2,2296,834,2405,485,7,4.734020618556701,Warning,False,2025-01-17
T002,2,2,587,813,2444,34,16,17.264705882352942,Critical,True,2025-01-18
T002,5,2,2474,211,4399,376,26,6.579787234042553,Warning,False,2025-01-19
T002,4,2,2442,742,5268,90,17,27.133333333333333,Safe,False,2025-01-20
T002,1,3,2398,825,992,167,17,14.359281437125748,Warning,False,2025-01-21
T002,5,2,153,58,5874,462,19,0.33116883116883117,Warning,False,2025-01-22
T002,3,3,880,385,4292,460,10,1.9130434782608696,Warning,False,2025-01-23
T002,1,2,3559,977,5606,430,26,8.276744186046512,Warning,False,2025-01-24
T002,3,1,226,639,4192,28,1,8.071428571428571,Critical,True,2025-01-25
T002,4,3,1746,589,1638,38,16,45.94736842105263,Safe,False,2025-01-26
T002,4,1,2599,645,4607,116,22,22.405172413793103,Safe,False,2025-01-27
T002,1,3,4687,721,2819,486,17,9.6440329218107,Warning,False,2025-01-28
T002,2,3,2115,328,5901,395,11,5.3544303797468356,Warning,False,2025-01-29
T002,1,1,4995,978,5385,504,5,9.910714285714286,Safe,False,2025-01-30
T002,2,2,2580,303,2698,168,8,15.357142857142858,Safe,False,2025-01-31
T002,1,2,3990,15,1262,244,24,16.352459016393443,Warning,False,2025-02-01
T002,1,2,114,619,2383,7,18,16.285714285714285,Critical,True,2025-02-02
T002,5,2,1503,65,4704,265,9,5.6716981132075475,Warning,False,2025-02-03
T002,2,3,3573,486,5052,476,7,7.506302521008403,Safe,False,2025-02-04
T002,2,2,76,440,1359,451,14,0.16851441241685144,Critical,True,2025-02-05
T002,4,3,1163,48,5072,498,6,2.3353413654618476,Warning,False,2025-02-06
T002,3,3,4214,571,3291,263,18,16.022813688212928,Warning,False,2025-02-07
T002,4,3,5357,274,4699,43,6,124.5813953488372,Safe,False,2025-02-08
T002,2,1,284,644,599,424,5,0.6698113207547169,Critical,True,2025-02-09
T002,5,1,3029,203,4989,348,3,8.704022988505747,Safe,False,2025-02-10
T002,2,2,2511,332,1386,228,23,11.013157894736842,Warning,False,2025-02-11
T002,3,3,2413,72,1320,81,29,29.790123456790123,Safe,False,2025-02-12
T002,3,2,2614,26,3871,252,27,10.373015873015873,Warning,False,2025-02-13
T002,1,1,1613,199,3397,546,18,2.9542124542124544,Warning,False,2025-02-14
T002,5,1,5474,204,2318,479,28,11.427974947807932,Warning,False,2025-02-15
T002,4,1,2127,277,1962,32,2,66.46875,Safe,False,2025-02-16
T002,5,3,1367,425,1855,440,28,3.106818181818182,Warning,False,2025-02-17
T002,1,1,2108,404,3520,215,8,9.804651162790698,Safe,False,2025-02-18
T002,2,1,167,30,2817,41,14,4.073170731707317,Warning,False,2025-02-19
T002,3,2,1846,110,1468,150,26,12.306666666666667,Warning,False,2025-02-20
T002,2,2,2427,792,732,513,6,4.730994152046784,Warning,False,2025-02-21
T002,2,2,1053,642,3717,176,5,5.982954545454546,Safe,False,2025-02-22
T002,1,2,155,62,5790,189,27,0.8201058201058201,Warning,False,2025-02-23
T002,4,1,2080,465,3872,46,18,45.21739130434783,Safe,False,2025-02-24
T002,2,1,5202,679,3798,510,16,10.2,Warning,False,2025-02-25
T002,3,3,1647,911,2239,314,22,5.245222929936306,Warning,False,2025-02-26
T002,3,1,3265,280,3403,421,8,7.755344418052257,Warning,False,2025-02-27
T002,4,2,1262,636,5434,201,9,6.278606965174129,Warning,False,2025-02-28
T002,4,3,2123,760,4130,340,19,6.2441176470588236,Warning,False,2025-03-01
T002,1,3,4715,985,543,131,21,35.99236641221374,Safe,False,2025-03-02
T002,5,1,3126,829,1077,188,26,16.627659574468087,Warning,False,2025-03-03
T002,3,1,1429,42,3522,274,8,5.2153284671532845,Warning,False,2025-03-04
T002,2,3,4344,417,4953,458,3,9.48471615720524,Safe,False,2025-03-05
T002,1,3,5350,771,2669,96,9,55.729166666666664,Safe,False,2025-03-06
T002,4,3,4014,869,5795,64,19,62.71875,Safe,False,2025-03-07
T002,2,1,1186,784,3744,549,18,2.1602914389799635,Warning,False,2025-03-08
T002,5,2,1943,723,3325,26,9,74.73076923076923,Safe,False,2025-03-09
T002,4,3,4357,130,1015,138,8,31.57246376811594,Safe,False,2025-03-10
T002,5,1,2669,75,1917,358,2,7.455307262569832,Safe,False,2025-03-11
T002,5,3,3721,85,4719,72,4,51.68055555555556,Safe,False,2025-03-12
T002,3,1,661,865,3055,442,27,1.495475113122172,Critical,True,2025-03-13
T002,3,1,424,518,5654,219,22,1.9360730593607305,Critical,True,2025-03-14
T002,5,1,4366,720,4050,76,16,57.44736842105263,Safe,False,2025-03-15
T002,3,1,4324,818,5914,224,25,19.303571428571427,Warning,False,2025-03-16
T002,4,3,783,710,2754,529,18,1.4801512287334593,Warning,False,2025-03-17
T002,5,2,1420,46,3410,230,20,6.173913043478261,Warning,False,2025-03-18
T002,5,3,932,918,4006,426,26,2.187793427230047,Warning,False,2025-03-19
T002,1,3,2036,941,641,223,2,9.130044843049328,Safe,False,2025-03-20
T002,1,2,3869,72,1355,466,11,8.302575107296137,Warning,False,2025-03-21
T002,1,1,3290,463,1305,184,19,17.880434782608695,Warning,False,2025-03-22
T002,1,2,3266,840,4433,483,8,6.761904761904762,Warning,False,2025-03-23
T002,2,3,4228,452,4321,278,12,15.20863309352518,Safe,False,2025-03-24
T002,1,1,336,598,3918,114,6,2.9473684210526314,Critical,True,2025-03-25
T002,4,3,1524,540,582,273,27,5.582417582417582,Warning,False,2025-03-26
T002,2,1,1756,394,4554,142,9,12.366197183098592,Safe,False,2025-03-27
T002,4,3,1900,11,5114,293,6,6.484641638225256,Safe,False,2025-03-28
T002,1,1,4621,734,2110,84,20,55.01190476190476,Safe,False,2025-03-29
T002,5,3,503,727,3061,472,3,1.0656779661016949,Critical,True,2025-03-30
T002,2,1,1574,612,4029,58,22,27.137931034482758,Safe,False,2025-03-31
T002,5,2,1827,122,4772,231,5,7.909090909090909,Safe,False,2025-04-01
T002,4,3,2155,117,754,393,25,5.483460559796438,Warning,False,2025-04-02
T002,4,2,4728,159,5767,398,2,11.879396984924623,Safe,False,2025-04-03
T002,2,1,3805,600,3381,194,1,19.61340206185567,Safe,False,2025-04-04
T002,4,1,3595,279,2535,218,25,16.490825688073393,Warning,False,2025-04-05
T002,2,2,4630,77,2264,539,14,8.589981447124304,Warning,False,2025-04-06
T002,4,1,1777,883,1431,54,16,32.907407407407405,Safe,False,2025-04-07
T002,5,1,3347,411,2813,465,25,7.197849462365592,Warning,False,2025-04-08
T002,3,1,5107,271,5341,41,5,124.5609756097561,Safe,False,2025-04-09
T002,1,2,2706,36,513,428,1,6.322429906542056,Safe,False,2025-04-10
T002,1,3,4674,713,5033,277,5,16.873646209386283,Safe,False,2025-04-11
T002,3,3,3728,421,5580,548,29,6.802919708029197,Warning,False,2025-04-12
T002,3,3,398,759,1278,224,19,1.7767857142857142,Critical,True,2025-04-13
T002,2,1,1498,947,4717,44,24,34.04545454545455,Safe,False,2025-04-14
T002,4,1,465,535,1823,244,21,1.9057377049180328,Critical,True,2025-04-15
T002,5,2,971,823,4185,260,5,3.7346153846153847,Warning,False,2025-04-16
T002,1,2,2335,442,4764,210,6,11.119047619047619,Safe,False,2025-04-17
T002,3,2,4503,578,1768,191,15,23.57591623036649,Safe,False,2025-04-18
T002,3,2,3320,68,5379,506,23,6.561264822134388,Warning,False,2025-04-19
T002,3,1,4722,27,1538,329,16,14.35258358662614,Warning,False,2025-04-20
T002,4,2,1098,224,3017,177,20,6.203389830508475,Warning,False,2025-04-21
T002,5,2,2809,873,500,425,13,6.609411764705882,Warning,False,2025-04-22
T002,3,2,4611,995,5911,261,8,17.666666666666668,Safe,False,2025-04-23
T002,5,3,4599,230,3970,194,1,23.70618556701031,Safe,False,2025-04-24
T002,1,1,2538,215,2298,179,26,14.17877094972067,Warning,False,2025-04-25
T002,2,2,1348,401,1100,329,21,4.09726443768997,Warning,False,2025-04-26
T002,2,1,2375,292,4074,329,21,7.218844984802431,Warning,False,2025-04-27
T002,1,2,1380,283,5623,402,27,3.4328358208955225,Warning,False,2025-04-28
T002,2,3,5137,718,1848,223,6,23.03587443946188,Safe,False,2025-04-29
T002,3,3,5117,565,1625,470,11,10.88723404255319,Warning,False,2025-04-30
T002,4,1,2429,441,2447,278,25,8.737410071942445,Warning,False,2025-05-01
T002,2,2,802,744,5222,256,12,3.1328125,Warning,False,2025-05-02
T002,1,3,1439,135,2525,52,22,27.673076923076923,Safe,False,2025-05-03
T002,4,2,2146,358,925,537,29,3.996275605214153,Warning,False,2025-05-04
T002,1,2,3341,515,5377,510,7,6.550980392156863,Warning,False,2025-05-05
T002,3,3,708,850,1637,121,2,5.851239669421488,Critical,True,2025-05-06
T002,1,3,1690,708,2949,241,21,7.012448132780083,Warning,False,2025-05-07
T002,3,3,166,805,862,117,14,1.4188034188034189,Critical,True,2025-05-08
T002,2,1,2721,16,1470,45,16,60.46666666666667,Safe,False,2025-05-09
T002,4,1,4763,913,4919,120,16,39.69166666666667,Safe,False,2025-05-10
T002,5,1,2345,703,5903,406,12,5.775862068965517,Warning,False,2025-05-11
T002,4,1,1140,897,4528,371,22,3.07277628032345,Warning,False,2025-05-12
T002,5,3,630,514,5251,471,4,1.3375796178343948,Warning,False,2025-05-13
T002,2,3,2990,36,1246,384,10,7.786458333333333,Warning,False,2025-05-14
T002,1,3,3587,645,4262,494,23,7.261133603238866,Warning,False,2025-05-15
T002,3,2,2704,725,840,70,25,38.628571428571426,Safe,False,2025-05-16
T002,3,3,4418,815,1064,50,24,88.36,Safe,False,2025-05-17
T002,3,3,3629,103,2445,420,5,8.64047619047619,Safe,False,2025-05-18
T002,2,3,4503,443,4768,144,29,31.270833333333332,Safe,False,2025-05-19
T002,2,3,4501,542,4677,25,27,180.04,Safe,False,2025-05-20
T002,5,3,5205,487,1145,419,24,12.422434367541767,Warning,False,2025-05-21
T002,4,1,3587,897,1211,450,25,7.971111111111111,Warning,False,2025-05-22
T002,4,1,5346,450,4851,472,18,11.326271186440678,Warning,False,2025-05-23
T002,1,3,3940,967,3921,374,21,10.53475935828877,Warning,False,2025-05-24
T002,5,2,3136,449,606,245,6,12.8,Safe,False,2025-05-25
T002,2,2,2713,742,1254,508,22,5.340551181102362,Warning,False,2025-05-26
T002,2,2,1756,161,2127,431,15,4.0742459396751745,Warning,False,2025-05-27
T002,3,2,902,707,5780,233,20,3.871244635193133,Warning,False,2025-05-28
T002,5,3,1596,659,1437,251,9,6.3585657370517925,Warning,False,2025-05-29
T002,5,2,138,650,3782,341,4,0.4046920821114369,Critical,True,2025-05-30
T002,2,1,2218,624,5009,351,6,6.319088319088319,Safe,False,2025-05-31
T002,5,2,3490,413,4582,455,4,7.670329670329671,Safe,False,2025-06-01
T002,3,2,4465,465,5984,234,21,19.081196581196583,Warning,False,2025-06-02
T002,3,2,4554,60,3197,10,7,455.4,Safe,False,2025-06-03
T002,2,2,4142,560,4650,505,2,8.201980198019802,Safe,False,2025-06-04
T002,2,1,2607,973,3452,328,26,7.948170731707317,Warning,False,2025-06-05
T002,5,2,4321,774,2709,461,10,9.373101952277658,Warning,False,2025-06-06
T002,5,1,4847,424,1029,193,13,25.1139896373057,Safe,False,2025-06-07
T002,4,2,1062,559,5093,491,24,2.1629327902240325,Warning,False,2025-06-08
T002,5,1,5213,962,2979,224,23,23.272321428571427,Safe,False,2025-06-09
T002,5,3,3593,904,4100,279,6,12.878136200716845,Safe,False,2025-06-10
T002,1,1,2728,655,3634,221,3,12.343891402714933,Safe,False,2025-06-11
T002,2,1,785,69,5435,130,26,6.038461538461538,Warning,False,2025-06-12
T002,5,2,1475,986,4594,343,28,4.300291545189505,Warning,False,2025-06-13
T002,1,1,220,484,1610,517,15,0.425531914893617,Critical,True,2025-06-14
T002,5,1,4063,455,3055,270,20,15.048148148148147,Warning,False,2025-06-15
T002,2,1,1422,809,1789,76,6,18.710526315789473,Safe,False,2025-06-16
T002,4,2,5267,976,4514,334,27,15.769461077844312,Warning,False,2025-06-17
T002,3,3,1802,355,5248,9,25,200.22222222222223,Safe,False,2025-06-18
T002,2,3,2686,213,5708,274,29,9.802919708029197,Warning,False,2025-06-19
T002,2,2,3317,667,1897,344,29,9.642441860465116,Warning,False,2025-06-20
T002,1,3,2764,41,2954,95,4,29.094736842105263,Safe,False,2025-06-21
T002,1,2,886,681,3105,96,16,9.229166666666666,Warning,False,2025-06-22
T002,1,2,4162,94,2325,360,2,11.561111111111112,Safe,False,2025-06-23
T002,4,1,4134,100,1202,22,26,187.9090909090909,Safe,False,2025-06-24
T002,1,2,1509,49,3385,189,23,7.984126984126984,Warning,False,2025-06-25
T002,2,3,3116,767,5233,360,11,8.655555555555555,Warning,False,2025-06-26
T002,1,2,396,188,5696,388,8,1.0206185567010309,Warning,False,2025-06-27
T002,5,1,2961,596,1181,394,9,7.5152284263959395,Warning,False,2025-06-28
T002,5,1,4304,304,2944,377,18,11.416445623342176,Warning,False,2025-06-29
T002,3,3,386,590,4281,398,26,0.9698492462311558,Critical,True,2025-06-30
T002,5,3,2223,389,2269,306,8,7.264705882352941,Warning,False,2025-07-01
T002,3,3,1528,561,3237,270,20,5.659259259259259,Warning,False,2025-07-02
T002,5,1,2215,137,4405,154,8,14.383116883116884,Safe,False,2025-07-03
T002,4,2,1351,217,2942,189,10,7.148148148148148,Warning,False,2025-07-04
T002,3,2,4129,23,4794,75,21,55.053333333333335,Safe,False,2025-07-05
T002,5,1,3000,173,2655,248,2,12.096774193548388,Safe,False,2025-07-06
T002,3,2,5257,496,5318,455,18,11.553846153846154,Warning,False,2025-07-07
T002,3,2,513,901,5223,447,25,1.1476510067114094,Critical,True,2025-07-08
T002,5,2,2059,405,5050,231,29,8.913419913419913,Warning,False,2025-07-09
T002,2,1,3794,369,3482,359,11,10.56824512534819,Warning,False,2025-07-10
T002,1,2,4666,341,5310,264,13,17.674242424242426,Safe,False,2025-07-11
T002,3,3,1953,832,4339,524,16,3.7270992366412212,Warning,False,2025-07-12
T002,3,1,619,430,4955,284,3,2.1795774647887325,Warning,False,2025-07-13
T002,3,1,3986,92,2332,178,1,22.39325842696629,Safe,False,2025-07-14
T002,1,2,2709,213,540,468,25,5.788461538461538,Warning,False,2025-07-15
T002,3,3,3564,701,4690,400,22,8.91,Warning,False,2025-07-16
T002,3,1,2829,172,4591,114,6,24.81578947368421,Safe,False,2025-07-17
T002,5,2,1198,964,2646,275,20,4.356363636363636,Warning,False,2025-07-18
T002,2,1,1404,90,5167,189,1,7.428571428571429,Safe,False,2025-07-19
T002,4,1,4181,550,3149,57,18,73.35087719298245,Safe,False,2025-07-20
T002,4,1,172,403,2447,535,24,0.32149532710280376,Critical,True,2025-07-21
T002,1,3,4842,879,1196,386,15,12.544041450777202,Warning,False,2025-07-22
T002,4,3,1834,18,5550,514,21,3.568093385214008,Warning,False,2025-07-23
T002,2,3,3639,155,1811,483,27,7.53416149068323,Warning,False,2025-07-24
T002,4,3,3447,762,3364,510,5,6.758823529411765,Safe,False,2025-07-25
T002,2,3,529,246,2674,278,5,1.9028776978417266,Warning,False,2025-07-26
T002,2,3,924,230,4983,339,13,2.725663716814159,Warning,False,2025-07-27
T002,5,2,4970,675,4916,473,13,10.50739957716702,Warning,False,2025-07-28
T002,4,3,2275,360,5099,256,5,8.88671875,Safe,False,2025-07-29
T002,3,3,4325,133,2203,385,16,11.233766233766234,Warning,False,2025-07-30
T002,1,1,3791,111,5632,146,6,25.965753424657535,Safe,False,2025-07-31
T002,3,1,4413,709,3400,204,23,21.63235294117647,Warning,False,2025-08-01
T002,4,3,968,389,4031,476,25,2.033613445378151,Warning,False,2025-08-02
T002,4,3,4319,69,4966,415,14,10.407228915662651,Warning,False,2025-08-03
T002,3,1,4370,196,5539,540,21,8.092592592592593,Warning,False,2025-08-04
T002,5,1,2497,284,4909,446,21,5.598654708520179,Warning,False,2025-08-05
T002,4,1,848,534,2697,300,27,2.8266666666666667,Warning,False,2025-08-06
T002,5,1,2572,907,4448,59,29,43.59322033898305,Safe,False,2025-08-07
T002,1,1,273,293,1024,517,8,0.528046421663443,Critical,True,2025-08-08
T002,4,1,343,532,1157,215,15,1.5953488372093023,Critical,True,2025-08-09
T002,3,1,3909,973,2147,446,24,8.76457399103139,Warning,False,2025-08-10
T002,5,2,4645,967,2997,543,21,8.554327808471454,Warning,False,2025-08-11
T002,1,3,2740,794,1817,485,6,5.649484536082475,Warning,False,2025-08-12
T002,2,3,571,293,1291,450,8,1.268888888888889,Warning,False,2025-08-13
T002,1,1,2099,646,5505,330,5,6.36060606060606,Safe,False,2025-08-14
T002,5,3,1362,784,636,375,16,3.632,Warning,False,2025-08-15
T002,4,1,367,522,2758,262,10,1.400763358778626,Critical,True,2025-08-16
T002,4,2,1122,17,4353,211,6,5.317535545023697,Warning,False,2025-08-17
T002,2,2,1747,675,3962,18,26,97.05555555555556,Safe,False,2025-08-18
T002,5,3,2771,77,911,389,2,7.123393316195373,Safe,False,2025-08-19
T002,4,2,1989,837,3737,309,21,6.436893203883495,Warning,False,2025-08-20
T002,4,1,4509,770,919,380,1,11.865789473684211,Safe,False,2025-08-21
T002,5,2,1748,382,4238,397,2,4.403022670025189,Safe,False,2025-08-22
T002,1,1,177,521,1472,101,20,1.7524752475247525,Critical,True,2025-08-23
T002,3,3,2012,430,2849,350,10,5.748571428571428,Warning,False,2025-08-24
T002,1,1,5214,438,4420,145,3,35.95862068965517,Safe,False,2025-08-25
T002,5,3,5460,735,3886,444,17,12.297297297297296,Warning,False,2025-08-26
T002,1,3,2234,635,3314,155,24,14.412903225806451,Warning,False,2025-08-27
T002,4,1,2847,768,1246,127,27,22.41732283464567,Warning,False,2025-08-28
T002,5,3,4591,521,1468,331,19,13.870090634441087,Warning,False,2025-08-29
T002,4,3,2065,210,3012,364,26,5.673076923076923,Warning,False,2025-08-30
T002,4,2,395,633,3817,433,27,0.9122401847575058,Critical,True,2025-08-31
T002,4,2,4308,176,3441,211,11,20.417061611374407,Safe,False,2025-09-01
T002,1,1,3840,948,5566,525,17,7.314285714285714,Warning,False,2025-09-02
T002,3,1,4330,686,2435,411,18,10.535279805352799,Warning,False,2025-09-03
T002,2,3,4777,78,986,193,9,24.751295336787564,Safe,False,2025-09-04
T002,3,2,195,101,5452,246,29,0.7926829268292683,Warning,False,2025-09-05
T002,2,3,243,791,3380,519,18,0.4682080924855491,Critical,True,2025-09-06
T002,5,1,1273,663,4558,438,27,2.906392694063927,Warning,False,2025-09-07
T002,3,1,4629,947,3464,77,18,60.116883116883116,Safe,False,2025-09-08
T002,2,2,3656,338,5603,191,6,19.141361256544503,Safe,False,2025-09-09
T002,4,3,1422,656,3747,538,10,2.643122676579926,Warning,False,2025-09-10
T002,5,2,5374,360,2994,150,7,35.82666666666667,Safe,False,2025-09-11
T002,3,1,3258,150,4949,328,13,9.932926829268293,Warning,False,2025-09-12
T002,1,1,4743,620,3596,122,7,38.877049180327866,Safe,False,2025-09-13
T002,5,2,4265,909,3270,441,16,9.671201814058957,Warning,False,2025-09-14
T002,4,2,3854,242,5948,197,25,19.563451776649746,Warning,False,2025-09-15
T002,4,3,4245,538,3771,326,2,13.021472392638037,Safe,False,2025-09-16
T002,4,2,4346,271,797,40,15,108.65,Safe,False,2025-09-17
T002,2,3,4324,562,1847,399,6,10.837092731829573,Safe,False,2025-09-18
T002,3,1,2698,449,3699,314,10,8.59235668789809,Warning,False,2025-09-19
T002,5,2,2583,935,4203,130,6,19.869230769230768,Safe,False,2025-09-20
T002,3,2,3126,703,4831,90,7,34.733333333333334,Safe,False,2025-09-21
T002,3,3,362,288,5644,42,12,8.619047619047619,Warning,False,2025-09-22
T002,2,3,1316,367,4168,2,26,658.0,Safe,False,2025-09-23
T002,2,3,4358,545,4002,513,17,8.495126705653021,Warning,False,2025-09-24
T002,4,1,4043,261,5140,316,20,12.794303797468354,Warning,False,2025-09-25
T002,3,2,3695,900,5398,38,27,97.23684210526316,Safe,False,2025-09-26
T002,2,2,5471,942,1360,410,24,13.34390243902439,Warning,False,2025-09-27
T002,4,3,952,757,728,4,19,238.0,Safe,False,2025-09-28
T002,5,1,1902,197,5446,460,26,4.1347826086956525,Warning,False,2025-09-29
T002,2,2,2974,44,1579,189,17,15.735449735449736,Warning,False,2025-09-30
T002,2,1,2278,976,3095,381,10,5.979002624671916,Warning,False,2025-10-01
T002,5,3,946,400,855,2,11,473.0,Safe,False,2025-10-02
T002,5,3,618,354,5849,391,10,1.5805626598465474,Warning,False,2025-10-03
T002,2,1,3300,598,2903,485,10,6.804123711340206,Warning,False,2025-10-04
T002,5,1,5367,27,5410,337,8,15.925816023738873,Safe,False,2025-10-05
T002,5,1,3508,617,591,114,27,30.771929824561404,Safe,False,2025-10-06
T002,4,1,4876,570,2610,327,24,14.91131498470948,Warning,False,2025-10-07
T002,2,1,3185,815,997,91,23,35.0,Safe,False,2025-10-08
T002,5,1,2241,10,2799,46,11,48.71739130434783,Safe,False,2025-10-09
T002,4,3,4557,468,3138,342,12,13.324561403508772,Safe,False,2025-10-10
T002,2,1,1470,635,5470,517,8,2.8433268858800775,Warning,False,2025-10-11
T002,2,1,4817,886,4647,194,28,24.829896907216494,Warning,False,2025-10-12
T002,2,2,3968,14,1402,102,1,38.90196078431372,Safe,False,2025-10-13
T002,5,3,4854,617,3227,422,23,11.502369668246445,Warning,False,2025-10-14
T002,5,3,3805,966,3040,495,1,7.686868686868687,Safe,False,2025-10-15
T002,3,3,3213,649,800,328,3,9.795731707317072,Safe,False,2025-10-16
T002,4,1,1510,532,2366,324,23,4.660493827160494,Warning,False,2025-10-17
T002,3,1,5146,807,3281,437,16,11.775743707093822,Warning,False,2025-10-18
T002,4,1,5083,875,1346,229,9,22.19650655021834,Safe,False,2025-10-19
T002,1,1,617,883,1652,454,16,1.3590308370044053,Critical,True,2025-10-20
T002,3,2,3002,250,3828,310,25,9.683870967741935,Warning,False,2025-10-21
T002,2,1,4858,535,2408,277,23,17.537906137184116,Warning,False,2025-10-22
T002,1,1,352,285,2617,267,20,1.3183520599250935,Warning,False,2025-10-23
T002,1,2,2396,51,5293,59,15,40.610169491525426,Safe,False,2025-10-24
T002,1,1,547,214,1810,518,3,1.055984555984556,Warning,False,2025-10-25
T002,4,1,4971,438,3334,211,4,23.55924170616114,Safe,False,2025-10-26
T002,5,2,102,61,5214,383,2,0.26631853785900783,Warning,False,2025-10-27
T002,5,1,4234,117,516,86,11,49.23255813953488,Safe,False,2025-10-28
T002,1,1,2896,154,2411,178,5,16.269662921348313,Safe,False,2025-10-29
T002,5,1,3751,514,3909,509,1,7.369351669941061,Safe,False,2025-10-30
T002,2,3,3224,764,5823,411,25,7.844282238442823,Warning,False,2025-10-31
T002,5,1,3176,943,2557,432,19,7.351851851851852,Warning,False,2025-11-01
T002,4,1,5046,536,2429,217,7,23.253456221198157,Safe,False,2025-11-02
T002,1,1,2946,686,1600,52,24,56.65384615384615,Safe,False,2025-11-03
T002,3,3,1155,124,2228,131,13,8.816793893129772,Warning,False,2025-11-04
T002,2,2,4463,142,5851,376,16,11.86968085106383,Warning,False,2025-11-05
T002,3,2,5432,313,2448,191,27,28.43979057591623,Safe,False,2025-11-06
T002,1,1,2684,906,2282,525,24,5.112380952380953,Warning,False,2025-11-07
T002,1,2,4477,827,3393,307,25,14.583061889250814,Warning,False,2025-11-08
T002,3,1,3956,943,5451,298,17,13.275167785234899,Warning,False,2025-11-09
T002,1,3,4147,264,3502,283,19,14.653710247349823,Warning,False,2025-11-10
T002,1,2,3158,469,3181,479,14,6.592901878914405,Warning,False,2025-11-11
T002,1,3,4937,822,3983,535,2,9.22803738317757,Safe,False,2025-11-12
T002,5,2,330,591,2399,201,23,1.6417910447761195,Critical,True,2025-11-13
T002,5,3,4088,370,4749,197,4,20.751269035532996,Safe,False,2025-11-14
T002,4,3,2939,504,2060,433,27,6.787528868360277,Warning,False,2025-11-15
T002,3,1,1777,794,4345,319,7,5.570532915360501,Warning,False,2025-11-16
T002,2,1,208,282,5654,270,8,0.7703703703703704,Critical,True,2025-11-17
T002,3,2,2482,788,576,45,26,55.15555555555556,Safe,False,2025-11-18
T002,3,3,415,527,3759,186,21,2.2311827956989245,Critical,True,2025-11-19
T002,4,2,4061,929,4127,268,17,15.152985074626866,Warning,False,2025-11-20
T002,5,1,787,953,1475,431,25,1.825986078886311,Critical,True,2025-11-21
T002,2,3,596,589,1327,452,3,1.3185840707964602,Warning,False,2025-11-22
T002,2,1,959,176,3849,174,29,5.511494252873563,Warning,False,2025-11-23
T002,4,2,428,284,2048,479,11,0.8935281837160751,Warning,False,2025-11-24
T002,1,3,2498,104,3428,205,20,12.185365853658537,Warning,False,2025-11-25
T002,3,1,1596,474,1145,20,3,79.8,Safe,False,2025-11-26
T002,3,3,594,809,2160,140,25,4.242857142857143,Critical,True,2025-11-27
T002,2,3,1027,436,2827,294,1,3.493197278911565,Safe,False,2025-11-28
T002,3,2,4544,57,3363,330,7,13.76969696969697,Safe,False,2025-11-29
T002,2,1,991,287,2542,492,14,2.0142276422764227,Warning,False,2025-11-30
T002,5,3,2582,65,4346,249,7,10.369477911646586,Safe,False,2025-12-01
T002,5,2,2912,340,568,495,26,5.8828282828282825,Warning,False,2025-12-02
T002,2,1,1019,118,5821,254,28,4.011811023622047,Warning,False,2025-12-03
T002,4,2,4236,41,5539,420,16,10.085714285714285,Warning,False,2025-12-04
T002,3,1,1752,605,3278,304,6,5.7631578947368425,Warning,False,2025-12-05
T002,2,3,3359,76,5071,244,14,13.76639344262295,Warning,False,2025-12-06
T002,4,2,4950,157,1796,430,10,11.511627906976743,Safe,False,2025-12-07
T002,5,1,1718,169,2262,7,24,245.42857142857142,Safe,False,2025-12-08
T002,3,2,2098,892,5745,217,20,9.668202764976959,Warning,False,2025-12-09
T002,3,3,1188,797,1552,496,23,2.3951612903225805,Warning,False,2025-12-10
T002,5,3,1588,817,4880,273,25,5.816849816849817,Warning,False,2025-12-11
T002,1,1,5404,945,3173,468,14,11.547008547008547,Warning,False,2025-12-12
T002,2,1,4063,583,3149,538,22,7.552044609665428,Warning,False,2025-12-13
T002,4,1,2375,619,1657,512,14,4.638671875,Warning,False,2025-12-14
T002,4,3,3988,950,2102,361,3,11.047091412742382,Safe,False,2025-12-15
T002,1,2,2812,254,1215,468,25,6.0085470085470085,Warning,False,2025-12-16
T002,4,1,5437,758,3137,309,10,17.59546925566343,Safe,False,2025-12-17
T002,4,2,1444,448,3244,238,2,6.067226890756302,Safe,False,2025-12-18
T002,3,3,1173,744,2577,199,27,5.894472361809045,Warning,False,2025-12-19
T002,2,2,4591,132,5045,417,14,11.009592326139089,Warning,False,2025-12-20
T002,3,1,3860,497,5937,166,21,23.253012048192772,Safe,False,2025-12-21
T002,5,1,5073,200,5084,46,1,110.28260869565217,Safe,False,2025-12-22
T002,3,1,1909,214,3726,289,26,6.6055363321799305,Warning,False,2025-12-23
T002,1,3,3722,922,1499,133,29,27.984962406015036,Warning,False,2025-12-24
T002,2,3,1486,90,2971,228,15,6.517543859649122,Warning,False,2025-12-25
T002,1,3,4128,520,605,57,5,72.42105263157895,Safe,False,2025-12-26
T002,2,2,3322,144,4973,185,8,17.956756756756757,Safe,False,2025-12-27
T002,2,1,5053,462,4856,28,17,180.46428571428572,Safe,False,2025-12-28
T002,2,3,2734,823,2932,35,10,78.11428571428571,Safe,False,2025-12-29
T002,4,3,1595,990,767,164,13,9.725609756097562,Warning,False,2025-12-30
T002,3,1,3024,516,679,162,18,18.666666666666668,Safe,False,2025-12-31
T002,4,1,2286,680,1111,321,5,7.121495327102804,Safe,False,2026-01-01
T002,4,1,1750,598,1464,529,17,3.3081285444234405,Warning,False,2026-01-02
T002,3,2,3171,901,1232,234,17,13.551282051282051,Warning,False,2026-01-03
T002,1,2,1438,703,5508,98,26,14.673469387755102,Warning,False,2026-01-04
T002,2,3,176,427,5480,529,17,0.332703213610586,Critical,True,2026-01-05
T002,1,2,2990,612,1594,101,4,29.603960396039604,Safe,False,2026-01-06
T002,1,3,1214,412,3308,331,9,3.6676737160120845,Warning,False,2026-01-07
T002,5,1,4387,144,2643,393,23,11.162849872773537,Warning,False,2026-01-08
T002,4,2,2030,642,1526,514,3,3.9494163424124515,Safe,False,2026-01-09
T002,2,3,196,140,5104,166,1,1.180722891566265,Safe,False,2026-01-10
T002,3,3,2128,164,3814,531,26,4.007532956685499,Warning,False,2026-01-11
T002,1,2,2638,248,4405,458,7,5.759825327510917,Warning,False,2026-01-12
T002,5,3,1441,291,2773,197,22,7.314720812182741,Warning,False,2026-01-13
T002,5,1,4419,535,1946,302,29,14.632450331125828,Warning,False,2026-01-14
T002,1,3,2998,969,3128,87,23,34.45977011494253,Safe,False,2026-01-15
T002,1,1,3361,741,2386,9,28,373.44444444444446,Safe,False,2026-01-16
T002,5,2,2587,584,5615,13,26,199.0,Safe,False,2026-01-17
T002,4,2,3434,67,2883,211,18,16.274881516587676,Warning,False,2026-01-18
T002,5,3,4298,303,5747,223,5,19.27354260089686,Safe,False,2026-01-19
T002,5,2,2762,951,4873,486,5,5.683127572016461,Safe,False,2026-01-20
T002,5,2,1845,415,4461,346,3,5.332369942196531,Safe,False,2026-01-21
T002,4,1,1166,117,5991,43,26,27.11627906976744,Safe,False,2026-01-22
T002,4,1,1432,514,1626,187,12,7.657754010695188,Warning,False,2026-01-23
T002,4,2,1387,847,4868,518,11,2.6776061776061777,Warning,False,2026-01-24
T002,3,2,4630,827,2550,494,3,9.37246963562753,Safe,False,2026-01-25
T002,3,3,1856,35,1201,38,12,48.8421052631579,Safe,False,2026-01-26
T002,3,1,1972,278,5730,231,13,8.536796536796537,Warning,False,2026-01-27
T002,3,2,3295,574,2836,470,21,7.01063829787234,Warning,False,2026-01-28
T002,2,3,3409,848,731,481,10,7.087318087318088,Warning,False,2026-01-29
T002,2,1,2005,953,4273,78,27,25.705128205128204,Warning,False,2026-01-30
T002,2,3,1441,775,885,145,4,9.937931034482759,Safe,False,2026-01-31
T002,1,2,2225,83,3864,468,20,4.754273504273504,Warning,False,2026-02-01
T002,2,2,2996,916,4429,418,7,7.167464114832536,Safe,False,2026-02-02
T002,1,2,3627,594,764,101,28,35.91089108910891,Safe,False,2026-02-03
T002,5,1,1958,484,3407,507,11,3.861932938856016,Warning,False,2026-02-04
T002,2,1,349,154,1524,185,17,1.8864864864864865,Warning,False,2026-02-05
T002,4,2,2177,361,663,235,9,9.263829787234043,Safe,False,2026-02-06
T002,3,3,3197,872,5810,310,26,10.312903225806451,Warning,False,2026-02-07
T002,1,2,4479,776,3496,283,6,15.826855123674912,Safe,False,2026-02-08
T002,5,2,1097,239,2186,119,16,9.218487394957982,Warning,False,2026-02-09
T002,2,1,4612,304,4213,461,27,10.004338394793926,Warning,False,2026-02-10
T002,3,3,904,186,2385,420,6,2.1523809523809523,Warning,False,2026-02-11
T002,4,3,3981,710,2807,495,19,8.042424242424243,Warning,False,2026-02-12
T003,1,1,1311,264,1018,97,17,13.515463917525773,Warning,False,2024-10-01
T003,1,1,2114,656,3556,50,12,42.28,Safe,False,2024-10-02
T003,2,1,2015,384,5562,423,6,4.763593380614657,Warning,False,2024-10-03
T003,2,2,1732,438,1131,186,15,9.311827956989248,Warning,False,2024-10-04
T003,3,3,2048,338,1013,142,12,14.422535211267606,Safe,False,2024-10-05
T003,3,2,1919,402,1715,347,26,5.530259365994237,Warning,False,2024-10-06
T003,3,3,329,210,3765,186,24,1.7688172043010753,Warning,False,2024-10-07
T003,3,2,105,502,2161,231,11,0.45454545454545453,Critical,True,2024-10-08
T003,1,1,672,751,1801,14,20,48.0,Critical,True,2024-10-09
T003,4,2,2081,28,1314,376,5,5.534574468085107,Safe,False,2024-10-10
T003,2,1,2933,12,2292,145,21,20.22758620689655,Warning,False,2024-10-11
T003,2,3,3834,207,4298,229,8,16.74235807860262,Safe,False,2024-10-12
T003,5,1,2803,231,3736,220,2,12.74090909090909,Safe,False,2024-10-13
T003,4,2,671,515,4238,207,24,3.241545893719807,Warning,False,2024-10-14
T003,4,3,4011,239,2184,178,24,22.53370786516854,Warning,False,2024-10-15
T003,2,2,2945,622,4936,374,25,7.874331550802139,Warning,False,2024-10-16
T003,4,2,396,372,3426,95,26,4.168421052631579,Warning,False,2024-10-17
T003,5,2,2048,167,3633,158,6,12.962025316455696,Safe,False,2024-10-18
T003,1,1,393,165,2450,449,23,0.8752783964365256,Warning,False,2024-10-19
T003,3,3,3669,667,3215,53,18,69.22641509433963,Safe,False,2024-10-20
T003,5,2,194,452,3288,412,17,0.470873786407767,Critical,True,2024-10-21
T003,3,1,2475,405,2109,337,17,7.344213649851632,Warning,False,2024-10-22
T003,2,2,1875,315,3900,353,1,5.311614730878187,Safe,False,2024-10-23
T003,1,3,2141,338,1419,374,19,5.724598930481283,Warning,False,2024-10-24
T003,5,1,2320,354,4914,308,4,7.532467532467533,Safe,False,2024-10-25
T003,4,2,1785,525,4644,28,2,63.75,Safe,False,2024-10-26
T003,1,2,710,634,2523,383,7,1.8537859007832898,Warning,False,2024-10-27
T003,5,1,3646,21,1823,8,21,455.75,Safe,False,2024-10-28
T003,1,3,643,835,1153,59,1,10.898305084745763,Critical,True,2024-10-29
T003,2,3,1203,444,1004,99,9,12.151515151515152,Safe,False,2024-10-30
T003,4,3,4165,665,867,423,25,9.846335697399526,Warning,False,2024-10-31
T003,3,1,2733,963,1517,238,7,11.483193277310924,Safe,False,2024-11-01
T003,3,1,742,141,1277,225,12,3.2977777777777777,Warning,False,2024-11-02
T003,3,2,1934,896,3727,214,5,9.037383177570094,Safe,False,2024-11-03
T003,5,1,4170,966,1497,45,22,92.66666666666667,Safe,False,2024-11-04
T003,1,2,590,945,5657,336,6,1.755952380952381,Critical,True,2024-11-05
T003,4,1,118,520,4602,58,8,2.0344827586206895,Critical,True,2024-11-06
T003,4,3,1990,991,3886,83,24,23.97590361445783,Warning,False,2024-11-07
T003,5,3,3183,167,5193,46,26,69.19565217391305,Safe,False,2024-11-08
T003,4,1,4083,959,5623,159,20,25.67924528301887,Safe,False,2024-11-09
T003,4,1,2757,77,4318,427,11,6.456674473067916,Warning,False,2024-11-10
T003,1,3,2300,578,3839,142,6,16.197183098591548,Safe,False,2024-11-11
T003,1,3,2078,213,2961,65,6,31.96923076923077,Safe,False,2024-11-12
T003,1,1,2467,385,5319,24,5,102.79166666666667,Safe,False,2024-11-13
T003,5,3,1238,89,5902,432,29,2.865740740740741,Warning,False,2024-11-14
T003,5,1,371,311,4676,359,11,1.033426183844011,Warning,False,2024-11-15
T003,5,1,1472,612,1687,340,26,4.329411764705882,Warning,False,2024-11-16
T003,4,1,217,89,2088,248,13,0.875,Warning,False,2024-11-17
T003,3,1,1827,235,5509,114,17,16.026315789473685,Warning,False,2024-11-18
T003,4,1,4001,21,5808,123,26,32.52845528455285,Safe,False,2024-11-19
T003,1,1,2011,513,1469,36,6,55.861111111111114,Safe,False,2024-11-20
T003,3,2,2519,143,4695,373,14,6.753351206434316,Warning,False,2024-11-21
T003,2,1,3169,936,5517,252,12,12.575396825396826,Safe,False,2024-11-22
T003,3,1,3266,196,2163,301,23,10.850498338870432,Warning,False,2024-11-23
T003,1,2,1839,590,3726,37,11,49.7027027027027,Safe,False,2024-11-24
T003,1,3,1858,325,1063,117,8,15.88034188034188,Safe,False,2024-11-25
T003,1,1,183,554,835,311,1,0.5884244372990354,Critical,True,2024-11-26
T003,1,1,411,815,2831,426,25,0.9647887323943662,Critical,True,2024-11-27
T003,2,2,1715,181,2680,258,17,6.647286821705427,Warning,False,2024-11-28
T003,3,3,1086,647,3930,383,28,2.835509138381201,Warning,False,2024-11-29
T003,2,1,916,326,2651,303,24,3.0231023102310233,Warning,False,2024-11-30
T003,4,1,1061,567,2789,343,25,3.0932944606413995,Warning,False,2024-12-01
T003,3,2,3427,295,2985,287,29,11.940766550522648,Warning,False,2024-12-02
T003,4,3,2859,260,4363,299,25,9.561872909698996,Warning,False,2024-12-03
T003,4,3,2938,165,5600,324,26,9.067901234567902,Warning,False,2024-12-04
T003,4,3,3092,753,2058,295,21,10.48135593220339,Warning,False,2024-12-05
T003,1,3,4141,805,1872,93,15,44.526881720430104,Safe,False,2024-12-06
T003,3,2,870,39,4578,423,1,2.0567375886524824,Safe,False,2024-12-07
T003,5,2,1085,136,5626,426,15,2.5469483568075115,Warning,False,2024-12-08
T003,3,1,3931,82,1409,265,4,14.833962264150943,Safe,False,2024-12-09
T003,1,1,2237,85,1729,270,23,8.285185185185185,Warning,False,2024-12-10
T003,3,2,4213,107,4741,400,16,10.5325,Warning,False,2024-12-11
T003,1,3,1311,216,978,148,9,8.858108108108109,Warning,False,2024-12-12
T003,3,1,3244,560,2310,145,4,22.372413793103448,Safe,False,2024-12-13
T003,3,1,1023,277,1252,297,5,3.4444444444444446,Warning,False,2024-12-14
T003,4,3,1454,468,5750,218,21,6.669724770642202,Warning,False,2024-12-15
T003,2,1,1457,768,527,230,15,6.334782608695652,Warning,False,2024-12-16
T003,3,2,2952,867,892,440,29,6.709090909090909,Warning,False,2024-12-17
T003,5,2,199,42,4319,361,5,0.5512465373961218,Warning,False,2024-12-18
T003,2,1,3257,700,5827,378,28,8.616402116402117,Warning,False,2024-12-19
T003,5,2,1945,50,715,223,18,8.721973094170403,Warning,False,2024-12-20
T003,3,1,4173,208,3379,349,28,11.95702005730659,Warning,False,2024-12-21
T003,1,1,2393,296,3730,36,20,66.47222222222223,Safe,False,2024-12-22
T003,3,2,1467,672,3408,380,25,3.860526315789474,Warning,False,2024-12-23
T003,4,2,292,133,4482,234,25,1.2478632478632479,Warning,False,2024-12-24
T003,1,2,3486,597,3745,382,4,9.12565445026178,Safe,False,2024-12-25
T003,5,1,2051,301,4856,53,19,38.698113207547166,Safe,False,2024-12-26
T003,3,2,3812,478,5480,436,2,8.743119266055047,Safe,False,2024-12-27
T003,3,3,3340,974,5246,117,13,28.54700854700855,Safe,False,2024-12-28
T003,1,1,1219,585,5992,4,21,304.75,Safe,False,2024-12-29
T003,3,1,3510,782,563,11,8,319.09090909090907,Safe,False,2024-12-30
T003,2,3,3331,699,4870,349,23,9.544412607449857,Warning,False,2024-12-31
T003,5,3,957,894,4056,100,13,9.57,Warning,False,2025-01-01
T003,3,1,2336,167,2748,169,25,13.822485207100591,Warning,False,2025-01-02
T003,3,3,3269,713,4715,127,16,25.74015748031496,Safe,False,2025-01-03
T003,1,2,586,839,2862,318,1,1.8427672955974843,Critical,True,2025-01-04
T003,4,2,3231,613,4285,382,2,8.458115183246074,Safe,False,2025-01-05
T003,5,1,3556,633,3969,276,14,12.884057971014492,Warning,False,2025-01-06
T003,2,1,1323,221,5265,231,2,5.7272727272727275,Safe,False,2025-01-07
T003,2,2,207,370,3138,50,4,4.14,Critical,True,2025-01-08
T003,1,1,1017,100,577,50,8,20.34,Safe,False,2025-01-09
T003,2,2,2369,548,4514,101,25,23.455445544554454,Warning,False,2025-01-10
T003,4,3,3720,595,5296,310,5,12.0,Safe,False,2025-01-11
T003,3,3,1186,956,1088,180,7,6.588888888888889,Warning,False,2025-01-12
T003,5,3,1203,233,5849,169,28,7.118343195266272,Warning,False,2025-01-13
T003,3,1,2152,872,4241,290,27,7.4206896551724135,Warning,False,2025-01-14
T003,1,3,1190,795,4671,435,3,2.735632183908046,Warning,False,2025-01-15
T003,3,2,2305,721,2525,243,14,9.48559670781893,Warning,False,2025-01-16
T003,4,2,1774,834,2405,397,7,4.468513853904282,Warning,False,2025-01-17
T003,2,2,454,813,2444,28,16,16.214285714285715,Critical,True,2025-01-18
T003,5,2,1912,211,4399,308,26,6.207792207792208,Warning,False,2025-01-19
T003,4,2,1887,742,5268,74,17,25.5,Safe,False,2025-01-20
T003,1,3,1853,825,992,137,17,13.525547445255475,Warning,False,2025-01-21
T003,5,2,118,58,5874,378,19,0.31216931216931215,Warning,False,2025-01-22
T003,3,3,680,385,4292,376,10,1.8085106382978724,Warning,False,2025-01-23
T003,1,2,2750,977,5606,352,26,7.8125,Warning,False,2025-01-24
T003,3,1,174,639,4192,22,1,7.909090909090909,Critical,True,2025-01-25
T003,4,3,1349,589,1638,32,16,42.15625,Safe,False,2025-01-26
T003,4,1,2009,645,4607,94,22,21.372340425531913,Warning,False,2025-01-27
T003,1,3,3622,721,2819,398,17,9.100502512562814,Warning,False,2025-01-28
T003,2,3,1635,328,5901,323,11,5.061919504643963,Warning,False,2025-01-29
T003,1,1,3860,978,5385,412,5,9.368932038834952,Safe,False,2025-01-30
T003,2,2,1993,303,2698,138,8,14.442028985507246,Safe,False,2025-01-31
T003,1,2,3083,15,1262,200,24,15.415,Warning,False,2025-02-01
T003,1,2,88,619,2383,5,18,17.6,Critical,True,2025-02-02
T003,5,2,1161,65,4704,217,9,5.350230414746544,Warning,False,2025-02-03
T003,2,3,2761,486,5052,390,7,7.079487179487179,Safe,False,2025-02-04
T003,2,2,59,440,1359,369,14,0.15989159891598917,Critical,True,2025-02-05
T003,4,3,898,48,5072,408,6,2.200980392156863,Warning,False,2025-02-06
T003,3,3,3256,571,3291,215,18,15.144186046511628,Warning,False,2025-02-07
T003,4,3,4140,274,4699,35,6,118.28571428571429,Safe,False,2025-02-08
T003,2,1,219,644,599,346,5,0.6329479768786127,Critical,True,2025-02-09
T003,5,1,2341,203,4989,284,3,8.242957746478874,Safe,False,2025-02-10
T003,2,2,1941,332,1386,186,23,10.435483870967742,Warning,False,2025-02-11
T003,3,3,1865,72,1320,67,29,27.83582089552239,Warning,False,2025-02-12
T003,3,2,2020,26,3871,206,27,9.805825242718447,Warning,False,2025-02-13
T003,1,1,1246,199,3397,446,18,2.7937219730941703,Warning,False,2025-02-14
T003,5,1,4230,204,2318,392,28,10.790816326530612,Warning,False,2025-02-15
T003,4,1,1644,277,1962,26,2,63.23076923076923,Safe,False,2025-02-16
T003,5,3,1057,425,1855,360,28,2.936111111111111,Warning,False,2025-02-17
T003,1,1,1629,404,3520,176,8,9.255681818181818,Safe,False,2025-02-18
T003,2,1,129,30,2817,33,14,3.909090909090909,Warning,False,2025-02-19
T003,3,2,1426,110,1468,122,26,11.688524590163935,Warning,False,2025-02-20
T003,2,2,1875,792,732,419,6,4.4749403341288785,Warning,False,2025-02-21
T003,2,2,813,642,3717,144,5,5.645833333333333,Safe,False,2025-02-22
T003,1,2,120,62,5790,155,27,0.7741935483870968,Warning,False,2025-02-23
T003,4,1,1607,465,3872,38,18,42.28947368421053,Safe,False,2025-02-24
T003,2,1,4020,679,3798,418,16,9.617224880382775,Warning,False,2025-02-25
T003,3,3,1272,911,2239,256,22,4.96875,Warning,False,2025-02-26
T003,3,1,2523,280,3403,345,8,7.3130434782608695,Warning,False,2025-02-27
T003,4,2,975,636,5434,165,9,5.909090909090909,Warning,False,2025-02-28
T003,4,3,1640,760,4130,278,19,5.899280575539568,Warning,False,2025-03-01
T003,1,3,3643,985,543,107,21,34.046728971962615,Safe,False,2025-03-02
T003,5,1,2416,829,1077,154,26,15.688311688311689,Warning,False,2025-03-03
T003,3,1,1104,42,3522,224,8,4.928571428571429,Warning,False,2025-03-04
T003,2,3,3357,417,4953,374,3,8.975935828877006,Safe,False,2025-03-05
T003,1,3,4134,771,2669,78,9,53.0,Safe,False,2025-03-06
T003,4,3,3102,869,5795,52,19,59.65384615384615,Safe,False,2025-03-07
T003,2,1,916,784,3744,449,18,2.0400890868596884,Warning,False,2025-03-08
T003,5,2,1501,723,3325,22,9,68.22727272727273,Safe,False,2025-03-09
T003,4,3,3367,130,1015,112,8,30.0625,Safe,False,2025-03-10
T003,5,1,2062,75,1917,292,2,7.061643835616438,Safe,False,2025-03-11
T003,5,3,2876,85,4719,58,4,49.58620689655172,Safe,False,2025-03-12
T003,3,1,511,865,3055,362,27,1.4116022099447514,Critical,True,2025-03-13
T003,3,1,327,518,5654,179,22,1.8268156424581006,Critical,True,2025-03-14
T003,5,1,3374,720,4050,62,16,54.41935483870968,Safe,False,2025-03-15
T003,3,1,3341,818,5914,184,25,18.157608695652176,Warning,False,2025-03-16
T003,4,3,605,710,2754,433,18,1.3972286374133949,Critical,True,2025-03-17
T003,5,2,1097,46,3410,188,20,5.835106382978723,Warning,False,2025-03-18
T003,5,3,720,918,4006,348,26,2.0689655172413794,Critical,True,2025-03-19
T003,1,3,1573,941,641,183,2,8.595628415300547,Safe,False,2025-03-20
T003,1,2,2989,72,1355,382,11,7.824607329842932,Warning,False,2025-03-21
T003,1,1,2542,463,1305,150,19,16.946666666666665,Warning,False,2025-03-22
T003,1,2,2524,840,4433,395,8,6.389873417721519,Warning,False,2025-03-23
T003,2,3,3267,452,4321,228,12,14.328947368421053,Safe,False,2025-03-24
T003,1,1,259,598,3918,94,6,2.75531914893617,Critical,True,2025-03-25
T003,4,3,1177,540,582,223,27,5.278026905829597,Warning,False,2025-03-26
T003,2,1,1357,394,4554,116,9,11.698275862068966,Safe,False,2025-03-27
T003,4,3,1468,11,5114,239,6,6.142259414225942,Safe,False,2025-03-28
T003,1,1,3571,734,2110,68,20,52.51470588235294,Safe,False,2025-03-29
T003,5,3,388,727,3061,386,3,1.005181347150259,Critical,True,2025-03-30
T003,2,1,1216,612,4029,48,22,25.333333333333332,Safe,False,2025-03-31
T003,5,2,1412,122,4772,189,5,7.470899470899471,Safe,False,2025-04-01
T003,4,3,1665,117,754,321,25,5.186915887850467,Warning,False,2025-04-02
T003,4,2,3653,159,5767,326,2,11.205521472392638,Safe,False,2025-04-03
T003,2,1,2940,600,3381,158,1,18.60759493670886,Safe,False,2025-04-04
T003,4,1,2778,279,2535,178,25,15.606741573033707,Warning,False,2025-04-05
T003,2,2,3578,77,2264,441,14,8.113378684807257,Warning,False,2025-04-06
T003,4,1,1373,883,1431,44,16,31.204545454545453,Safe,False,2025-04-07
T003,5,1,2587,411,2813,381,25,6.79002624671916,Warning,False,2025-04-08
T003,3,1,3947,271,5341,33,5,119.60606060606061,Safe,False,2025-04-09
T003,1,2,2091,36,513,350,1,5.974285714285714,Safe,False,2025-04-10
T003,1,3,3612,713,5033,227,5,15.911894273127754,Safe,False,2025-04-11
T003,3,3,2881,421,5580,448,29,6.430803571428571,Warning,False,2025-04-12
T003,3,3,308,759,1278,184,19,1.673913043478261,Critical,True,2025-04-13
T003,2,1,1158,947,4717,36,24,32.166666666666664,Safe,False,2025-04-14
T003,4,1,360,535,1823,200,21,1.8,Critical,True,2025-04-15
T003,5,2,751,823,4185,212,5,3.542452830188679,Critical,True,2025-04-16
T003,1,2,1805,442,4764,172,6,10.494186046511627,Safe,False,2025-04-17
T003,3,2,3480,578,1768,157,15,22.1656050955414,Safe,False,2025-04-18
T003,3,2,2565,68,5379,414,23,6.195652173913044,Warning,False,2025-04-19
T003,3,1,3649,27,1538,269,16,13.565055762081784,Warning,False,2025-04-20
T003,4,2,848,224,3017,145,20,5.848275862068966,Warning,False,2025-04-21
T003,5,2,2171,873,500,347,13,6.256484149855908,Warning,False,2025-04-22
T003,3,2,3563,995,5911,213,8,16.727699530516432,Safe,False,2025-04-23
T003,5,3,3554,230,3970,158,1,22.49367088607595,Safe,False,2025-04-24
T003,1,1,1961,215,2298,147,26,13.34013605442177,Warning,False,2025-04-25
T003,2,2,1041,401,1100,269,21,3.869888475836431,Warning,False,2025-04-26
T003,2,1,1835,292,4074,269,21,6.821561338289963,Warning,False,2025-04-27
T003,1,2,1067,283,5623,328,27,3.2530487804878048,Warning,False,2025-04-28
T003,2,3,3970,718,1848,183,6,21.693989071038253,Safe,False,2025-04-29
T003,3,3,3954,565,1625,384,11,10.296875,Warning,False,2025-04-30
T003,4,1,1877,441,2447,228,25,8.232456140350877,Warning,False,2025-05-01
T003,2,2,620,744,5222,210,12,2.9523809523809526,Critical,True,2025-05-02
T003,1,3,1112,135,2525,42,22,26.476190476190474,Safe,False,2025-05-03
T003,4,2,1658,358,925,439,29,3.776765375854214,Warning,False,2025-05-04
T003,1,2,2581,515,5377,418,7,6.1746411483253585,Warning,False,2025-05-05
T003,3,3,547,850,1637,99,2,5.525252525252525,Critical,True,2025-05-06
T003,1,3,1306,708,2949,197,21,6.629441624365482,Warning,False,2025-05-07
T003,3,3,128,805,862,95,14,1.3473684210526315,Critical,True,2025-05-08
T003,2,1,2103,16,1470,37,16,56.83783783783784,Safe,False,2025-05-09
T003,4,1,3680,913,4919,98,16,37.55102040816327,Safe,False,2025-05-10
T003,5,1,1812,703,5903,332,12,5.457831325301205,Warning,False,2025-05-11
T003,4,1,881,897,4528,303,22,2.907590759075908,Critical,True,2025-05-12
T003,5,3,487,514,5251,385,4,1.264935064935065,Critical,True,2025-05-13
T003,2,3,2310,36,1246,314,10,7.356687898089172,Warning,False,2025-05-14
T003,1,3,2772,645,4262,404,23,6.861386138613861,Warning,False,2025-05-15
T003,3,2,2089,725,840,58,25,36.01724137931034,Safe,False,2025-05-16
T003,3,3,3414,815,1064,40,24,85.35,Safe,False,2025-05-17
T003,3,3,2804,103,2445,344,5,8.151162790697674,Safe,False,2025-05-18
T003,2,3,3480,443,4768,118,29,29.491525423728813,Safe,False,2025-05-19
T003,2,3,3478,542,4677,21,27,165.61904761904762,Safe,False,2025-05-20
T003,5,3,4022,487,1145,343,24,11.725947521865889,Warning,False,2025-05-21
T003,4,1,2772,897,1211,368,25,7.532608695652174,Warning,False,2025-05-22
T003,4,1,4131,450,4851,386,18,10.702072538860104,Warning,False,2025-05-23
T003,1,3,3045,967,3921,306,21,9.950980392156863,Warning,False,2025-05-24
T003,5,2,2423,449,606,201,6,12.054726368159203,Safe,False,2025-05-25
T003,2,2,2096,742,1254,416,22,5.038461538461538,Warning,False,2025-05-26
T003,2,2,1357,161,2127,353,15,3.8441926345609065,Warning,False,2025-05-27
T003,3,2,697,707,5780,191,20,3.649214659685864,Critical,True,2025-05-28
T003,5,3,1233,659,1437,205,9,6.014634146341463,Warning,False,2025-05-29
T003,5,2,106,650,3782,279,4,0.37992831541218636,Critical,True,2025-05-30
T003,2,1,1714,624,5009,287,6,5.97212543554007,Warning,False,2025-05-31
T003,5,2,2697,413,4582,373,4,7.230563002680965,Safe,False,2025-06-01
T003,3,2,3450,465,5984,192,21,17.96875,Warning,False,2025-06-02
T003,3,2,3519,60,3197,8,7,439.875,Safe,False,2025-06-03
T003,2,2,3200,560,4650,413,2,7.74818401937046,Safe,False,2025-06-04
T003,2,1,2014,973,3452,268,26,7.514925373134329,Warning,False,2025-06-05
T003,5,2,3339,774,2709,377,10,8.856763925729442,Warning,False,2025-06-06
T003,5,1,3745,424,1029,158,13,23.70253164556962,Safe,False,2025-06-07
T003,4,2,820,559,5093,401,24,2.0448877805486285,Warning,False,2025-06-08
T003,5,1,4028,962,2979,184,23,21.891304347826086,Warning,False,2025-06-09
T003,5,3,2776,904,4100,229,6,12.12227074235808,Safe,False,2025-06-10
T003,1,1,2108,655,3634,181,3,11.646408839779005,Safe,False,2025-06-11
T003,2,1,607,69,5435,106,26,5.726415094339623,Warning,False,2025-06-12
T003,5,2,1140,986,4594,281,28,4.056939501779359,Warning,False,2025-06-13
T003,1,1,170,484,1610,423,15,0.40189125295508277,Critical,True,2025-06-14
T003,5,1,3140,455,3055,220,20,14.272727272727273,Warning,False,2025-06-15
T003,2,1,1099,809,1789,62,6,17.725806451612904,Safe,False,2025-06-16
T003,4,2,4070,976,4514,274,27,14.854014598540147,Warning,False,2025-06-17
T003,3,3,1392,355,5248,7,25,198.85714285714286,Safe,False,2025-06-18
T003,2,3,2076,213,5708,224,29,9.267857142857142,Warning,False,2025-06-19
T003,2,2,2563,667,1897,282,29,9.088652482269504,Warning,False,2025-06-20
T003,1,3,2136,41,2954,77,4,27.74025974025974,Safe,False,2025-06-21
T003,1,2,684,681,3105,78,16,8.76923076923077,Warning,False,2025-06-22
T003,1,2,3216,94,2325,294,2,10.938775510204081,Safe,False,2025-06-23
T003,4,1,3194,100,1202,18,26,177.44444444444446,Safe,False,2025-06-24
T003,1,2,1166,49,3385,155,23,7.52258064516129,Warning,False,2025-06-25
T003,2,3,2408,767,5233,294,11,8.19047619047619,Warning,False,2025-06-26
T003,1,2,306,188,5696,318,8,0.9622641509433962,Warning,False,2025-06-27
T003,5,1,2288,596,1181,322,9,7.105590062111801,Warning,False,2025-06-28
T003,5,1,3326,304,2944,309,18,10.763754045307444,Warning,False,2025-06-29
T003,3,3,298,590,4281,326,26,0.9141104294478528,Critical,True,2025-06-30
T003,5,3,1718,389,2269,250,8,6.872,Warning,False,2025-07-01
T003,3,3,1181,561,3237,220,20,5.368181818181818,Warning,False,2025-07-02
T003,5,1,1712,137,4405,126,8,13.587301587301587,Safe,False,2025-07-03
T003,4,2,1044,217,2942,155,10,6.735483870967742,Warning,False,2025-07-04
T003,3,2,3191,23,4794,61,21,52.31147540983606,Safe,False,2025-07-05
T003,5,1,2318,173,2655,202,2,11.475247524752476,Safe,False,2025-07-06
T003,3,2,4062,496,5318,373,18,10.890080428954423,Warning,False,2025-07-07
T003,3,2,396,901,5223,365,25,1.084931506849315,Critical,True,2025-07-08
T003,5,2,1591,405,5050,189,29,8.417989417989418,Warning,False,2025-07-09
T003,2,1,2932,369,3482,293,11,10.006825938566553,Warning,False,2025-07-10
T003,1,2,3606,341,5310,216,13,16.694444444444443,Safe,False,2025-07-11
T003,3,3,1509,832,4339,428,16,3.5257009345794392,Warning,False,2025-07-12
T003,3,1,479,430,4955,232,3,2.064655172413793,Warning,False,2025-07-13
T003,3,1,3080,92,2332,146,1,21.095890410958905,Safe,False,2025-07-14
T003,1,2,2094,213,540,382,25,5.481675392670157,Warning,False,2025-07-15
T003,3,3,2754,701,4690,328,22,8.396341463414634,Warning,False,2025-07-16
T003,3,1,2186,172,4591,94,6,23.25531914893617,Safe,False,2025-07-17
T003,5,2,926,964,2646,225,20,4.115555555555556,Critical,True,2025-07-18
T003,2,1,1085,90,5167,155,1,7.0,Safe,False,2025-07-19
T003,4,1,3231,550,3149,47,18,68.74468085106383,Safe,False,2025-07-20
T003,4,1,133,403,2447,437,24,0.30434782608695654,Critical,True,2025-07-21
T003,1,3,3742,879,1196,316,15,11.841772151898734,Warning,False,2025-07-22
T003,4,3,1417,18,5550,420,21,3.373809523809524,Warning,False,2025-07-23
T003,2,3,2812,155,1811,395,27,7.118987341772152,Warning,False,2025-07-24
T003,4,3,2664,762,3364,418,5,6.373205741626794,Safe,False,2025-07-25
T003,2,3,409,246,2674,228,5,1.793859649122807,Warning,False,2025-07-26
T003,2,3,714,230,4983,277,13,2.577617328519856,Warning,False,2025-07-27
T003,5,2,3840,675,4916,387,13,9.922480620155039,Warning,False,2025-07-28
T003,4,3,1758,360,5099,210,5,8.371428571428572,Safe,False,2025-07-29
T003,3,3,3342,133,2203,315,16,10.60952380952381,Warning,False,2025-07-30
T003,1,1,2929,111,5632,120,6,24.408333333333335,Safe,False,2025-07-31
T003,3,1,3410,709,3400,166,23,20.542168674698797,Warning,False,2025-08-01
T003,4,3,748,389,4031,390,25,1.917948717948718,Warning,False,2025-08-02
T003,4,3,3337,69,4966,339,14,9.843657817109145,Warning,False,2025-08-03
T003,3,1,3377,196,5539,442,21,7.64027149321267,Warning,False,2025-08-04
T003,5,1,1930,284,4909,364,21,5.302197802197802,Warning,False,2025-08-05
T003,4,1,655,534,2697,246,27,2.66260162601626,Warning,False,2025-08-06
T003,5,1,1987,907,4448,49,29,40.55102040816327,Safe,False,2025-08-07
T003,1,1,211,293,1024,423,8,0.4988179669030733,Critical,True,2025-08-08
T003,4,1,265,532,1157,176,15,1.5056818181818181,Critical,True,2025-08-09
T003,3,1,3021,973,2147,364,24,8.29945054945055,Warning,False,2025-08-10
T003,5,2,3590,967,2997,445,21,8.067415730337078,Warning,False,2025-08-11
T003,1,3,2117,794,1817,397,6,5.332493702770781,Warning,False,2025-08-12
T003,2,3,441,293,1291,368,8,1.1983695652173914,Warning,False,2025-08-13
T003,1,1,1622,646,5505,270,5,6.007407407407407,Safe,False,2025-08-14
T003,5,3,1052,784,636,307,16,3.42671009771987,Warning,False,2025-08-15
T003,4,1,284,522,2758,214,10,1.3271028037383177,Critical,True,2025-08-16
T003,4,2,867,17,4353,173,6,5.011560693641618,Warning,False,2025-08-17
T003,2,2,1350,675,3962,14,26,96.42857142857143,Safe,False,2025-08-18
T003,5,3,2141,77,911,319,2,6.7115987460815045,Safe,False,2025-08-19
T003,4,2,1537,837,3737,253,21,6.075098814229249,Warning,False,2025-08-20
T003,4,1,3484,770,919,310,1,11.238709677419354,Safe,False,2025-08-21
T003,5,2,1351,382,4238,325,2,4.156923076923077,Safe,False,2025-08-22
T003,1,1,137,521,1472,83,20,1.6506024096385543,Critical,True,2025-08-23
T003,3,3,1555,430,2849,286,10,5.437062937062937,Warning,False,2025-08-24
T003,1,1,4029,438,4420,119,3,33.857142857142854,Safe,False,2025-08-25
T003,5,3,4219,735,3886,364,17,11.590659340659341,Warning,False,2025-08-26
T003,1,3,1726,635,3314,127,24,13.590551181102363,Warning,False,2025-08-27
T003,4,1,2200,768,1246,104,27,21.153846153846153,Warning,False,2025-08-28
T003,5,3,3548,521,1468,271,19,13.092250922509225,Warning,False,2025-08-29
T003,4,3,1595,210,3012,298,26,5.352348993288591,Warning,False,2025-08-30
T003,4,2,305,633,3817,355,27,0.8591549295774648,Critical,True,2025-08-31
T003,4,2,3329,176,3441,173,11,19.24277456647399,Safe,False,2025-09-01
T003,1,1,2967,948,5566,429,17,6.916083916083916,Warning,False,2025-09-02
T003,3,1,3346,686,2435,337,18,9.928783382789318,Warning,False,2025-09-03
T003,2,3,3692,78,986,158,9,23.367088607594937,Safe,False,2025-09-04
T003,3,2,150,101,5452,202,29,0.7425742574257426,Warning,False,2025-09-05
T003,2,3,188,791,3380,425,18,0.4423529411764706,Critical,True,2025-09-06
T003,5,1,983,663,4558,358,27,2.7458100558659218,Warning,False,2025-09-07
T003,3,1,3577,947,3464,63,18,56.77777777777778,Safe,False,2025-09-08
T003,2,2,2825,338,5603,157,6,17.993630573248407,Safe,False,2025-09-09
T003,4,3,1099,656,3747,440,10,2.4977272727272726,Warning,False,2025-09-10
T003,5,2,4152,360,2994,122,7,34.032786885245905,Safe,False,2025-09-11
T003,3,1,2518,150,4949,268,13,9.395522388059701,Warning,False,2025-09-12
T003,1,1,3665,620,3596,100,7,36.65,Safe,False,2025-09-13
T003,5,2,3295,909,3270,361,16,9.12742382271468,Warning,False,2025-09-14
T003,4,2,2978,242,5948,161,25,18.496894409937887,Warning,False,2025-09-15
T003,4,3,3280,538,3771,266,2,12.330827067669173,Safe,False,2025-09-16
T003,4,2,3358,271,797,32,15,104.9375,Safe,False,2025-09-17
T003,2,3,3341,562,1847,327,6,10.217125382262997,Safe,False,2025-09-18
T003,3,1,2085,449,3699,256,10,8.14453125,Warning,False,2025-09-19
T003,5,2,1996,935,4203,106,6,18.830188679245282,Safe,False,2025-09-20
T003,3,2,2416,703,4831,74,7,32.648648648648646,Safe,False,2025-09-21
T003,3,3,280,288,5644,34,12,8.235294117647058,Critical,True,2025-09-22
T003,2,3,1017,367,4168,2,26,508.5,Safe,False,2025-09-23
T003,2,3,3368,545,4002,419,17,8.0381861575179,Warning,False,2025-09-24
T003,4,1,3124,261,5140,258,20,12.108527131782946,Warning,False,2025-09-25
T003,3,2,2855,900,5398,32,27,89.21875,Safe,False,2025-09-26
T003,2,2,4228,942,1360,336,24,12.583333333333334,Warning,False,2025-09-27
T003,4,3,735,757,728,4,19,183.75,Critical,True,2025-09-28
T003,5,1,1470,197,5446,376,26,3.9095744680851063,Warning,False,2025-09-29
T003,2,2,2298,44,1579,155,17,14.825806451612904,Warning,False,2025-09-30
T003,2,1,1760,976,3095,311,10,5.659163987138264,Warning,False,2025-10-01
T003,5,3,731,400,855,2,11,365.5,Safe,False,2025-10-02
T003,5,3,478,354,5849,320,10,1.49375,Warning,False,2025-10-03
T003,2,1,2550,598,2903,397,10,6.423173803526448,Warning,False,2025-10-04
T003,5,1,4147,27,5410,275,8,15.08,Safe,False,2025-10-05
T003,5,1,2711,617,591,94,27,28.840425531914892,Safe,False,2025-10-06
T003,4,1,3768,570,2610,267,24,14.112359550561798,Warning,False,2025-10-07
T003,2,1,2461,815,997,75,23,32.81333333333333,Safe,False,2025-10-08
T003,5,1,1731,10,2799,38,11,45.55263157894737,Safe,False,2025-10-09
T003,4,3,3522,468,3138,280,12,12.57857142857143,Safe,False,2025-10-10
T003,2,1,1136,635,5470,423,8,2.685579196217494,Warning,False,2025-10-11
T003,2,1,3722,886,4647,158,28,23.556962025316455,Warning,False,2025-10-12
T003,2,2,3066,14,1402,84,1,36.5,Safe,False,2025-10-13
T003,5,3,3751,617,3227,346,23,10.841040462427745,Warning,False,2025-10-14
T003,5,3,2940,966,3040,405,1,7.2592592592592595,Safe,False,2025-10-15
T003,3,3,2483,649,800,268,3,9.264925373134329,Safe,False,2025-10-16
T003,4,1,1167,532,2366,266,23,4.387218045112782,Warning,False,2025-10-17
T003,3,1,3976,807,3281,357,16,11.137254901960784,Warning,False,2025-10-18
T003,4,1,3928,875,1346,187,9,21.005347593582886,Safe,False,2025-10-19
T003,1,1,477,883,1652,372,16,1.282258064516129,Critical,True,2025-10-20
T003,3,2,2320,250,3828,254,25,9.133858267716535,Warning,False,2025-10-21
T003,2,1,3754,535,2408,227,23,16.537444933920703,Warning,False,2025-10-22
T003,1,1,272,285,2617,219,20,1.2420091324200913,Critical,True,2025-10-23
T003,1,2,1851,51,5293,49,15,37.775510204081634,Safe,False,2025-10-24
T003,1,1,422,214,1810,424,3,0.9952830188679245,Warning,False,2025-10-25
T003,4,1,3841,438,3334,173,4,22.202312138728324,Safe,False,2025-10-26
T003,5,2,79,61,5214,313,2,0.2523961661341853,Warning,False,2025-10-27
T003,5,1,3272,117,516,70,11,46.74285714285714,Safe,False,2025-10-28
T003,1,1,2238,154,2411,146,5,15.32876712328767,Safe,False,2025-10-29
T003,5,1,2898,514,3909,417,1,6.9496402877697845,Safe,False,2025-10-30
T003,2,3,2491,764,5823,337,25,7.3916913946587535,Warning,False,2025-10-31
T003,5,1,2454,943,2557,354,19,6.932203389830509,Warning,False,2025-11-01
T003,4,1,3899,536,2429,177,7,22.028248587570623,Safe,False,2025-11-02
T003,1,1,2276,686,1600,42,24,54.19047619047619,Safe,False,2025-11-03
T003,3,3,892,124,2228,107,13,8.336448598130842,Warning,False,2025-11-04
T003,2,2,3448,142,5851,308,16,11.194805194805195,Warning,False,2025-11-05
T003,3,2,4197,313,2448,157,27,26.73248407643312,Warning,False,2025-11-06
T003,1,1,2074,906,2282,429,24,4.834498834498834,Warning,False,2025-11-07
T003,1,2,3460,827,3393,251,25,13.784860557768924,Warning,False,2025-11-08
T003,3,1,3057,943,5451,244,17,12.528688524590164,Warning,False,2025-11-09
T003,1,3,3204,264,3502,231,19,13.87012987012987,Warning,False,2025-11-10
T003,1,2,2440,469,3181,392,14,6.224489795918367,Warning,False,2025-11-11
T003,1,3,3815,822,3983,437,2,8.729977116704806,Safe,False,2025-11-12
T003,5,2,255,591,2399,165,23,1.5454545454545454,Critical,True,2025-11-13
T003,5,3,3159,370,4749,161,4,19.62111801242236,Safe,False,2025-11-14
T003,4,3,2271,504,2060,355,27,6.397183098591549,Warning,False,2025-11-15
T003,3,1,1373,794,4345,261,7,5.260536398467433,Warning,False,2025-11-16
T003,2,1,161,282,5654,220,8,0.7318181818181818,Critical,True,2025-11-17
T003,3,2,1918,788,576,37,26,51.83783783783784,Safe,False,2025-11-18
T003,3,3,320,527,3759,152,21,2.1052631578947367,Critical,True,2025-11-19
T003,4,2,3138,929,4127,220,17,14.263636363636364,Warning,False,2025-11-20
T003,5,1,608,953,1475,353,25,1.7223796033994334,Critical,True,2025-11-21
T003,2,3,461,589,1327,370,3,1.2459459459459459,Critical,True,2025-11-22
T003,2,1,741,176,3849,142,29,5.21830985915493,Warning,False,2025-11-23
T003,4,2,331,284,2048,392,11,0.8443877551020408,Warning,False,2025-11-24
T003,1,3,1930,104,3428,167,20,11.55688622754491,Warning,False,2025-11-25
T003,3,1,1233,474,1145,16,3,77.0625,Safe,False,2025-11-26
T003,3,3,459,809,2160,114,25,4.026315789473684,Critical,True,2025-11-27
T003,2,3,794,436,2827,240,1,3.308333333333333,Safe,False,2025-11-28
T003,3,2,3511,57,3363,270,7,13.003703703703703,Safe,False,2025-11-29
T003,2,1,766,287,2542,402,14,1.9054726368159205,Warning,False,2025-11-30
T003,5,3,1995,65,4346,203,7,9.827586206896552,Safe,False,2025-12-01
T003,5,2,2250,340,568,405,26,5.555555555555555,Warning,False,2025-12-02
T003,2,1,787,118,5821,208,28,3.7836538461538463,Warning,False,2025-12-03
T003,4,2,3273,41,5539,344,16,9.51453488372093,Warning,False,2025-12-04
T003,3,1,1354,605,3278,248,6,5.459677419354839,Warning,False,2025-12-05
T003,2,3,2596,76,5071,200,14,12.98,Warning,False,2025-12-06
T003,4,2,3825,157,1796,352,10,10.866477272727273,Safe,False,2025-12-07
T003,5,1,1328,169,2262,5,24,265.6,Safe,False,2025-12-08
T003,3,2,1621,892,5745,177,20,9.158192090395481,Warning,False,2025-12-09
T003,3,3,918,797,1552,406,23,2.2610837438423643,Warning,False,2025-12-10
T003,5,3,1227,817,4880,223,25,5.502242152466367,Warning,False,2025-12-11
T003,1,1,4176,945,3173,382,14,10.93193717277487,Warning,False,2025-12-12
T003,2,1,3140,583,3149,440,22,7.136363636363637,Warning,False,2025-12-13
T003,4,1,1835,619,1657,418,14,4.389952153110048,Warning,False,2025-12-14
T003,4,3,3081,950,2102,295,3,10.44406779661017,Safe,False,2025-12-15
T003,1,2,2173,254,1215,382,25,5.68848167539267,Warning,False,2025-12-16
T003,4,1,4202,758,3137,253,10,16.608695652173914,Safe,False,2025-12-17
T003,4,2,1116,448,3244,194,2,5.752577319587629,Safe,False,2025-12-18
T003,3,3,906,744,2577,163,27,5.558282208588957,Warning,False,2025-12-19
T003,2,2,3548,132,5045,341,14,10.404692082111437,Warning,False,2025-12-20
T003,3,1,2983,497,5937,136,21,21.933823529411764,Safe,False,2025-12-21
T003,5,1,3920,200,5084,38,1,103.15789473684211,Safe,False,2025-12-22
T003,3,1,1475,214,3726,237,26,6.223628691983122,Warning,False,2025-12-23
T003,1,3,2876,922,1499,109,29,26.38532110091743,Warning,False,2025-12-24
T003,2,3,1148,90,2971,186,15,6.172043010752688,Warning,False,2025-12-25
T003,1,3,3190,520,605,47,5,67.87234042553192,Safe,False,2025-12-26
T003,2,2,2567,144,4973,151,8,17.0,Safe,False,2025-12-27
T003,2,1,3905,462,4856,22,17,177.5,Safe,False,2025-12-28
T003,2,3,2112,823,2932,29,10,72.82758620689656,Safe,False,2025-12-29
T003,4,3,1232,990,767,134,13,9.194029850746269,Warning,False,2025-12-30
T003,3,1,2337,516,679,132,18,17.704545454545453,Warning,False,2025-12-31
T003,4,1,1766,680,1111,263,5,6.714828897338403,Safe,False,2026-01-01
T003,4,1,1352,598,1464,433,17,3.1224018475750577,Warning,False,2026-01-02
T003,3,2,2451,901,1232,192,17,12.765625,Warning,False,2026-01-03
T003,1,2,1111,703,5508,80,26,13.8875,Warning,False,2026-01-04
T003,2,3,136,427,5480,433,17,0.3140877598152425,Critical,True,2026-01-05
T003,1,2,2310,612,1594,83,4,27.83132530120482,Safe,False,2026-01-06
T003,1,3,938,412,3308,271,9,3.4612546125461257,Warning,False,2026-01-07
T003,5,1,3390,144,2643,321,23,10.560747663551401,Warning,False,2026-01-08
T003,4,2,1568,642,1526,420,3,3.7333333333333334,Safe,False,2026-01-09
T003,2,3,151,140,5104,136,1,1.1102941176470589,Safe,False,2026-01-10
T003,3,3,1645,164,3814,435,26,3.781609195402299,Warning,False,2026-01-11
T003,1,2,2038,248,4405,374,7,5.449197860962567,Warning,False,2026-01-12
T003,5,3,1114,291,2773,161,22,6.919254658385094,Warning,False,2026-01-13
T003,5,1,3414,535,1946,248,29,13.766129032258064,Warning,False,2026-01-14
T003,1,3,2316,969,3128,71,23,32.61971830985915,Safe,False,2026-01-15
T003,1,1,2597,741,2386,7,28,371.0,Safe,False,2026-01-16
T003,5,2,1999,584,5615,11,26,181.72727272727272,Safe,False,2026-01-17
T003,4,2,2654,67,2883,173,18,15.341040462427745,Warning,False,2026-01-18
T003,5,3,3321,303,5747,183,5,18.147540983606557,Safe,False,2026-01-19
T003,5,2,2134,951,4873,398,5,5.36180904522613,Safe,False,2026-01-20
T003,5,2,1425,415,4461,284,3,5.017605633802817,Safe,False,2026-01-21
T003,4,1,901,117,5991,35,26,25.742857142857144,Warning,False,2026-01-22
T003,4,1,1107,514,1626,153,12,7.235294117647059,Warning,False,2026-01-23
T003,4,2,1072,847,4868,424,11,2.5283018867924527,Warning,False,2026-01-24
T003,3,2,3578,827,2550,404,3,8.856435643564357,Safe,False,2026-01-25
T003,3,3,1434,35,1201,32,12,44.8125,Safe,False,2026-01-26
T003,3,1,1524,278,5730,189,13,8.063492063492063,Warning,False,2026-01-27
T003,3,2,2546,574,2836,384,21,6.630208333333333,Warning,False,2026-01-28
T003,2,3,2634,848,731,393,10,6.702290076335878,Warning,False,2026-01-29
T003,2,1,1550,953,4273,64,27,24.21875,Warning,False,2026-01-30
T003,2,3,1114,775,885,119,4,9.361344537815127,Safe,False,2026-01-31
T003,1,2,1720,83,3864,382,20,4.50261780104712,Warning,False,2026-02-01
T003,2,2,2315,916,4429,342,7,6.769005847953216,Warning,False,2026-02-02
T003,1,2,2802,594,764,83,28,33.75903614457831,Safe,False,2026-02-03
T003,5,1,1513,484,3407,415,11,3.6457831325301204,Warning,False,2026-02-04
T003,2,1,269,154,1524,151,17,1.781456953642384,Warning,False,2026-02-05
T003,4,2,1682,361,663,193,9,8.715025906735752,Warning,False,2026-02-06
T003,3,3,2470,872,5810,254,26,9.724409448818898,Warning,False,2026-02-07
T003,1,2,3461,776,3496,231,6,14.982683982683982,Safe,False,2026-02-08
T003,5,2,847,239,2186,97,16,8.731958762886597,Warning,False,2026-02-09
T003,2,1,3564,304,4213,377,27,9.453580901856764,Warning,False,2026-02-10
T003,3,3,699,186,2385,344,6,2.0319767441860463,Warning,False,2026-02-11
T003,4,3,3076,710,2807,405,19,7.595061728395062,Warning,False,2026-02-12
T004,1,1,1079,264,1018,81,17,13.320987654320987,Warning,False,2024-10-01
T004,1,1,1741,656,3556,41,12,42.46341463414634,Safe,False,2024-10-02
T004,2,1,1660,384,5562,352,6,4.715909090909091,Warning,False,2024-10-03
T004,2,2,1427,438,1131,155,15,9.206451612903226,Warning,False,2024-10-04
T004,3,3,1687,338,1013,118,12,14.296610169491526,Safe,False,2024-10-05
T004,3,2,1581,402,1715,290,26,5.451724137931034,Warning,False,2024-10-06
T004,3,3,271,210,3765,155,24,1.7483870967741935,Warning,False,2024-10-07
T004,3,2,86,502,2161,193,11,0.44559585492227977,Critical,True,2024-10-08
T004,1,1,553,751,1801,12,20,46.083333333333336,Critical,True,2024-10-09
T004,4,2,1714,28,1314,314,5,5.45859872611465,Safe,False,2024-10-10
T004,2,1,2416,12,2292,121,21,19.96694214876033,Warning,False,2024-10-11
T004,2,3,3157,207,4298,190,8,16.61578947368421,Safe,False,2024-10-12
T004,5,1,2309,231,3736,183,2,12.617486338797814,Safe,False,2024-10-13
T004,4,2,552,515,4238,172,24,3.2093023255813953,Warning,False,2024-10-14
T004,4,3,3303,239,2184,148,24,22.31756756756757,Warning,False,2024-10-15
T004,2,2,2426,622,4936,311,25,7.80064308681672,Warning,False,2024-10-16
T004,4,2,326,372,3426,80,26,4.075,Critical,True,2024-10-17
T004,5,2,1687,167,3633,132,6,12.780303030303031,Safe,False,2024-10-18
T004,1,1,323,165,2450,374,23,0.8636363636363636,Warning,False,2024-10-19
T004,3,3,3022,667,3215,44,18,68.68181818181819,Safe,False,2024-10-20
T004,5,2,160,452,3288,344,17,0.46511627906976744,Critical,True,2024-10-21
T004,3,1,2038,405,2109,280,17,7.2785714285714285,Warning,False,2024-10-22
T004,2,2,1544,315,3900,294,1,5.2517006802721085,Safe,False,2024-10-23
T004,1,3,1763,338,1419,311,19,5.668810289389068,Warning,False,2024-10-24
T004,5,1,1911,354,4914,256,4,7.46484375,Safe,False,2024-10-25
T004,4,2,1470,525,4644,23,2,63.91304347826087,Safe,False,2024-10-26
T004,1,2,584,634,2523,320,7,1.825,Critical,True,2024-10-27
T004,5,1,3002,21,1823,7,21,428.85714285714283,Safe,False,2024-10-28
T004,1,3,530,835,1153,50,1,10.6,Critical,True,2024-10-29
T004,2,3,990,444,1004,82,9,12.073170731707316,Safe,False,2024-10-30
T004,4,3,3430,665,867,352,25,9.744318181818182,Warning,False,2024-10-31
T004,3,1,2250,963,1517,199,7,11.306532663316583,Safe,False,2024-11-01
T004,3,1,611,141,1277,188,12,3.25,Warning,False,2024-11-02
T004,3,2,1592,896,3727,178,5,8.9438202247191,Safe,False,2024-11-03
T004,5,1,3434,966,1497,38,22,90.36842105263158,Safe,False,2024-11-04
T004,1,2,486,945,5657,280,6,1.7357142857142858,Critical,True,2024-11-05
T004,4,1,97,520,4602,49,8,1.9795918367346939,Critical,True,2024-11-06
T004,4,3,1639,991,3886,69,24,23.753623188405797,Warning,False,2024-11-07
T004,5,3,2622,167,5193,38,26,69.0,Safe,False,2024-11-08
T004,4,1,3363,959,5623,133,20,25.285714285714285,Safe,False,2024-11-09
T004,4,1,2270,77,4318,356,11,6.376404494382022,Warning,False,2024-11-10
T004,1,3,1894,578,3839,118,6,16.050847457627118,Safe,False,2024-11-11
T004,1,3,1712,213,2961,54,6,31.703703703703702,Safe,False,2024-11-12
T004,1,1,2031,385,5319,20,5,101.55,Safe,False,2024-11-13
T004,5,3,1020,89,5902,360,29,2.8333333333333335,Warning,False,2024-11-14
T004,5,1,306,311,4676,299,11,1.0234113712374582,Critical,True,2024-11-15
T004,5,1,1212,612,1687,284,26,4.267605633802817,Warning,False,2024-11-16
T004,4,1,178,89,2088,207,13,0.8599033816425121,Warning,False,2024-11-17
T004,3,1,1504,235,5509,95,17,15.83157894736842,Warning,False,2024-11-18
T004,4,1,3295,21,5808,103,26,31.990291262135923,Safe,False,2024-11-19
T004,1,1,1656,513,1469,30,6,55.2,Safe,False,2024-11-20
T004,3,2,2075,143,4695,310,14,6.693548387096774,Warning,False,2024-11-21
T004,2,1,2610,936,5517,210,12,12.428571428571429,Safe,False,2024-11-22
T004,3,1,2689,196,2163,250,23,10.756,Warning,False,2024-11-23
T004,1,2,1514,590,3726,31,11,48.83870967741935,Safe,False,2024-11-24
T004,1,3,1530,325,1063,98,8,15.612244897959183,Safe,False,2024-11-25
T004,1,1,150,554,835,260,1,0.5769230769230769,Critical,True,2024-11-26
T004,1,1,339,815,2831,355,25,0.9549295774647887,Critical,True,2024-11-27
T004,2,2,1413,181,2680,215,17,6.572093023255814,Warning,False,2024-11-28
T004,3,3,895,647,3930,320,28,2.796875,Warning,False,2024-11-29
T004,2,1,755,326,2651,253,24,2.984189723320158,Warning,False,2024-11-30
T004,4,1,874,567,2789,286,25,3.055944055944056,Warning,False,2024-12-01
T004,3,2,2822,295,2985,239,29,11.807531380753138,Warning,False,2024-12-02
T004,4,3,2354,260,4363,249,25,9.453815261044177,Warning,False,2024-12-03
T004,4,3,2419,165,5600,270,26,8.959259259259259,Warning,False,2024-12-04
T004,4,3,2547,753,2058,246,21,10.353658536585366,Warning,False,2024-12-05
T004,1,3,3410,805,1872,77,15,44.285714285714285,Safe,False,2024-12-06
T004,3,2,717,39,4578,352,1,2.0369318181818183,Safe,False,2024-12-07
T004,5,2,894,136,5626,355,15,2.5183098591549298,Warning,False,2024-12-08
T004,3,1,3238,82,1409,220,4,14.718181818181819,Safe,False,2024-12-09
T004,1,1,1842,85,1729,225,23,8.186666666666667,Warning,False,2024-12-10
T004,3,2,3470,107,4741,333,16,10.42042042042042,Warning,False,2024-12-11
T004,1,3,1079,216,978,124,9,8.701612903225806,Warning,False,2024-12-12
T004,3,1,2672,560,2310,121,4,22.082644628099175,Safe,False,2024-12-13
T004,3,1,843,277,1252,248,5,3.399193548387097,Warning,False,2024-12-14
T004,4,3,1198,468,5750,182,21,6.582417582417582,Warning,False,2024-12-15
T004,2,1,1200,768,527,192,15,6.25,Warning,False,2024-12-16
T004,3,2,2431,867,892,367,29,6.623978201634878,Warning,False,2024-12-17
T004,5,2,164,42,4319,301,5,0.5448504983388704,Warning,False,2024-12-18
T004,2,1,2682,700,5827,315,28,8.514285714285714,Warning,False,2024-12-19
T004,5,2,1602,50,715,186,18,8.612903225806452,Warning,False,2024-12-20
T004,3,1,3436,208,3379,291,28,11.807560137457045,Warning,False,2024-12-21
T004,1,1,1970,296,3730,30,20,65.66666666666667,Safe,False,2024-12-22
T004,3,2,1208,672,3408,316,25,3.8227848101265822,Warning,False,2024-12-23
T004,4,2,240,133,4482,195,25,1.2307692307692308,Warning,False,2024-12-24
T004,1,2,2871,597,3745,319,4,9.0,Safe,False,2024-12-25
T004,5,1,1689,301,4856,44,19,38.38636363636363,Safe,False,2024-12-26
T004,3,2,3140,478,5480,363,2,8.650137741046832,Safe,False,2024-12-27
T004,3,3,2751,974,5246,98,13,28.071428571428573,Safe,False,2024-12-28
T004,1,1,1004,585,5992,3,21,334.6666666666667,Safe,False,2024-12-29
T004,3,1,2890,782,563,9,8,321.1111111111111,Safe,False,2024-12-30
T004,2,3,2743,699,4870,291,23,9.426116838487973,Warning,False,2024-12-31
T004,5,3,788,894,4056,83,13,9.493975903614459,Critical,True,2025-01-01
T004,3,1,1924,167,2748,141,25,13.645390070921986,Warning,False,2025-01-02
T004,3,3,2692,713,4715,106,16,25.39622641509434,Safe,False,2025-01-03
T004,1,2,483,839,2862,265,1,1.8226415094339623,Critical,True,2025-01-04
T004,4,2,2661,613,4285,318,2,8.367924528301886,Safe,False,2025-01-05
T004,5,1,2929,633,3969,230,14,12.734782608695653,Warning,False,2025-01-06
T004,2,1,1089,221,5265,193,2,5.642487046632124,Safe,False,2025-01-07
T004,2,2,170,370,3138,41,4,4.146341463414634,Critical,True,2025-01-08
T004,1,1,837,100,577,41,8,20.414634146341463,Safe,False,2025-01-09
T004,2,2,1951,548,4514,84,25,23.226190476190474,Warning,False,2025-01-10
T004,4,3,3064,595,5296,258,5,11.875968992248062,Safe,False,2025-01-11
T004,3,3,976,956,1088,150,7,6.506666666666667,Warning,False,2025-01-12
T004,5,3,990,233,5849,141,28,7.0212765957446805,Warning,False,2025-01-13
T004,3,1,1772,872,4241,242,27,7.322314049586777,Warning,False,2025-01-14
T004,1,3,980,795,4671,362,3,2.707182320441989,Warning,False,2025-01-15
T004,3,2,1898,721,2525,202,14,9.396039603960396,Warning,False,2025-01-16
T004,4,2,1461,834,2405,331,7,4.413897280966768,Warning,False,2025-01-17
T004,2,2,374,813,2444,23,16,16.26086956521739,Critical,True,2025-01-18
T004,5,2,1574,211,4399,256,26,6.1484375,Warning,False,2025-01-19
T004,4,2,1554,742,5268,62,17,25.06451612903226,Safe,False,2025-01-20
T004,1,3,1526,825,992,114,17,13.385964912280702,Warning,False,2025-01-21
T004,5,2,97,58,5874,315,19,0.30793650793650795,Warning,False,2025-01-22
T004,3,3,560,385,4292,314,10,1.78343949044586,Warning,False,2025-01-23
T004,1,2,2264,977,5606,293,26,7.726962457337884,Warning,False,2025-01-24
T004,3,1,144,639,4192,19,1,7.578947368421052,Critical,True,2025-01-25
T004,4,3,1111,589,1638,26,16,42.73076923076923,Safe,False,2025-01-26
T004,4,1,1654,645,4607,79,22,20.936708860759495,Warning,False,2025-01-27
T004,1,3,2983,721,2819,332,17,8.984939759036145,Warning,False,2025-01-28
T004,2,3,1346,328,5901,269,11,5.003717472118959,Warning,False,2025-01-29
T004,1,1,3179,978,5385,344,5,9.241279069767442,Safe,False,2025-01-30
T004,2,2,1642,303,2698,115,8,14.278260869565218,Safe,False,2025-01-31
T004,1,2,2539,15,1262,166,24,15.295180722891565,Warning,False,2025-02-01
T004,1,2,73,619,2383,4,18,18.25,Critical,True,2025-02-02
T004,5,2,956,65,4704,181,9,5.281767955801105,Warning,False,2025-02-03
T004,2,3,2274,486,5052,325,7,6.996923076923077,Warning,False,2025-02-04
T004,2,2,48,440,1359,308,14,0.15584415584415584,Critical,True,2025-02-05
T004,4,3,740,48,5072,340,6,2.176470588235294,Warning,False,2025-02-06
T004,3,3,2682,571,3291,179,18,14.983240223463687,Warning,False,2025-02-07
T004,4,3,3409,274,4699,29,6,117.55172413793103,Safe,False,2025-02-08
T004,2,1,181,644,599,289,5,0.6262975778546713,Critical,True,2025-02-09
T004,5,1,1928,203,4989,237,3,8.135021097046414,Safe,False,2025-02-10
T004,2,2,1598,332,1386,155,23,10.30967741935484,Warning,False,2025-02-11
T004,3,3,1536,72,1320,56,29,27.428571428571427,Warning,False,2025-02-12
T004,3,2,1663,26,3871,172,27,9.668604651162791,Warning,False,2025-02-13
T004,1,1,1026,199,3397,372,18,2.7580645161290325,Warning,False,2025-02-14
T004,5,1,3483,204,2318,326,28,10.684049079754601,Warning,False,2025-02-15
T004,4,1,1354,277,1962,22,2,61.54545454545455,Safe,False,2025-02-16
T004,5,3,870,425,1855,300,28,2.9,Warning,False,2025-02-17
T004,1,1,1341,404,3520,146,8,9.184931506849315,Safe,False,2025-02-18
T004,2,1,106,30,2817,28,14,3.7857142857142856,Warning,False,2025-02-19
T004,3,2,1175,110,1468,102,26,11.519607843137255,Warning,False,2025-02-20
T004,2,2,1544,792,732,350,6,4.411428571428571,Warning,False,2025-02-21
T004,2,2,670,642,3717,120,5,5.583333333333333,Safe,False,2025-02-22
T004,1,2,99,62,5790,129,27,0.7674418604651163,Warning,False,2025-02-23
T004,4,1,1324,465,3872,32,18,41.375,Safe,False,2025-02-24
T004,2,1,3310,679,3798,348,16,9.511494252873563,Warning,False,2025-02-25
T004,3,3,1048,911,2239,214,22,4.897196261682243,Warning,False,2025-02-26
T004,3,1,2078,280,3403,287,8,7.2404181184668985,Warning,False,2025-02-27
T004,4,2,803,636,5434,137,9,5.861313868613139,Warning,False,2025-02-28
T004,4,3,1351,760,4130,232,19,5.823275862068965,Warning,False,2025-03-01
T004,1,3,3000,985,543,89,21,33.70786516853933,Safe,False,2025-03-02
T004,5,1,1989,829,1077,128,26,15.5390625,Warning,False,2025-03-03
T004,3,1,909,42,3522,187,8,4.86096256684492,Warning,False,2025-03-04
T004,2,3,2764,417,4953,312,3,8.85897435897436,Safe,False,2025-03-05
T004,1,3,3405,771,2669,65,9,52.38461538461539,Safe,False,2025-03-06
T004,4,3,2554,869,5795,44,19,58.04545454545455,Safe,False,2025-03-07
T004,2,1,755,784,3744,374,18,2.018716577540107,Critical,True,2025-03-08
T004,5,2,1236,723,3325,18,9,68.66666666666667,Safe,False,2025-03-09
T004,4,3,2773,130,1015,94,8,29.5,Safe,False,2025-03-10
T004,5,1,1698,75,1917,244,2,6.959016393442623,Safe,False,2025-03-11
T004,5,3,2368,85,4719,49,4,48.326530612244895,Safe,False,2025-03-12
T004,3,1,421,865,3055,302,27,1.3940397350993377,Critical,True,2025-03-13
T004,3,1,270,518,5654,149,22,1.8120805369127517,Critical,True,2025-03-14
T004,5,1,2778,720,4050,52,16,53.42307692307692,Safe,False,2025-03-15
T004,3,1,2752,818,5914,153,25,17.986928104575163,Warning,False,2025-03-16
T004,4,3,498,710,2754,361,18,1.3795013850415512,Critical,True,2025-03-17
T004,5,2,904,46,3410,157,20,5.75796178343949,Warning,False,2025-03-18
T004,5,3,593,918,4006,290,26,2.0448275862068965,Critical,True,2025-03-19
T004,1,3,1296,941,641,152,2,8.526315789473685,Safe,False,2025-03-20
T004,1,2,2462,72,1355,318,11,7.7421383647798745,Warning,False,2025-03-21
T004,1,1,2094,463,1305,125,19,16.752,Warning,False,2025-03-22
T004,1,2,2078,840,4433,329,8,6.316109422492401,Warning,False,2025-03-23
T004,2,3,2691,452,4321,190,12,14.163157894736843,Safe,False,2025-03-24
T004,1,1,214,598,3918,78,6,2.7435897435897436,Critical,True,2025-03-25
T004,4,3,969,540,582,186,27,5.209677419354839,Warning,False,2025-03-26
T004,2,1,1117,394,4554,97,9,11.515463917525773,Safe,False,2025-03-27
T004,4,3,1209,11,5114,200,6,6.045,Safe,False,2025-03-28
T004,1,1,2941,734,2110,57,20,51.59649122807018,Safe,False,2025-03-29
T004,5,3,320,727,3061,322,3,0.9937888198757764,Critical,True,2025-03-30
T004,2,1,1002,612,4029,40,22,25.05,Safe,False,2025-03-31
T004,5,2,1163,122,4772,158,5,7.360759493670886,Safe,False,2025-04-01
T004,4,3,1371,117,754,268,25,5.115671641791045,Warning,False,2025-04-02
T004,4,2,3009,159,5767,272,2,11.0625,Safe,False,2025-04-03
T004,2,1,2421,600,3381,132,1,18.34090909090909,Safe,False,2025-04-04
T004,4,1,2288,279,2535,148,25,15.45945945945946,Warning,False,2025-04-05
T004,2,2,2946,77,2264,368,14,8.005434782608695,Warning,False,2025-04-06
T004,4,1,1130,883,1431,37,16,30.54054054054054,Safe,False,2025-04-07
T004,5,1,2130,411,2813,317,25,6.719242902208202,Warning,False,2025-04-08
T004,3,1,3250,271,5341,28,5,116.07142857142857,Safe,False,2025-04-09
T004,1,2,1722,36,513,292,1,5.897260273972603,Safe,False,2025-04-10
T004,1,3,2974,713,5033,189,5,15.735449735449736,Safe,False,2025-04-11
T004,3,3,2372,421,5580,374,29,6.342245989304812,Warning,False,2025-04-12
T004,3,3,253,759,1278,153,19,1.65359477124183,Critical,True,2025-04-13
T004,2,1,953,947,4717,30,24,31.766666666666666,Safe,False,2025-04-14
T004,4,1,296,535,1823,166,21,1.783132530120482,Critical,True,2025-04-15
T004,5,2,618,823,4185,177,5,3.4915254237288136,Critical,True,2025-04-16
T004,1,2,1486,442,4764,143,6,10.391608391608392,Safe,False,2025-04-17
T004,3,2,2866,578,1768,130,15,22.046153846153846,Safe,False,2025-04-18
T004,3,2,2113,68,5379,345,23,6.12463768115942,Warning,False,2025-04-19
T004,3,1,3005,27,1538,224,16,13.415178571428571,Warning,False,2025-04-20
T004,4,2,699,224,3017,121,20,5.776859504132231,Warning,False,2025-04-21
T004,5,2,1788,873,500,290,13,6.165517241379311,Warning,False,2025-04-22
T004,3,2,2934,995,5911,178,8,16.48314606741573,Safe,False,2025-04-23
T004,5,3,2927,230,3970,132,1,22.174242424242426,Safe,False,2025-04-24
T004,1,1,1615,215,2298,122,26,13.237704918032787,Warning,False,2025-04-25
T004,2,2,858,401,1100,224,21,3.830357142857143,Warning,False,2025-04-26
T004,2,1,1511,292,4074,224,21,6.745535714285714,Warning,False,2025-04-27
T004,1,2,878,283,5623,274,27,3.204379562043796,Warning,False,2025-04-28
T004,2,3,3269,718,1848,152,6,21.50657894736842,Safe,False,2025-04-29
T004,3,3,3256,565,1625,320,11,10.175,Warning,False,2025-04-30
T004,4,1,1546,441,2447,190,25,8.136842105263158,Warning,False,2025-05-01
T004,2,2,510,744,5222,175,12,2.914285714285714,Critical,True,2025-05-02
T004,1,3,916,135,2525,35,22,26.17142857142857,Safe,False,2025-05-03
T004,4,2,1366,358,925,366,29,3.73224043715847,Warning,False,2025-05-04
T004,1,2,2126,515,5377,348,7,6.109195402298851,Warning,False,2025-05-05
T004,3,3,451,850,1637,82,2,5.5,Critical,True,2025-05-06
T004,1,3,1075,708,2949,164,21,6.554878048780488,Warning,False,2025-05-07
T004,3,3,106,805,862,80,14,1.325,Critical,True,2025-05-08
T004,2,1,1732,16,1470,31,16,55.87096774193548,Safe,False,2025-05-09
T004,4,1,3031,913,4919,82,16,36.96341463414634,Safe,False,2025-05-10
T004,5,1,1492,703,5903,277,12,5.386281588447654,Warning,False,2025-05-11
T004,4,1,725,897,4528,253,22,2.8656126482213438,Critical,True,2025-05-12
T004,5,3,401,514,5251,321,4,1.249221183800623,Critical,True,2025-05-13
T004,2,3,1903,36,1246,262,10,7.263358778625954,Warning,False,2025-05-14
T004,1,3,2283,645,4262,337,23,6.774480712166172,Warning,False,2025-05-15
T004,3,2,1721,725,840,48,25,35.854166666666664,Safe,False,2025-05-16
T004,3,3,2811,815,1064,34,24,82.67647058823529,Safe,False,2025-05-17
T004,3,3,2309,103,2445,286,5,8.073426573426573,Safe,False,2025-05-18
T004,2,3,2866,443,4768,98,29,29.244897959183675,Safe,False,2025-05-19
T004,2,3,2864,542,4677,17,27,168.47058823529412,Safe,False,2025-05-20
T004,5,3,3312,487,1145,286,24,11.58041958041958,Warning,False,2025-05-21
T004,4,1,2283,897,1211,307,25,7.436482084690554,Warning,False,2025-05-22
T004,4,1,3402,450,4851,322,18,10.565217391304348,Warning,False,2025-05-23
T004,1,3,2507,967,3921,255,21,9.831372549019608,Warning,False,2025-05-24
T004,5,2,1996,449,606,167,6,11.952095808383234,Safe,False,2025-05-25
T004,2,2,1726,742,1254,346,22,4.988439306358382,Warning,False,2025-05-26
T004,2,2,1117,161,2127,294,15,3.7993197278911564,Warning,False,2025-05-27
T004,3,2,574,707,5780,159,20,3.610062893081761,Critical,True,2025-05-28
T004,5,3,1016,659,1437,171,9,5.941520467836257,Warning,False,2025-05-29
T004,5,2,88,650,3782,232,4,0.3793103448275862,Critical,True,2025-05-30
T004,2,1,1411,624,5009,239,6,5.903765690376569,Warning,False,2025-05-31
T004,5,2,2221,413,4582,310,4,7.164516129032258,Safe,False,2025-06-01
T004,3,2,2841,465,5984,160,21,17.75625,Warning,False,2025-06-02
T004,3,2,2898,60,3197,7,7,414.0,Safe,False,2025-06-03
T004,2,2,2636,560,4650,344,2,7.662790697674419,Safe,False,2025-06-04
T004,2,1,1659,973,3452,224,26,7.40625,Warning,False,2025-06-05
T004,5,2,2750,774,2709,314,10,8.757961783439491,Warning,False,2025-06-06
T004,5,1,3084,424,1029,131,13,23.541984732824428,Safe,False,2025-06-07
T004,4,2,676,559,5093,334,24,2.0239520958083834,Warning,False,2025-06-08
T004,5,1,3317,962,2979,153,23,21.679738562091504,Warning,False,2025-06-09
T004,5,3,2286,904,4100,190,6,12.031578947368422,Safe,False,2025-06-10
T004,1,1,1736,655,3634,151,3,11.496688741721854,Safe,False,2025-06-11
T004,2,1,500,69,5435,88,26,5.681818181818182,Warning,False,2025-06-12
T004,5,2,939,986,4594,234,28,4.012820512820513,Critical,True,2025-06-13
T004,1,1,140,484,1610,352,15,0.3977272727272727,Critical,True,2025-06-14
T004,5,1,2586,455,3055,184,20,14.054347826086957,Warning,False,2025-06-15
T004,2,1,905,809,1789,52,6,17.403846153846153,Safe,False,2025-06-16
T004,4,2,3352,976,4514,228,27,14.701754385964913,Warning,False,2025-06-17
T004,3,3,1147,355,5248,6,25,191.16666666666666,Safe,False,2025-06-18
T004,2,3,1709,213,5708,187,29,9.13903743315508,Warning,False,2025-06-19
T004,2,2,2110,667,1897,235,29,8.97872340425532,Warning,False,2025-06-20
T004,1,3,1759,41,2954,64,4,27.484375,Safe,False,2025-06-21
T004,1,2,564,681,3105,65,16,8.676923076923076,Critical,True,2025-06-22
T004,1,2,2649,94,2325,245,2,10.812244897959184,Safe,False,2025-06-23
T004,4,1,2631,100,1202,15,26,175.4,Safe,False,2025-06-24
T004,1,2,960,49,3385,129,23,7.441860465116279,Warning,False,2025-06-25
T004,2,3,1983,767,5233,245,11,8.093877551020409,Warning,False,2025-06-26
T004,1,2,252,188,5696,265,8,0.9509433962264151,Warning,False,2025-06-27
T004,5,1,1884,596,1181,268,9,7.029850746268656,Warning,False,2025-06-28
T004,5,1,2739,304,2944,257,18,10.657587548638132,Warning,False,2025-06-29
T004,3,3,246,590,4281,272,26,0.9044117647058824,Critical,True,2025-06-30
T004,5,3,1415,389,2269,208,8,6.802884615384615,Warning,False,2025-07-01
T004,3,3,972,561,3237,184,20,5.282608695652174,Warning,False,2025-07-02
T004,5,1,1410,137,4405,105,8,13.428571428571429,Safe,False,2025-07-03
T004,4,2,860,217,2942,129,10,6.666666666666667,Warning,False,2025-07-04
T004,3,2,2628,23,4794,51,21,51.529411764705884,Safe,False,2025-07-05
T004,5,1,1909,173,2655,169,2,11.29585798816568,Safe,False,2025-07-06
T004,3,2,3345,496,5318,310,18,10.790322580645162,Warning,False,2025-07-07
T004,3,2,326,901,5223,304,25,1.0723684210526316,Critical,True,2025-07-08
T004,5,2,1310,405,5050,158,29,8.291139240506329,Warning,False,2025-07-09
T004,2,1,2414,369,3482,244,11,9.89344262295082,Warning,False,2025-07-10
T004,1,2,2969,341,5310,180,13,16.494444444444444,Safe,False,2025-07-11
T004,3,3,1242,832,4339,357,16,3.4789915966386555,Warning,False,2025-07-12
T004,3,1,394,430,4955,194,3,2.0309278350515463,Critical,True,2025-07-13
T004,3,1,2537,92,2332,122,1,20.795081967213115,Safe,False,2025-07-14
T004,1,2,1724,213,540,319,25,5.4043887147335425,Warning,False,2025-07-15
T004,3,3,2268,701,4690,273,22,8.307692307692308,Warning,False,2025-07-16
T004,3,1,1800,172,4591,78,6,23.076923076923077,Safe,False,2025-07-17
T004,5,2,762,964,2646,188,20,4.053191489361702,Critical,True,2025-07-18
T004,2,1,893,90,5167,129,1,6.922480620155039,Safe,False,2025-07-19
T004,4,1,2661,550,3149,39,18,68.23076923076923,Safe,False,2025-07-20
T004,4,1,109,403,2447,364,24,0.29945054945054944,Critical,True,2025-07-21
T004,1,3,3081,879,1196,263,15,11.714828897338403,Warning,False,2025-07-22
T004,4,3,1167,18,5550,350,21,3.334285714285714,Warning,False,2025-07-23
T004,2,3,2316,155,1811,329,27,7.03951367781155,Warning,False,2025-07-24
T004,4,3,2194,762,3364,348,5,6.304597701149425,Safe,False,2025-07-25
T004,2,3,337,246,2674,190,5,1.7736842105263158,Warning,False,2025-07-26
T004,2,3,588,230,4983,231,13,2.5454545454545454,Warning,False,2025-07-27
T004,5,2,3163,675,4916,322,13,9.822981366459627,Warning,False,2025-07-28
T004,4,3,1448,360,5099,175,5,8.274285714285714,Safe,False,2025-07-29
T004,3,3,2752,133,2203,262,16,10.50381679389313,Warning,False,2025-07-30
T004,1,1,2412,111,5632,100,6,24.12,Safe,False,2025-07-31
T004,3,1,2808,709,3400,139,23,20.201438848920862,Warning,False,2025-08-01
T004,4,3,616,389,4031,325,25,1.8953846153846154,Warning,False,2025-08-02
T004,4,3,2748,69,4966,283,14,9.710247349823321,Warning,False,2025-08-03
T004,3,1,2781,196,5539,368,21,7.557065217391305,Warning,False,2025-08-04
T004,5,1,1589,284,4909,304,21,5.2269736842105265,Warning,False,2025-08-05
T004,4,1,540,534,2697,205,27,2.6341463414634148,Warning,False,2025-08-06
T004,5,1,1637,907,4448,40,29,40.925,Safe,False,2025-08-07
T004,1,1,174,293,1024,352,8,0.4943181818181818,Critical,True,2025-08-08
T004,4,1,218,532,1157,146,15,1.4931506849315068,Critical,True,2025-08-09
T004,3,1,2488,973,2147,304,24,8.18421052631579,Warning,False,2025-08-10
T004,5,2,2956,967,2997,370,21,7.989189189189189,Warning,False,2025-08-11
T004,1,3,1744,794,1817,331,6,5.268882175226586,Warning,False,2025-08-12
T004,2,3,363,293,1291,307,8,1.1824104234527688,Warning,False,2025-08-13
T004,1,1,1336,646,5505,225,5,5.937777777777778,Safe,False,2025-08-14
T004,5,3,867,784,636,256,16,3.38671875,Warning,False,2025-08-15
T004,4,1,234,522,2758,178,10,1.3146067415730338,Critical,True,2025-08-16
T004,4,2,714,17,4353,144,6,4.958333333333333,Warning,False,2025-08-17
T004,2,2,1112,675,3962,12,26,92.66666666666667,Safe,False,2025-08-18
T004,5,3,1763,77,911,266,2,6.62781954887218,Safe,False,2025-08-19
T004,4,2,1266,837,3737,211,21,6.0,Warning,False,2025-08-20
T004,4,1,2869,770,919,259,1,11.077220077220078,Safe,False,2025-08-21
T004,5,2,1112,382,4238,271,2,4.1033210332103325,Safe,False,2025-08-22
T004,1,1,113,521,1472,69,20,1.6376811594202898,Critical,True,2025-08-23
T004,3,3,1280,430,2849,238,10,5.378151260504202,Warning,False,2025-08-24
T004,1,1,3318,438,4420,99,3,33.515151515151516,Safe,False,2025-08-25
T004,5,3,3475,735,3886,303,17,11.468646864686468,Warning,False,2025-08-26
T004,1,3,1422,635,3314,106,24,13.415094339622641,Warning,False,2025-08-27
T004,4,1,1812,768,1246,86,27,21.069767441860463,Warning,False,2025-08-28
T004,5,3,2922,521,1468,226,19,12.929203539823009,Warning,False,2025-08-29
T004,4,3,1314,210,3012,248,26,5.298387096774194,Warning,False,2025-08-30
T004,4,2,251,633,3817,296,27,0.847972972972973,Critical,True,2025-08-31
T004,4,2,2741,176,3441,144,11,19.03472222222222,Safe,False,2025-09-01
T004,1,1,2444,948,5566,358,17,6.826815642458101,Warning,False,2025-09-02
T004,3,1,2755,686,2435,280,18,9.839285714285714,Warning,False,2025-09-03
T004,2,3,3040,78,986,131,9,23.206106870229007,Safe,False,2025-09-04
T004,3,2,124,101,5452,168,29,0.7380952380952381,Warning,False,2025-09-05
T004,2,3,155,791,3380,354,18,0.4378531073446328,Critical,True,2025-09-06
T004,5,1,810,663,4558,298,27,2.7181208053691277,Warning,False,2025-09-07
T004,3,1,2946,947,3464,52,18,56.65384615384615,Safe,False,2025-09-08
T004,2,2,2327,338,5603,130,6,17.9,Safe,False,2025-09-09
T004,4,3,905,656,3747,367,10,2.465940054495913,Warning,False,2025-09-10
T004,5,2,3420,360,2994,102,7,33.529411764705884,Safe,False,2025-09-11
T004,3,1,2073,150,4949,224,13,9.254464285714286,Warning,False,2025-09-12
T004,1,1,3018,620,3596,83,7,36.36144578313253,Safe,False,2025-09-13
T004,5,2,2714,909,3270,301,16,9.016611295681063,Warning,False,2025-09-14
T004,4,2,2453,242,5948,134,25,18.30597014925373,Warning,False,2025-09-15
T004,4,3,2701,538,3771,222,2,12.166666666666666,Safe,False,2025-09-16
T004,4,2,2766,271,797,27,15,102.44444444444444,Safe,False,2025-09-17
T004,2,3,2752,562,1847,272,6,10.117647058823529,Safe,False,2025-09-18
T004,3,1,1717,449,3699,214,10,8.023364485981308,Warning,False,2025-09-19
T004,5,2,1644,935,4203,88,6,18.681818181818183,Safe,False,2025-09-20
T004,3,2,1989,703,4831,62,7,32.08064516129032,Safe,False,2025-09-21
T004,3,3,230,288,5644,28,12,8.214285714285714,Critical,True,2025-09-22
T004,2,3,837,367,4168,2,26,418.5,Safe,False,2025-09-23
T004,2,3,2773,545,4002,350,17,7.922857142857143,Warning,False,2025-09-24
T004,4,1,2572,261,5140,215,20,11.962790697674418,Warning,False,2025-09-25
T004,3,2,2351,900,5398,26,27,90.42307692307692,Safe,False,2025-09-26
T004,2,2,3482,942,1360,280,24,12.435714285714285,Warning,False,2025-09-27
T004,4,3,606,757,728,3,19,202.0,Critical,True,2025-09-28
T004,5,1,1210,197,5446,314,26,3.8535031847133756,Warning,False,2025-09-29
T004,2,2,1893,44,1579,129,17,14.674418604651162,Warning,False,2025-09-30
T004,2,1,1450,976,3095,260,10,5.576923076923077,Warning,False,2025-10-01
T004,5,3,602,400,855,2,11,301.0,Safe,False,2025-10-02
T004,5,3,393,354,5849,266,10,1.4774436090225564,Warning,False,2025-10-03
T004,2,1,2100,598,2903,331,10,6.3444108761329305,Warning,False,2025-10-04
T004,5,1,3415,27,5410,230,8,14.847826086956522,Safe,False,2025-10-05
T004,5,1,2232,617,591,78,27,28.615384615384617,Safe,False,2025-10-06
T004,4,1,3103,570,2610,223,24,13.914798206278027,Warning,False,2025-10-07
T004,2,1,2026,815,997,62,23,32.67741935483871,Safe,False,2025-10-08
T004,5,1,1426,10,2799,32,11,44.5625,Safe,False,2025-10-09
T004,4,3,2900,468,3138,233,12,12.446351931330472,Safe,False,2025-10-10
T004,2,1,935,635,5470,352,8,2.65625,Warning,False,2025-10-11
T004,2,1,3065,886,4647,132,28,23.21969696969697,Warning,False,2025-10-12
T004,2,2,2525,14,1402,70,1,36.07142857142857,Safe,False,2025-10-13
T004,5,3,3089,617,3227,288,23,10.725694444444445,Warning,False,2025-10-14
T004,5,3,2421,966,3040,338,1,7.162721893491124,Safe,False,2025-10-15
T004,3,3,2045,649,800,224,3,9.129464285714286,Safe,False,2025-10-16
T004,4,1,961,532,2366,221,23,4.34841628959276,Warning,False,2025-10-17
T004,3,1,3275,807,3281,298,16,10.98993288590604,Warning,False,2025-10-18
T004,4,1,3235,875,1346,156,9,20.737179487179485,Safe,False,2025-10-19
T004,1,1,393,883,1652,310,16,1.267741935483871,Critical,True,2025-10-20
T004,3,2,1910,250,3828,212,25,9.00943396226415,Warning,False,2025-10-21
T004,2,1,3091,535,2408,189,23,16.354497354497354,Warning,False,2025-10-22
T004,1,1,224,285,2617,182,20,1.2307692307692308,Critical,True,2025-10-23
T004,1,2,1525,51,5293,40,15,38.125,Safe,False,2025-10-24
T004,1,1,348,214,1810,353,3,0.9858356940509915,Warning,False,2025-10-25
T004,4,1,3163,438,3334,144,4,21.96527777777778,Safe,False,2025-10-26
T004,5,2,65,61,5214,261,2,0.24904214559386972,Warning,False,2025-10-27
T004,5,1,2694,117,516,58,11,46.44827586206897,Safe,False,2025-10-28
T004,1,1,1843,154,2411,122,5,15.10655737704918,Safe,False,2025-10-29
T004,5,1,2387,514,3909,347,1,6.878962536023055,Safe,False,2025-10-30
T004,2,3,2052,764,5823,280,25,7.328571428571428,Warning,False,2025-10-31
T004,5,1,2021,943,2557,295,19,6.850847457627118,Warning,False,2025-11-01
T004,4,1,3211,536,2429,148,7,21.695945945945947,Safe,False,2025-11-02
T004,1,1,1875,686,1600,35,24,53.57142857142857,Safe,False,2025-11-03
T004,3,3,735,124,2228,89,13,8.258426966292134,Warning,False,2025-11-04
T004,2,2,2840,142,5851,256,16,11.09375,Warning,False,2025-11-05
T004,3,2,3457,313,2448,130,27,26.592307692307692,Warning,False,2025-11-06
T004,1,1,1708,906,2282,358,24,4.770949720670391,Warning,False,2025-11-07
T004,1,2,2849,827,3393,209,25,13.631578947368421,Warning,False,2025-11-08
T004,3,1,2517,943,5451,203,17,12.399014778325123,Warning,False,2025-11-09
T004,1,3,2639,264,3502,193,19,13.67357512953368,Warning,False,2025-11-10
T004,1,2,2010,469,3181,326,14,6.1656441717791415,Warning,False,2025-11-11
T004,1,3,3142,822,3983,364,2,8.631868131868131,Safe,False,2025-11-12
T004,5,2,210,591,2399,137,23,1.532846715328467,Critical,True,2025-11-13
T004,5,3,2601,370,4749,134,4,19.41044776119403,Safe,False,2025-11-14
T004,4,3,1870,504,2060,296,27,6.3175675675675675,Warning,False,2025-11-15
T004,3,1,1130,794,4345,218,7,5.18348623853211,Warning,False,2025-11-16
T004,2,1,132,282,5654,184,8,0.717391304347826,Critical,True,2025-11-17
T004,3,2,1579,788,576,31,26,50.935483870967744,Safe,False,2025-11-18
T004,3,3,264,527,3759,127,21,2.078740157480315,Critical,True,2025-11-19
T004,4,2,2584,929,4127,183,17,14.120218579234972,Warning,False,2025-11-20
T004,5,1,500,953,1475,294,25,1.7006802721088434,Critical,True,2025-11-21
T004,2,3,379,589,1327,308,3,1.2305194805194806,Critical,True,2025-11-22
T004,2,1,610,176,3849,118,29,5.169491525423729,Warning,False,2025-11-23
T004,4,2,272,284,2048,326,11,0.8343558282208589,Critical,True,2025-11-24
T004,1,3,1590,104,3428,140,20,11.357142857142858,Warning,False,2025-11-25
T004,3,1,1016,474,1145,14,3,72.57142857142857,Safe,False,2025-11-26
T004,3,3,378,809,2160,95,25,3.9789473684210526,Critical,True,2025-11-27
T004,2,3,654,436,2827,200,1,3.27,Safe,False,2025-11-28
T004,3,2,2892,57,3363,225,7,12.853333333333333,Safe,False,2025-11-29
T004,2,1,631,287,2542,335,14,1.8835820895522388,Warning,False,2025-11-30
T004,5,3,1643,65,4346,170,7,9.66470588235294,Safe,False,2025-12-01
T004,5,2,1853,340,568,338,26,5.482248520710059,Warning,False,2025-12-02
T004,2,1,648,118,5821,173,28,3.745664739884393,Warning,False,2025-12-03
T004,4,2,2696,41,5539,286,16,9.426573426573427,Warning,False,2025-12-04
T004,3,1,1115,605,3278,207,6,5.386473429951691,Warning,False,2025-12-05
T004,2,3,2138,76,5071,166,14,12.879518072289157,Warning,False,2025-12-06
T004,4,2,3150,157,1796,293,10,10.750853242320819,Safe,False,2025-12-07
T004,5,1,1093,169,2262,4,24,273.25,Safe,False,2025-12-08
T004,3,2,1335,892,5745,148,20,9.02027027027027,Warning,False,2025-12-09
T004,3,3,756,797,1552,338,23,2.2366863905325443,Critical,True,2025-12-10
T004,5,3,1011,817,4880,186,25,5.435483870967742,Warning,False,2025-12-11
T004,1,1,3439,945,3173,319,14,10.780564263322884,Warning,False,2025-12-12
T004,2,1,2586,583,3149,367,22,7.046321525885559,Warning,False,2025-12-13
T004,4,1,1511,619,1657,349,14,4.329512893982808,Warning,False,2025-12-14
T004,4,3,2538,950,2102,246,3,10.317073170731707,Safe,False,2025-12-15
T004,1,2,1789,254,1215,319,25,5.608150470219436,Warning,False,2025-12-16
T004,4,1,3460,758,3137,211,10,16.398104265402843,Safe,False,2025-12-17
T004,4,2,919,448,3244,162,2,5.672839506172839,Safe,False,2025-12-18
T004,3,3,746,744,2577,136,27,5.485294117647059,Warning,False,2025-12-19
T004,2,2,2922,132,5045,284,14,10.288732394366198,Warning,False,2025-12-20
T004,3,1,2456,497,5937,113,21,21.734513274336283,Safe,False,2025-12-21
T004,5,1,3228,200,5084,32,1,100.875,Safe,False,2025-12-22
T004,3,1,1214,214,3726,197,26,6.16243654822335,Warning,False,2025-12-23
T004,1,3,2369,922,1499,91,29,26.032967032967033,Warning,False,2025-12-24
T004,2,3,946,90,2971,155,15,6.103225806451613,Warning,False,2025-12-25
T004,1,3,2627,520,605,39,5,67.35897435897436,Safe,False,2025-12-26
T004,2,2,2114,144,4973,126,8,16.77777777777778,Safe,False,2025-12-27
T004,2,1,3216,462,4856,19,17,169.26315789473685,Safe,False,2025-12-28
T004,2,3,1740,823,2932,24,10,72.5,Safe,False,2025-12-29
T004,4,3,1015,990,767,112,13,9.0625,Warning,False,2025-12-30
T004,3,1,1924,516,679,110,18,17.490909090909092,Warning,False,2025-12-31
T004,4,1,1455,680,1111,219,5,6.6438356164383565,Safe,False,2026-01-01
T004,4,1,1114,598,1464,361,17,3.085872576177285,Warning,False,2026-01-02
T004,3,2,2018,901,1232,160,17,12.6125,Warning,False,2026-01-03
T004,1,2,915,703,5508,67,26,13.656716417910447,Warning,False,2026-01-04
T004,2,3,112,427,5480,361,17,0.31024930747922436,Critical,True,2026-01-05
T004,1,2,1903,612,1594,69,4,27.579710144927535,Safe,False,2026-01-06
T004,1,3,773,412,3308,226,9,3.420353982300885,Warning,False,2026-01-07
T004,5,1,2792,144,2643,268,23,10.417910447761194,Warning,False,2026-01-08
T004,4,2,1292,642,1526,350,3,3.6914285714285713,Safe,False,2026-01-09
T004,2,3,125,140,5104,113,1,1.1061946902654867,Critical,True,2026-01-10
T004,3,3,1354,164,3814,362,26,3.7403314917127073,Warning,False,2026-01-11
T004,1,2,1679,248,4405,312,7,5.381410256410256,Warning,False,2026-01-12
T004,5,3,917,291,2773,134,22,6.843283582089552,Warning,False,2026-01-13
T004,5,1,2812,535,1946,206,29,13.650485436893204,Warning,False,2026-01-14
T004,1,3,1907,969,3128,59,23,32.32203389830509,Safe,False,2026-01-15
T004,1,1,2138,741,2386,6,28,356.3333333333333,Safe,False,2026-01-16
T004,5,2,1646,584,5615,9,26,182.88888888888889,Safe,False,2026-01-17
T004,4,2,2185,67,2883,144,18,15.17361111111111,Warning,False,2026-01-18
T004,5,3,2735,303,5747,152,5,17.99342105263158,Safe,False,2026-01-19
T004,5,2,1758,951,4873,332,5,5.295180722891566,Safe,False,2026-01-20
T004,5,2,1174,415,4461,236,3,4.97457627118644,Safe,False,2026-01-21
T004,4,1,742,117,5991,29,26,25.586206896551722,Warning,False,2026-01-22
T004,4,1,911,514,1626,128,12,7.1171875,Warning,False,2026-01-23
T004,4,2,883,847,4868,353,11,2.501416430594901,Warning,False,2026-01-24
T004,3,2,2946,827,2550,337,3,8.741839762611276,Safe,False,2026-01-25
T004,3,3,1181,35,1201,26,12,45.42307692307692,Safe,False,2026-01-26
T004,3,1,1255,278,5730,158,13,7.943037974683544,Warning,False,2026-01-27
T004,3,2,2096,574,2836,320,21,6.55,Warning,False,2026-01-28
T004,2,3,2169,848,731,328,10,6.612804878048781,Warning,False,2026-01-29
T004,2,1,1276,953,4273,53,27,24.07547169811321,Warning,False,2026-01-30
T004,2,3,917,775,885,99,4,9.262626262626263,Safe,False,2026-01-31
T004,1,2,1416,83,3864,319,20,4.438871473354232,Warning,False,2026-02-01
T004,2,2,1907,916,4429,285,7,6.6912280701754385,Warning,False,2026-02-02
T004,1,2,2308,594,764,69,28,33.44927536231884,Safe,False,2026-02-03
T004,5,1,1246,484,3407,346,11,3.601156069364162,Warning,False,2026-02-04
T004,2,1,222,154,1524,126,17,1.7619047619047619,Warning,False,2026-02-05
T004,4,2,1385,361,663,160,9,8.65625,Warning,False,2026-02-06
T004,3,3,2034,872,5810,212,26,9.59433962264151,Warning,False,2026-02-07
T004,1,2,2850,776,3496,193,6,14.766839378238341,Safe,False,2026-02-08
T004,5,2,698,239,2186,81,16,8.617283950617283,Warning,False,2026-02-09
T004,2,1,2935,304,4213,314,27,9.347133757961783,Warning,False,2026-02-10
T004,3,3,575,186,2385,286,6,2.0104895104895104,Warning,False,2026-02-11
T004,4,3,2533,710,2807,338,19,7.494082840236686,Warning,False,2026-02-12
